
######################################################################
# run started 2026-09-18 17:35:30
# train_primitives_vision.py --tasks reach,cube_stacking,pick_and_place,drawer_open,drawer_close,window_open,window_close,dial_turn,door_open --grad-groups 9 --task-minibatch 3 --out-prefix vision_all_balance --balance-tasks 0.99
######################################################################
======================================================================
JOINT VISION-PRIMITIVE TRAINING — robosuite
  Tasks: reach, cube_stacking, pick_and_place, drawer_open, drawer_close, window_open, window_close, dial_turn, door_open
  Batch: {'reach': 20, 'cube_stacking': 20, 'pick_and_place': 20, 'drawer_open': 20, 'drawer_close': 20, 'window_open': 20, 'window_close': 20, 'dial_turn': 20, 'door_open': 20}
  Proprio dim: 31 (shared trunk)
  Viewer: off  (multi-task run)
  Saving to vision_all_balance_*  every 50 iters
======================================================================

[1] DINOv3 backbone (shared)...
  DINOv3: 64x64 → 4x4 patches, dim=768

[2] Shared primitive policy...

  Primitive Policy:
    Projection: 768 → 256 (1 camera) → spatial softmax → 512
    Trunk: 543 → 384 → 384 (shared)
    Heads (14), 2 hidden layer(s), width by usage:
      reach          384 → 224 → 224 → 8    138,440 params
      descend        384 → 112 → 112 → 8     56,680 params
      grasp          384 → 192 → 192 → 8    112,520 params
      move           384 → 96 → 96 → 8     47,048 params
      release        384 → 80 → 80 → 8     37,928 params
      align          384 → 64 → 64 → 8     29,320 params
      insert         384 → 64 → 64 → 8     29,320 params
      pull_drawer    384 → 64 → 64 → 8     29,320 params
      push_drawer    384 → 64 → 64 → 8     29,320 params
      push_object    384 → 64 → 64 → 8     29,320 params
      slide_open     384 → 64 → 64 → 8     29,320 params
      slide_close    384 → 64 → 64 → 8     29,320 params
      turn           384 → 64 → 64 → 8     29,320 params
      swing          384 → 64 → 64 → 8     29,320 params
    Shared: 555,710   Heads: 656,496   Total trainable: 1,212,206

[3] Building task 'reach' (reach env) ...

[1] Loading MuJoCo model: /home/emre/newton_diff_RL/MJX_Franka_DiffSim/assets/robosuite_reach.xml
  ee_site: 3
  hand_body: 13
  mocap_idx: 2
  nq=9, nu=9, nsite=9
  Steps: 35, Chunks: 7, Chunk size: 5
  Feature slots: 8, frame_dt: 0.0400s

[2] Creating MJWarp GPU renderer...
Warp 1.16.0 initialized:
   CUDA Toolkit 12.9, Driver 13.0
   Devices:
     "cpu"      : "x86_64"
     "cuda:0"   : "NVIDIA GeForce RTX 5060 Laptop GPU" (8 GiB, sm_120, mempool enabled)
   Kernel cache:
     /home/emre/.cache/warp/1.16.0
Module mujoco.mjx.third_party.mujoco_warp._src.render_util 97c6606 load on device 'cuda:0' took 6.91 ms  (cached)
Module mujoco.mjx.third_party.mujoco_warp._src.io 89aaeca load on device 'cuda:0' took 9.31 ms  (cached)
Module mujoco.mjx.third_party.mujoco_warp._src.bvh f2c5137 load on device 'cuda:0' took 3.93 ms  (cached)
  Camera: robot0_eye_in_hand → cam_id: 5
  Render context: nworld=20, 64x64
Module mujoco.mjx.warp.ffi 7a22eb4 load on device 'cuda:0' took 3.16 ms  (cached)
Module mujoco.mjx.third_party.mujoco_warp._src.smooth 47158eb load on device 'cuda:0' took 9.12 ms  (cached)
Module _nxn_broadphase__locals__kernel_3e896ca5 3e896ca load on device 'cuda:0' took 2.41 ms  (cached)
Module ccd_kernel_builder__locals__ccd_kernel_ef3754c3 ef3754c load on device 'cuda:0' took 6.32 ms  (cached)
Module ccd_kernel_builder__locals__ccd_kernel_ef3754c3 231e976 load on device 'cuda:0' took 4.32 ms  (cached)
Module _primitive_narrowphase__locals__primitive_narrowphase_caf42918 caf4291 load on device 'cuda:0' took 4.01 ms  (cached)
Module mujoco.mjx.third_party.mujoco_warp._src.constraint 36c8060 load on device 'cuda:0' took 2.88 ms  (cached)
Module _friction_dof__locals__kernel_a6ed3529 a6ed352 load on device 'cuda:0' took 3.45 ms  (cached)
Module _limit_slide_hinge__locals__kernel_56cb53b3 56cb53b load on device 'cuda:0' took 2.06 ms  (cached)
Module _efc_contact_init__locals__kernel_0bd15084 0bd1508 load on device 'cuda:0' took 1.76 ms  (cached)
Module _efc_contact_jac_dense__locals__kernel_f15eda8d 1ff2125 load on device 'cuda:0' took 1.70 ms  (cached)
Module _efc_contact_update__locals__kernel_8c34abe6 8c34abe load on device 'cuda:0' took 2.06 ms  (cached)
Module mujoco.mjx.third_party.mujoco_warp._src.forward 81c85c8 load on device 'cuda:0' took 3.67 ms  (cached)
Module mujoco.mjx.third_party.mujoco_warp._src.passive efc109c load on device 'cuda:0' took 4.49 ms  (cached)
Module mujoco.mjx.third_party.mujoco_warp._src.forward fc5c4e4 load on device 'cuda:0' took 3.58 ms  (cached)
Module _qfrc_smooth__locals__kernel_b98573a2 b98573a load on device 'cuda:0' took 4.95 ms  (cached)
Module mujoco.mjx.third_party.mujoco_warp._src.support ca784c5 load on device 'cuda:0' took 1.71 ms  (cached)
Module _tile_cholesky_factorize_solve_block__locals__kernel_8d2c83d3 bb4c15e load on device 'cuda:0' took 37.89 ms  (cached)
Module mujoco.mjx.third_party.mujoco_warp._src.solver 4a1f2fb load on device 'cuda:0' took 7.53 ms  (cached)
Module _solve_init_jaref_kernel__locals__kernel_4fe4ddfc 4fe4ddf load on device 'cuda:0' took 2.07 ms  (cached)
Module mul_m_kernel__locals___mul_m_dc7994af dc7994a load on device 'cuda:0' took 2.27 ms  (cached)
Module _update_constraint_efc__locals__kernel_34351367 3435136 load on device 'cuda:0' took 1.84 ms  (cached)
Module _update_constraint_init_qfrc_constraint_dense__locals__kernel_626172ab 626172a load on device 'cuda:0' took 1.79 ms  (cached)
Module _update_gradient_zero_grad_dot__locals__kernel_d22ec30a d22ec30 load on device 'cuda:0' took 3.39 ms  (cached)
Module _update_gradient_grad__locals__kernel_30531d0a 30531d0 load on device 'cuda:0' took 1.61 ms  (cached)
Module _update_gradient_JTDAJ_dense_tiled__locals__kernel_df0dabf3 cd45c83 load on device 'cuda:0' took 2.22 ms  (cached)
Module _update_gradient_cholesky__locals__kernel_77119fd2 2ba69e6 load on device 'cuda:0' took 36.36 ms  (cached)
Module _linesearch_iterative_kernel__locals__kernel_fd8c9e1b c7b3998 load on device 'cuda:0' took 2.40 ms  (cached)
Module _update_constraint_efc__locals__kernel_8791d97d 8791d97 load on device 'cuda:0' took 2.18 ms  (cached)
Module _update_constraint_init_qfrc_constraint_dense__locals__kernel_e7e36618 e7e3661 load on device 'cuda:0' took 1.84 ms  (cached)
Module _update_gradient_zero_grad_dot__locals__kernel_e3354673 e335467 load on device 'cuda:0' took 1.43 ms  (cached)
Module _update_gradient_grad__locals__kernel_f92b7b33 f92b7b3 load on device 'cuda:0' took 1.59 ms  (cached)
Module _update_gradient_cholesky__locals__kernel_7c0b1d43 9bc7802 load on device 'cuda:0' took 35.26 ms  (cached)
Module _solve_zero_search_dot__locals__kernel_a3b7406e a3b7406 load on device 'cuda:0' took 4.61 ms  (cached)
Module _solve_search_update__locals__kernel_f542f3c2 f542f3c load on device 'cuda:0' took 5.44 ms  (cached)
Module mujoco.mjx.third_party.mujoco_warp._src.sensor de892d8 load on device 'cuda:0' took 6.43 ms  (cached)
    segments [35] → primitives ['reach']

[3] Building task 'cube_stacking' (cube_stacking env) ...

[1] Loading MuJoCo model: /home/emre/newton_diff_RL/MJX_Franka_DiffSim/assets/robosuite_stack.xml
  ee_site: 3
  hand_body: 13
  cube1: 25
  cube2: 26
  left_finger: 16
  right_finger: 18
  nq=23, nu=9, nsite=10
  Steps: 100, Chunks: 20, Chunk size: 5
  Feature slots: 21, frame_dt: 0.0400s

[2] Creating MJWarp GPU renderer...
  Camera: robot0_eye_in_hand → cam_id: 5
  Render context: nworld=20, 64x64
Module _solve_init_jaref_kernel__locals__kernel_a190cee0 a190cee load on device 'cuda:0' took 47.90 ms  (cached)
Module _update_gradient_JTDAJ_dense_tiled__locals__kernel_0a788f5b 5791943 load on device 'cuda:0' took 6.79 ms  (cached)
Module _update_gradient_cholesky__locals__kernel_2c36253a e542b74 load on device 'cuda:0' took 40.77 ms  (cached)
Module _update_gradient_cholesky__locals__kernel_fbdf5714 76985a6 load on device 'cuda:0' took 137.12 ms  (cached)
    segments [25, 20, 10, 35, 10] → primitives ['reach', 'descend', 'grasp', 'move', 'release']

[3] Building task 'pick_and_place' (pick_place env) ...

[1] Loading MuJoCo model: /home/emre/newton_diff_RL/MJX_Franka_DiffSim/assets/robosuite_pick_place_push.xml
  ee_site: 3
  hand_body: 13
  cube1: 25
  mocap_idx: 2
  left_finger: 16
  right_finger: 18
  nq=16, nu=9, nsite=10
  Steps: 90, Chunks: 18, Chunk size: 5
  Feature slots: 19, frame_dt: 0.0400s

[2] Creating MJWarp GPU renderer...
  Camera: robot0_eye_in_hand → cam_id: 5
  Render context: nworld=20, 64x64
Module _solve_init_jaref_kernel__locals__kernel_dff68271 dff6827 load on device 'cuda:0' took 7.75 ms  (cached)
Module _update_gradient_JTDAJ_dense_tiled__locals__kernel_756199cb d3e7a83 load on device 'cuda:0' took 2.26 ms  (cached)
Module _update_gradient_cholesky__locals__kernel_345434dd ff9982d load on device 'cuda:0' took 45.19 ms  (cached)
Module _update_gradient_cholesky__locals__kernel_c56f6d92 34f3426 load on device 'cuda:0' took 84.39 ms  (cached)
    segments [25, 20, 10, 35] → primitives ['reach', 'descend', 'grasp', 'move']

[3] Building task 'drawer_open' (articulated env) ...

[1] Loading MuJoCo model: /home/emre/newton_diff_RL/MJX_Franka_DiffSim/assets/robosuite_drawer.xml
  ee_site: 3
  hand_body: 13
  handle_site: 8
  joint_qpos_idx: 9
  nq=10, nu=9, nsite=9
  Steps: 80, Chunks: 16, Chunk size: 5
  Feature slots: 17, frame_dt: 0.0400s

[2] Creating MJWarp GPU renderer...
  Camera: robot0_eye_in_hand → cam_id: 5
  Render context: nworld=20, 64x64
Module _primitive_narrowphase__locals__primitive_narrowphase_e206ee3b e206ee3 load on device 'cuda:0' took 130.87 ms  (cached)
Module _equality_weld__locals__kernel_6467ae94 6467ae9 load on device 'cuda:0' took 5.51 ms  (cached)
Module _solve_init_jaref_kernel__locals__kernel_2818534b 2818534 load on device 'cuda:0' took 2.16 ms  (cached)
Module _update_gradient_JTDAJ_dense_tiled__locals__kernel_688e8ced ac20d88 load on device 'cuda:0' took 2.70 ms  (cached)
Module _update_gradient_cholesky__locals__kernel_31aec00c a48e6c9 load on device 'cuda:0' took 43.07 ms  (cached)
Module _update_gradient_cholesky__locals__kernel_3d2c3cb7 3d6531e load on device 'cuda:0' took 85.96 ms  (cached)
    segments [35, 10, 35] → primitives ['reach', 'grasp', 'pull_drawer']

[3] Building task 'drawer_close' (articulated env) ...

[1] Loading MuJoCo model: /home/emre/newton_diff_RL/MJX_Franka_DiffSim/assets/robosuite_drawer.xml
  ee_site: 3
  hand_body: 13
  handle_site: 8
  joint_qpos_idx: 9
  nq=10, nu=9, nsite=9
  Steps: 80, Chunks: 16, Chunk size: 5
  Feature slots: 17, frame_dt: 0.0400s

[2] Creating MJWarp GPU renderer...
  Camera: robot0_eye_in_hand → cam_id: 5
  Render context: nworld=20, 64x64
    segments [35, 10, 35] → primitives ['reach', 'grasp', 'push_drawer']

[3] Building task 'window_open' (articulated env) ...

[1] Loading MuJoCo model: /home/emre/newton_diff_RL/MJX_Franka_DiffSim/assets/robosuite_window.xml
  ee_site: 3
  hand_body: 13
  handle_site: 8
  joint_qpos_idx: 9
  nq=10, nu=9, nsite=9
  Steps: 80, Chunks: 16, Chunk size: 5
  Feature slots: 17, frame_dt: 0.0400s

[2] Creating MJWarp GPU renderer...
  Camera: robot0_eye_in_hand → cam_id: 5
  Render context: nworld=20, 64x64
    segments [35, 10, 35] → primitives ['reach', 'grasp', 'slide_open']

[3] Building task 'window_close' (articulated env) ...

[1] Loading MuJoCo model: /home/emre/newton_diff_RL/MJX_Franka_DiffSim/assets/robosuite_window.xml
  ee_site: 3
  hand_body: 13
  handle_site: 8
  joint_qpos_idx: 9
  nq=10, nu=9, nsite=9
  Steps: 80, Chunks: 16, Chunk size: 5
  Feature slots: 17, frame_dt: 0.0400s

[2] Creating MJWarp GPU renderer...
  Camera: robot0_eye_in_hand → cam_id: 5
  Render context: nworld=20, 64x64
    segments [35, 10, 35] → primitives ['reach', 'grasp', 'slide_close']

[3] Building task 'dial_turn' (articulated env) ...

[1] Loading MuJoCo model: /home/emre/newton_diff_RL/MJX_Franka_DiffSim/assets/robosuite_dial.xml
  ee_site: 3
  hand_body: 13
  handle_site: 8
  joint_qpos_idx: 9
  nq=10, nu=9, nsite=9
  Steps: 115, Chunks: 23, Chunk size: 5
  Feature slots: 24, frame_dt: 0.0400s

[2] Creating MJWarp GPU renderer...
  Camera: robot0_eye_in_hand → cam_id: 5
  Render context: nworld=20, 64x64
    segments [35, 20, 10, 50] → primitives ['reach', 'descend', 'grasp', 'turn']

[3] Building task 'door_open' (articulated env) ...

[1] Loading MuJoCo model: /home/emre/newton_diff_RL/MJX_Franka_DiffSim/assets/robosuite_door.xml
  ee_site: 3
  hand_body: 13
  handle_site: 8
  joint_qpos_idx: 9
  nq=10, nu=9, nsite=9
  Steps: 110, Chunks: 22, Chunk size: 5
  Feature slots: 23, frame_dt: 0.0400s

[2] Creating MJWarp GPU renderer...
  Camera: robot0_eye_in_hand → cam_id: 5
  Render context: nworld=20, 64x64
    segments [35, 10, 65] → primitives ['reach', 'grasp', 'swing']

  Gradient accumulation over 9 groups (peak group = 2,300 env-steps, total = 15,400):
      2,300  dial_turn
      2,200  door_open
      2,000  cube_stacking
      1,800  pick_and_place
      1,600  drawer_open
      1,600  drawer_close
      1,600  window_open
      1,600  window_close
        700  reach
    grads are summed across groups, then clipped and stepped once — identical to one fused backward.

  Task balancing ON (beta=0.99, floor=0.001): each task's gradient is rescaled to the mean scale before summing, so a failing task is not drowned out by a solved one. Σrew in the log is no longer the objective.

  Task minibatching: ~3 tasks per update → 3 updates per iteration (sizes [3, 3, 3], reshuffled every iteration).
    Every task is still used exactly once per iteration; only the number of optimizer steps changes.
    LR compensation: ON — each update divided by the chunks that parameter appeared in, so per-iteration step size is unchanged.

  Active primitives: reach, descend, grasp, move, release, pull_drawer, push_drawer, slide_open, slide_close, turn, swing
  Head LR: 2.0e-04

======================================================================
Training — stop when all 9 tasks hold ≥80% success for 4 consecutive logs
======================================================================
Module render__locals___render_megakernel_0c616e8d cf68ab5 load on device 'cuda:0' took 34.64 ms  (cached)
Module render__locals___render_megakernel_b55cbe04 a6579b0 load on device 'cuda:0' took 5.68 ms  (cached)
  [warmup 2 iters, 30800 samples]  std min=1.527e-02 (dim 25) max=7.116e-01

Iter    2:  Σrew=-275.764  grad=844.7(max 959 of 3)  [phase1=12.3s bptt=24.3s elapsed=1813s]
  heads (0/11 clipped)   trunk |g|=144 lim=1500 x1.00
          reach x9  |g|=     936 lim=  3000 x1.00       descend x3  |g|=     204 lim=  1500 x1.00  
          grasp x8  |g|=       2 lim=  1000 x1.00          move x2  |g|=       0 lim=  1000 x1.00  
        release x1  |g|=       0 lim=   500 x1.00   pull_drawer x1  |g|=       0 lim=  1000 x1.00  
    push_drawer x1  |g|=       0 lim=  1000 x1.00    slide_open x1  |g|=       0 lim=  1000 x1.00  
    slide_close x1  |g|=       0 lim=  1000 x1.00          turn x1  |g|=       0 lim=  1500 x1.00  
          swing x1  |g|=       0 lim=  2000 x1.00  
    reach           rew= -23.756  ph=0  success=0/20 (0%) streak=0  | Reach=0%/0.4516
    cube_stacking   rew= -36.189  ph=0  success=0/20 (0%) (partial) streak=0  | Reach=0%/0.4233  Descend=0%/0.4727  Grasp=0%/0.4727  Move=0%/0.1429  Release=100%/0.1893
    pick_and_place  rew= -39.950  ph=0  success=0/20 (0%) (partial) streak=0  | Reach=0%/0.4285  Descend=0%/0.4804  Grasp=0%/0.4804  Move=0%/0.1473
    drawer_open     rew= -31.567  ph=0  success=0/20 (0%) (partial) streak=0  | Reach=0%/0.4814  Grasp=0%/0.4872  Pull=0%/0.1528
    drawer_close    rew= -27.194  ph=0  success=0/20 (0%) (partial) streak=0  | Reach=0%/0.4345  Grasp=0%/0.4267  Push=0%/0.1504
    window_open     rew= -26.870  ph=0  success=0/20 (0%) (partial) streak=0  | Reach=0%/0.4781  Grasp=0%/0.4858  Slide=0%/0.1770
    window_close    rew= -29.829  ph=0  success=0/20 (0%) (partial) streak=0  | Reach=0%/0.5585  Grasp=0%/0.5738  Slide=0%/0.1733
    dial_turn       rew= -36.934  ph=0  success=0/20 (0%) (partial) streak=0  | Reach=0%/0.3842  Descend=0%/0.4368  Grasp=0%/0.4368  Turn=0%/1.5843
    door_open       rew= -23.475  ph=0  success=0/20 (0%) (partial) streak=0  | Reach=0%/0.4559  Grasp=0%/0.4625  Swing=0%/0.6616

Iter    5:  Σrew=-188.563  grad=585.1(max 608 of 3)  [phase1=13.0s bptt=25.0s elapsed=2314s]
  heads (0/11 clipped)   trunk |g|=113 lim=1500 x1.00
          reach x9  |g|=     564 lim=  3000 x1.00       descend x3  |g|=     204 lim=  1500 x1.00  
          grasp x8  |g|=       2 lim=  1000 x1.00          move x2  |g|=       0 lim=  1000 x1.00  
        release x1  |g|=       0 lim=   500 x1.00   pull_drawer x1  |g|=       0 lim=  1000 x1.00  
    push_drawer x1  |g|=       0 lim=  1000 x1.00    slide_open x1  |g|=       0 lim=  1000 x1.00  
    slide_close x1  |g|=       0 lim=  1000 x1.00          turn x1  |g|=       0 lim=  1500 x1.00  
          swing x1  |g|=       0 lim=  2000 x1.00  
    reach           rew= -19.676  ph=0  success=0/20 (0%) streak=0  | Reach=0%/0.3760
    cube_stacking   rew= -25.866  ph=0  success=0/20 (0%) (partial) streak=0  | Reach=0%/0.2816  Descend=0%/0.3468  Grasp=0%/0.3468  Move=5%/0.1590  Release=100%/0.2067
    pick_and_place  rew= -28.356  ph=0  success=0/20 (0%) (partial) streak=0  | Reach=0%/0.3327  Descend=0%/0.3594  Grasp=0%/0.3594  Move=0%/0.1622
    drawer_open     rew= -18.400  ph=0  success=0/20 (0%) (partial) streak=0  | Reach=0%/0.3580  Grasp=0%/0.4091  Pull=0%/0.1507
    drawer_close    rew= -13.742  ph=0  success=0/20 (0%) (partial) streak=0  | Reach=0%/0.2587  Grasp=0%/0.2930  Push=0%/0.1473
    window_open     rew= -16.704  ph=0  success=0/20 (0%) (partial) streak=0  | Reach=0%/0.3376  Grasp=0%/0.4086  Slide=0%/0.1714
    window_close    rew= -21.253  ph=0  success=0/20 (0%) (partial) streak=0  | Reach=0%/0.3985  Grasp=0%/0.4613  Slide=0%/0.1700
    dial_turn       rew= -26.934  ph=0  success=0/20 (0%) (partial) streak=0  | Reach=0%/0.2999  Descend=0%/0.3314  Grasp=0%/0.3314  Turn=0%/1.5923
    door_open       rew= -17.631  ph=0  success=0/20 (0%) (partial) streak=0  | Reach=0%/0.3140  Grasp=0%/0.3741  Swing=0%/0.6532

Iter   10:  Σrew=-94.467  grad=540.9(max 775 of 3)  [phase1=12.0s bptt=23.8s elapsed=2500s]
  heads (0/11 clipped)   trunk |g|=117 lim=1500 x1.00
          reach x9  |g|=     737 lim=  3000 x1.00       descend x3  |g|=     208 lim=  1500 x1.00  
          grasp x8  |g|=      11 lim=  1000 x1.00          move x2  |g|=       0 lim=  1000 x1.00  
        release x1  |g|=       0 lim=   500 x1.00   pull_drawer x1  |g|=       0 lim=  1000 x1.00  
    push_drawer x1  |g|=       0 lim=  1000 x1.00    slide_open x1  |g|=       0 lim=  1000 x1.00  
    slide_close x1  |g|=       0 lim=  1000 x1.00          turn x1  |g|=       0 lim=  1500 x1.00  
          swing x1  |g|=       0 lim=  2000 x1.00  
    reach           rew= -11.904  ph=0  success=0/20 (0%) streak=0  | Reach=0%/0.1845
    cube_stacking   rew= -13.844  ph=0  success=0/20 (0%) (partial) streak=0  | Reach=5%/0.1449  Descend=0%/0.1695  Grasp=0%/0.1695  Move=0%/0.1593  Release=100%/0.2072
    pick_and_place  rew= -13.868  ph=0  success=0/20 (0%) (partial) streak=0  | Reach=0%/0.1867  Descend=0%/0.1939  Grasp=0%/0.1939  Move=0%/0.1505
    drawer_open     rew=  -9.688  ph=0  success=0/20 (0%) (partial) streak=0  | Reach=0%/0.1707  Grasp=0%/0.2419  Pull=0%/0.1491
    drawer_close    rew=  -6.366  ph=0  success=0/20 (0%) (partial) streak=0  | Reach=5%/0.1017  Grasp=0%/0.1068  Push=0%/0.1352
    window_open     rew=  -9.459  ph=0  success=0/20 (0%) (partial) streak=0  | Reach=0%/0.2709  Grasp=0%/0.3493  Slide=0%/0.1766
    window_close    rew= -14.819  ph=0  success=0/20 (0%) (partial) streak=0  | Reach=0%/0.3032  Grasp=0%/0.4038  Slide=0%/0.1784
    dial_turn       rew=  -8.049  ph=0  success=0/20 (0%) (partial) streak=0  | Reach=0%/0.1793  Descend=0%/0.1693  Grasp=0%/0.1693  Turn=0%/1.5412
    door_open       rew=  -6.470  ph=0  success=0/20 (0%) (partial) streak=0  | Reach=0%/0.1617  Grasp=0%/0.2352  Swing=0%/0.6384

Iter   15:  Σrew=-58.291  grad=1169.4(max 2100 of 3)  [phase1=12.1s bptt=23.8s elapsed=2699s]
  heads (0/11 clipped)   trunk |g|=255 lim=1500 x1.00
          reach x9  |g|=    2084 lim=  3000 x1.00       descend x3  |g|=     231 lim=  1500 x1.00  
          grasp x8  |g|=       8 lim=  1000 x1.00          move x2  |g|=       0 lim=  1000 x1.00  
        release x1  |g|=       0 lim=   500 x1.00   pull_drawer x1  |g|=       0 lim=  1000 x1.00  
    push_drawer x1  |g|=       0 lim=  1000 x1.00    slide_open x1  |g|=       0 lim=  1000 x1.00  
    slide_close x1  |g|=       0 lim=  1000 x1.00          turn x1  |g|=       0 lim=  1500 x1.00  
          swing x1  |g|=       0 lim=  2000 x1.00  
    reach           rew=  -7.321  ph=0  success=0/20 (0%) streak=0  | Reach=0%/0.1543
    cube_stacking   rew=  -9.214  ph=0  success=0/20 (0%) (partial) streak=0  | Reach=5%/0.1198  Descend=5%/0.1116  Grasp=5%/0.1116  Move=5%/0.1588  Release=100%/0.2062
    pick_and_place  rew=  -7.818  ph=0  success=0/20 (0%) (partial) streak=0  | Reach=0%/0.1498  Descend=5%/0.1030  Grasp=5%/0.1030  Move=0%/0.1480
    drawer_open     rew=  -4.973  ph=0  success=0/20 (0%) (partial) streak=0  | Reach=0%/0.1416  Grasp=0%/0.1351  Pull=0%/0.1480
    drawer_close    rew=  -3.287  ph=0  success=4/20 (20%) (partial) streak=0  | Reach=5%/0.1068  Grasp=0%/0.1133  Push=20%/0.0901
    window_open     rew=  -5.473  ph=0  success=2/20 (10%) (partial) streak=0  | Reach=5%/0.1757  Grasp=0%/0.2324  Slide=10%/0.1546
    window_close    rew=  -9.790  ph=0  success=0/20 (0%) (partial) streak=0  | Reach=0%/0.1894  Grasp=0%/0.2657  Slide=0%/0.1722
    dial_turn       rew=  -4.663  ph=0  success=1/20 (5%) (partial) streak=0  | Reach=0%/0.1683  Descend=10%/0.0978  Grasp=10%/0.0978  Turn=5%/1.4373
    door_open       rew=  -5.750  ph=0  success=0/20 (0%) (partial) streak=0  | Reach=10%/0.1375  Grasp=0%/0.1777  Swing=0%/0.5662

Iter   20:  Σrew=-40.478  grad=1796.0(max 2106 of 3)  [phase1=11.8s bptt=23.8s elapsed=2884s]
  heads (0/11 clipped)   trunk |g|=243 lim=1500 x1.00
          reach x9  |g|=    2075 lim=  3000 x1.00       descend x3  |g|=     262 lim=  1500 x1.00  
          grasp x8  |g|=       9 lim=  1000 x1.00          move x2  |g|=       0 lim=  1000 x1.00  
        release x1  |g|=       0 lim=   500 x1.00   pull_drawer x1  |g|=       0 lim=  1000 x1.00  
    push_drawer x1  |g|=       0 lim=  1000 x1.00    slide_open x1  |g|=       0 lim=  1000 x1.00  
    slide_close x1  |g|=       0 lim=  1000 x1.00          turn x1  |g|=       0 lim=  1500 x1.00  
          swing x1  |g|=       0 lim=  2000 x1.00  
    reach           rew=  -5.098  ph=0  success=1/20 (5%) streak=0  | Reach=5%/0.1204
    cube_stacking   rew=  -5.492  ph=0  success=0/20 (0%) (partial) streak=0  | Reach=25%/0.0905  Descend=10%/0.0779  Grasp=10%/0.0779  Move=0%/0.1577  Release=100%/0.2055
    pick_and_place  rew=  -5.033  ph=0  success=0/20 (0%) (partial) streak=0  | Reach=10%/0.1153  Descend=20%/0.0859  Grasp=20%/0.0859  Move=0%/0.1517
    drawer_open     rew=  -4.498  ph=0  success=0/20 (0%) (partial) streak=0  | Reach=5%/0.1018  Grasp=0%/0.1026  Pull=0%/0.1502
    drawer_close    rew=  -3.520  ph=0  success=1/20 (5%) (partial) streak=0  | Reach=0%/0.0990  Grasp=0%/0.0984  Push=5%/0.1095
    window_open     rew=  -2.785  ph=0  success=2/20 (10%) (partial) streak=0  | Reach=0%/0.1507  Grasp=0%/0.2067  Slide=10%/0.1357
    window_close    rew=  -6.665  ph=0  success=0/20 (0%) (partial) streak=0  | Reach=0%/0.1469  Grasp=0%/0.2160  Slide=0%/0.1679
    dial_turn       rew=  -4.373  ph=0  success=0/20 (0%) (partial) streak=0  | Reach=0%/0.1871  Descend=5%/0.1085  Grasp=5%/0.1085  Turn=0%/1.5568
    door_open       rew=  -3.014  ph=0  success=0/20 (0%) (partial) streak=0  | Reach=0%/0.1361  Grasp=0%/0.1424  Swing=0%/0.5824

Iter   25:  Σrew=-28.951  grad=1420.5(max 1812 of 3)  [phase1=13.8s bptt=24.2s elapsed=3083s]
  heads (0/11 clipped)   trunk |g|=212 lim=1500 x1.00
          reach x9  |g|=    1800 lim=  3000 x1.00       descend x3  |g|=     702 lim=  1500 x1.00  
          grasp x8  |g|=      22 lim=  1000 x1.00          move x2  |g|=       0 lim=  1000 x1.00  
        release x1  |g|=       0 lim=   500 x1.00   pull_drawer x1  |g|=       0 lim=  1000 x1.00  
    push_drawer x1  |g|=       0 lim=  1000 x1.00    slide_open x1  |g|=       0 lim=  1000 x1.00  
    slide_close x1  |g|=       0 lim=  1000 x1.00          turn x1  |g|=       0 lim=  1500 x1.00  
          swing x1  |g|=       0 lim=  2000 x1.00  
    reach           rew=  -4.097  ph=0  success=0/20 (0%) streak=0  | Reach=0%/0.1216
    cube_stacking   rew=  -4.611  ph=0  success=0/20 (0%) (partial) streak=0  | Reach=15%/0.0970  Descend=10%/0.1044  Grasp=10%/0.1044  Move=0%/0.1547  Release=100%/0.2023
    pick_and_place  rew=  -3.717  ph=0  success=0/20 (0%) (partial) streak=0  | Reach=15%/0.1057  Descend=30%/0.0729  Grasp=30%/0.0729  Move=0%/0.1531
    drawer_open     rew=  -2.793  ph=0  success=0/20 (0%) (partial) streak=0  | Reach=10%/0.0876  Grasp=0%/0.0991  Pull=0%/0.1409
    drawer_close    rew=  -0.986  ph=0  success=6/20 (30%) (partial) streak=0  | Reach=5%/0.1003  Grasp=5%/0.1122  Push=30%/0.0911
    window_open     rew=  -3.393  ph=0  success=3/20 (15%) (partial) streak=0  | Reach=0%/0.1448  Grasp=0%/0.2121  Slide=15%/0.1174
    window_close    rew=  -6.538  ph=0  success=0/20 (0%) (partial) streak=0  | Reach=0%/0.1646  Grasp=0%/0.2287  Slide=0%/0.1726
    dial_turn       rew=   0.236  ph=0  success=0/20 (0%) (partial) streak=0  | Reach=0%/0.1519  Descend=0%/0.0728  Grasp=0%/0.0728  Turn=0%/1.4804
    door_open       rew=  -3.053  ph=0  success=1/20 (5%) (partial) streak=0  | Reach=0%/0.1242  Grasp=5%/0.1415  Swing=5%/0.5155

Iter   30:  Σrew=-26.683  grad=1274.1(max 1711 of 3)  [phase1=12.1s bptt=23.9s elapsed=3270s]
  heads (0/11 clipped)   trunk |g|=198 lim=1500 x1.00
          reach x9  |g|=    1700 lim=  3000 x1.00       descend x3  |g|=     772 lim=  1500 x1.00  
          grasp x8  |g|=      29 lim=  1000 x1.00          move x2  |g|=       0 lim=  1000 x1.00  
        release x1  |g|=       0 lim=   500 x1.00   pull_drawer x1  |g|=       0 lim=  1000 x1.00  
    push_drawer x1  |g|=       0 lim=  1000 x1.00    slide_open x1  |g|=       0 lim=  1000 x1.00  
    slide_close x1  |g|=       0 lim=  1000 x1.00          turn x1  |g|=       0 lim=  1500 x1.00  
          swing x1  |g|=       0 lim=  2000 x1.00  
    reach           rew=  -3.849  ph=0  success=0/20 (0%) streak=0  | Reach=0%/0.1233
    cube_stacking   rew=  -3.691  ph=0  success=0/20 (0%) (partial) streak=0  | Reach=15%/0.0838  Descend=15%/0.0624  Grasp=15%/0.0624  Move=0%/0.1472  Release=100%/0.1934
    pick_and_place  rew=  -5.193  ph=0  success=0/20 (0%) (partial) streak=0  | Reach=10%/0.1241  Descend=15%/0.0963  Grasp=15%/0.0963  Move=0%/0.1646
    drawer_open     rew=  -2.738  ph=0  success=0/20 (0%) (partial) streak=0  | Reach=0%/0.1108  Grasp=0%/0.1023  Pull=0%/0.1487
    drawer_close    rew=  -0.073  ph=0  success=5/20 (25%) (partial) streak=0  | Reach=0%/0.1027  Grasp=10%/0.0891  Push=25%/0.0797
    window_open     rew=  -1.949  ph=0  success=1/20 (5%) (partial) streak=0  | Reach=0%/0.1349  Grasp=0%/0.2163  Slide=5%/0.1605
    window_close    rew=  -5.633  ph=0  success=0/20 (0%) (partial) streak=0  | Reach=0%/0.1108  Grasp=0%/0.1874  Slide=0%/0.1691
    dial_turn       rew=  -0.714  ph=0  success=1/20 (5%) (partial) streak=0  | Reach=0%/0.1337  Descend=20%/0.0927  Grasp=20%/0.0927  Turn=5%/1.4429
    door_open       rew=  -2.842  ph=0  success=1/20 (5%) (partial) streak=0  | Reach=5%/0.1615  Grasp=5%/0.1333  Swing=5%/0.5937

Iter   35:  Σrew=-11.345  grad=1905.5(max 3361 of 3)  [phase1=12.0s bptt=23.9s elapsed=3465s]
  heads (1/11 clipped)   trunk |g|=554 lim=1500 x1.00
        descend x3  |g|=    2860 lim=  1500 x0.52         reach x9  |g|=    1676 lim=  3000 x1.00  
          grasp x8  |g|=      33 lim=  1000 x1.00          move x2  |g|=       0 lim=  1000 x1.00  
        release x1  |g|=       0 lim=   500 x1.00   pull_drawer x1  |g|=       0 lim=  1000 x1.00  
    push_drawer x1  |g|=       0 lim=  1000 x1.00    slide_open x1  |g|=       0 lim=  1000 x1.00  
    slide_close x1  |g|=       0 lim=  1000 x1.00          turn x1  |g|=       0 lim=  1500 x1.00  
          swing x1  |g|=       0 lim=  2000 x1.00  
    reach           rew=  -4.985  ph=0  success=0/20 (0%) streak=0  | Reach=0%/0.1073
    cube_stacking   rew=  -0.983  ph=0  success=0/20 (0%) (partial) streak=0  | Reach=30%/0.0793  Descend=15%/0.0565  Grasp=15%/0.0565  Move=5%/0.1648  Release=100%/0.2129
    pick_and_place  rew=  -2.446  ph=0  success=0/20 (0%) (partial) streak=0  | Reach=20%/0.0826  Descend=35%/0.0676  Grasp=35%/0.0676  Move=0%/0.1491
    drawer_open     rew=  -0.835  ph=0  success=0/20 (0%) (partial) streak=0  | Reach=0%/0.0780  Grasp=20%/0.0844  Pull=0%/0.1579
    drawer_close    rew=   0.531  ph=0  success=9/20 (45%) (partial) streak=0  | Reach=5%/0.0741  Grasp=5%/0.1004  Push=45%/0.0390
    window_open     rew=   0.291  ph=0  success=0/20 (0%) (partial) streak=0  | Reach=5%/0.0966  Grasp=10%/0.0958  Slide=0%/0.1567
    window_close    rew=  -4.265  ph=0  success=1/20 (5%) (partial) streak=0  | Reach=5%/0.1053  Grasp=0%/0.1363  Slide=5%/0.1622
    dial_turn       rew=   2.632  ph=0  success=0/20 (0%) (partial) streak=0  | Reach=0%/0.1422  Descend=20%/0.0627  Grasp=20%/0.0627  Turn=0%/1.4169
    door_open       rew=  -1.285  ph=0  success=0/20 (0%) (partial) streak=0  | Reach=0%/0.1097  Grasp=0%/0.1381  Swing=0%/0.5999

Iter   40:  Σrew=-7.819  grad=1523.9(max 2385 of 3)  [phase1=12.4s bptt=24.3s elapsed=3651s]
  heads (0/11 clipped)   trunk |g|=284 lim=1500 x1.00
          reach x9  |g|=    2354 lim=  3000 x1.00       descend x3  |g|=     262 lim=  1500 x1.00  
          grasp x8  |g|=     175 lim=  1000 x1.00          move x2  |g|=       0 lim=  1000 x1.00  
        release x1  |g|=       0 lim=   500 x1.00   pull_drawer x1  |g|=       0 lim=  1000 x1.00  
    push_drawer x1  |g|=       0 lim=  1000 x1.00    slide_open x1  |g|=       0 lim=  1000 x1.00  
    slide_close x1  |g|=       0 lim=  1000 x1.00          turn x1  |g|=       0 lim=  1500 x1.00  
          swing x1  |g|=       0 lim=  2000 x1.00  
    reach           rew=  -3.531  ph=0  success=0/20 (0%) streak=0  | Reach=0%/0.1049
    cube_stacking   rew=  -3.334  ph=0  success=0/20 (0%) (partial) streak=0  | Reach=30%/0.0805  Descend=5%/0.0781  Grasp=5%/0.0781  Move=0%/0.1585  Release=100%/0.2063
    pick_and_place  rew=  -1.611  ph=0  success=0/20 (0%) (partial) streak=0  | Reach=10%/0.0833  Descend=25%/0.0718  Grasp=25%/0.0718  Move=0%/0.1491
    drawer_open     rew=  -1.118  ph=0  success=0/20 (0%) (partial) streak=0  | Reach=15%/0.0655  Grasp=10%/0.0754  Pull=0%/0.1495
    drawer_close    rew=   2.369  ph=0  success=5/20 (25%) (partial) streak=0  | Reach=5%/0.0882  Grasp=5%/0.1000  Push=25%/0.0645
    window_open     rew=   0.611  ph=0  success=1/20 (5%) (partial) streak=0  | Reach=15%/0.0834  Grasp=10%/0.0827  Slide=5%/0.1567
    window_close    rew=   0.071  ph=0  success=1/20 (5%) (partial) streak=0  | Reach=20%/0.0731  Grasp=15%/0.0790  Slide=5%/0.1642
    dial_turn       rew=  -1.610  ph=0  success=0/20 (0%) (partial) streak=0  | Reach=5%/0.0960  Descend=0%/0.1481  Grasp=0%/0.1481  Turn=0%/1.4757
    door_open       rew=   0.335  ph=0  success=0/20 (0%) (partial) streak=0  | Reach=10%/0.1130  Grasp=5%/0.1058  Swing=0%/0.6055

Iter   45:  Σrew=-8.885  grad=4982.6(max 9440 of 3)  [phase1=12.1s bptt=24.0s elapsed=3846s]
  heads (1/11 clipped)   trunk |g|=1253 lim=1500 x1.00
          reach x9  |g|=    9354 lim=  3000 x0.32       descend x3  |g|=     418 lim=  1500 x1.00  
          grasp x8  |g|=      78 lim=  1000 x1.00          move x2  |g|=       0 lim=  1000 x1.00  
        release x1  |g|=       0 lim=   500 x1.00   pull_drawer x1  |g|=       0 lim=  1000 x1.00  
    push_drawer x1  |g|=       0 lim=  1000 x1.00    slide_open x1  |g|=       0 lim=  1000 x1.00  
    slide_close x1  |g|=       0 lim=  1000 x1.00          turn x1  |g|=       0 lim=  1500 x1.00  
          swing x1  |g|=       0 lim=  2000 x1.00  
    reach           rew=  -5.746  ph=0  success=0/20 (0%) streak=0  | Reach=0%/0.1043
    cube_stacking   rew=  -0.174  ph=0  success=0/20 (0%) (partial) streak=0  | Reach=35%/0.0644  Descend=40%/0.0473  Grasp=40%/0.0473  Move=5%/0.1533  Release=100%/0.1998
    pick_and_place  rew=  -1.345  ph=0  success=0/20 (0%) (partial) streak=0  | Reach=10%/0.0681  Descend=35%/0.0540  Grasp=35%/0.0540  Move=0%/0.1668
    drawer_open     rew=   0.568  ph=0  success=0/20 (0%) (partial) streak=0  | Reach=0%/0.0610  Grasp=10%/0.0641  Pull=0%/0.1503
    drawer_close    rew=   3.591  ph=0  success=9/20 (45%) (partial) streak=0  | Reach=10%/0.0729  Grasp=10%/0.0829  Push=45%/0.0541
    window_open     rew=   2.711  ph=0  success=1/20 (5%) (partial) streak=0  | Reach=10%/0.0939  Grasp=10%/0.0894  Slide=5%/0.1603
    window_close    rew=  -4.846  ph=0  success=0/20 (0%) (partial) streak=0  | Reach=5%/0.1040  Grasp=0%/0.0782  Slide=0%/0.1870
    dial_turn       rew=  -0.852  ph=0  success=0/20 (0%) (partial) streak=0  | Reach=5%/0.0846  Descend=20%/0.0616  Grasp=20%/0.0616  Turn=0%/1.5584
    door_open       rew=  -2.793  ph=0  success=0/20 (0%) (partial) streak=0  | Reach=0%/0.1194  Grasp=0%/0.1370  Swing=0%/0.6096

Iter   50:  Σrew=6.371  grad=1832.5(max 2256 of 3)  [phase1=21.7s bptt=23.9s elapsed=4041s]
  heads (0/11 clipped)   trunk |g|=266 lim=1500 x1.00
          reach x9  |g|=    2242 lim=  3000 x1.00       descend x3  |g|=     691 lim=  1500 x1.00  
          grasp x8  |g|=     120 lim=  1000 x1.00          move x2  |g|=       0 lim=  1000 x1.00  
        release x1  |g|=       0 lim=   500 x1.00   pull_drawer x1  |g|=       0 lim=  1000 x1.00  
    push_drawer x1  |g|=       0 lim=  1000 x1.00    slide_open x1  |g|=       0 lim=  1000 x1.00  
    slide_close x1  |g|=       0 lim=  1000 x1.00          turn x1  |g|=       0 lim=  1500 x1.00  
          swing x1  |g|=       0 lim=  2000 x1.00  
    reach           rew=  -3.215  ph=0  success=0/20 (0%) streak=0  | Reach=0%/0.0960
    cube_stacking   rew=  -1.522  ph=0  success=0/20 (0%) (partial) streak=0  | Reach=30%/0.0819  Descend=25%/0.0617  Grasp=25%/0.0617  Move=5%/0.1641  Release=100%/0.2120
    pick_and_place  rew=  -2.725  ph=0  success=0/20 (0%) (partial) streak=0  | Reach=10%/0.0676  Descend=35%/0.0493  Grasp=35%/0.0493  Move=0%/0.1641
    drawer_open     rew=   1.146  ph=0  success=0/20 (0%) (partial) streak=0  | Reach=5%/0.0671  Grasp=10%/0.0611  Pull=0%/0.1473
    drawer_close    rew=   5.588  ph=0  success=9/20 (45%) (partial) streak=0  | Reach=15%/0.0703  Grasp=40%/0.0546  Push=45%/0.0452
    window_open     rew=   2.578  ph=0  success=2/20 (10%) (partial) streak=0  | Reach=10%/0.0907  Grasp=0%/0.1109  Slide=10%/0.1434
    window_close    rew=  -0.744  ph=0  success=0/20 (0%) (partial) streak=0  | Reach=15%/0.0689  Grasp=5%/0.0907  Slide=0%/0.1740
    dial_turn       rew=   3.659  ph=0  success=0/20 (0%) (partial) streak=0  | Reach=0%/0.0893  Descend=30%/0.0491  Grasp=30%/0.0491  Turn=0%/1.3094
    door_open       rew=   1.606  ph=0  success=0/20 (0%) (partial) streak=0  | Reach=25%/0.0732  Grasp=5%/0.0774  Swing=0%/0.6526
  ✓ saved vision_all_balance_{params,obs_rms,opt}.pkl + _{learning,gradients}.png at iter 50

Iter   55:  Σrew=1.589  grad=2813.5(max 5127 of 3)  [phase1=12.0s bptt=23.8s elapsed=4234s]
  heads (1/11 clipped)   trunk |g|=892 lim=1500 x1.00
          reach x9  |g|=    5025 lim=  3000 x0.60       descend x3  |g|=     489 lim=  1500 x1.00  
          grasp x8  |g|=     144 lim=  1000 x1.00          move x2  |g|=       0 lim=  1000 x1.00  
        release x1  |g|=       0 lim=   500 x1.00   pull_drawer x1  |g|=       0 lim=  1000 x1.00  
    push_drawer x1  |g|=       0 lim=  1000 x1.00    slide_open x1  |g|=       0 lim=  1000 x1.00  
    slide_close x1  |g|=       0 lim=  1000 x1.00          turn x1  |g|=       0 lim=  1500 x1.00  
          swing x1  |g|=       0 lim=  2000 x1.00  
    reach           rew=  -4.656  ph=0  success=0/20 (0%) streak=0  | Reach=0%/0.0963
    cube_stacking   rew=  -3.167  ph=0  success=0/20 (0%) (partial) streak=0  | Reach=25%/0.1168  Descend=20%/0.0671  Grasp=20%/0.0671  Move=5%/0.1571  Release=100%/0.2042
    pick_and_place  rew=  -5.560  ph=0  success=0/20 (0%) (partial) streak=0  | Reach=5%/0.1018  Descend=10%/0.0842  Grasp=10%/0.0842  Move=0%/0.1649
    drawer_open     rew=   4.154  ph=0  success=0/20 (0%) (partial) streak=0  | Reach=20%/0.0699  Grasp=5%/0.0782  Pull=0%/0.1539
    drawer_close    rew=   0.942  ph=0  success=4/20 (20%) (partial) streak=0  | Reach=0%/0.0926  Grasp=5%/0.0987  Push=20%/0.0679
    window_open     rew=   1.134  ph=0  success=0/20 (0%) (partial) streak=0  | Reach=5%/0.1244  Grasp=0%/0.1592  Slide=0%/0.1686
    window_close    rew=   4.478  ph=0  success=1/20 (5%) (partial) streak=0  | Reach=10%/0.0673  Grasp=5%/0.0863  Slide=5%/0.1589
    dial_turn       rew=   2.859  ph=0  success=0/20 (0%) (partial) streak=0  | Reach=0%/0.0903  Descend=20%/0.0587  Grasp=20%/0.0587  Turn=0%/1.4981
    door_open       rew=   1.404  ph=0  success=0/20 (0%) (partial) streak=0  | Reach=5%/0.1032  Grasp=0%/0.1253  Swing=0%/0.5792

Iter   60:  Σrew=10.495  grad=2072.9(max 2488 of 3)  [phase1=22.3s bptt=23.9s elapsed=4433s]
  heads (0/11 clipped)   trunk |g|=332 lim=1500 x1.00
          reach x9  |g|=    2454 lim=  3000 x1.00       descend x3  |g|=     282 lim=  1500 x1.00  
          grasp x8  |g|=     262 lim=  1000 x1.00          move x2  |g|=       0 lim=  1000 x1.00  
        release x1  |g|=       0 lim=   500 x1.00   pull_drawer x1  |g|=       0 lim=  1000 x1.00  
    push_drawer x1  |g|=       0 lim=  1000 x1.00    slide_open x1  |g|=       0 lim=  1000 x1.00  
    slide_close x1  |g|=       0 lim=  1000 x1.00          turn x1  |g|=       0 lim=  1500 x1.00  
          swing x1  |g|=       0 lim=  2000 x1.00  
    reach           rew=  -2.860  ph=0  success=0/20 (0%) streak=0  | Reach=0%/0.0950
    cube_stacking   rew=   0.028  ph=0  success=0/20 (0%) (partial) streak=0  | Reach=35%/0.0849  Descend=15%/0.0690  Grasp=15%/0.0690  Move=0%/0.1695  Release=100%/0.2180
    pick_and_place  rew=  -1.065  ph=0  success=0/20 (0%) (partial) streak=0  | Reach=25%/0.0714  Descend=5%/0.0785  Grasp=5%/0.0785  Move=0%/0.1471
    drawer_open     rew=   1.986  ph=0  success=0/20 (0%) (partial) streak=0  | Reach=5%/0.0520  Grasp=10%/0.0540  Pull=0%/0.1442
    drawer_close    rew=   3.565  ph=0  success=4/20 (20%) (partial) streak=0  | Reach=0%/0.0737  Grasp=0%/0.0749  Push=20%/0.0821
    window_open     rew=   0.825  ph=0  success=2/20 (10%) (partial) streak=0  | Reach=5%/0.1272  Grasp=0%/0.1308  Slide=10%/0.1267
    window_close    rew=   3.722  ph=0  success=4/20 (20%) (partial) streak=0  | Reach=10%/0.0735  Grasp=10%/0.0847  Slide=20%/0.1471
    dial_turn       rew=   1.530  ph=0  success=0/20 (0%) (partial) streak=0  | Reach=10%/0.0928  Descend=10%/0.0907  Grasp=10%/0.0907  Turn=0%/1.3671
    door_open       rew=   2.765  ph=0  success=0/20 (0%) (partial) streak=0  | Reach=5%/0.0851  Grasp=0%/0.1056  Swing=0%/0.5849

Iter   65:  Σrew=23.563  grad=2677.5(max 4089 of 3)  [phase1=12.1s bptt=23.8s elapsed=4619s]
  heads (1/11 clipped)   trunk |g|=478 lim=1500 x1.00
          reach x9  |g|=    4058 lim=  3000 x0.74       descend x3  |g|=     438 lim=  1500 x1.00  
          grasp x8  |g|=     187 lim=  1000 x1.00          move x2  |g|=       0 lim=  1000 x1.00  
        release x1  |g|=       0 lim=   500 x1.00   pull_drawer x1  |g|=       0 lim=  1000 x1.00  
    push_drawer x1  |g|=       0 lim=  1000 x1.00    slide_open x1  |g|=       0 lim=  1000 x1.00  
    slide_close x1  |g|=       0 lim=  1000 x1.00          turn x1  |g|=       0 lim=  1500 x1.00  
          swing x1  |g|=       0 lim=  2000 x1.00  
    reach           rew=  -3.848  ph=0  success=0/20 (0%) streak=0  | Reach=0%/0.1047
    cube_stacking   rew=  -0.630  ph=0  success=0/20 (0%) (partial) streak=0  | Reach=50%/0.0676  Descend=15%/0.0557  Grasp=15%/0.0557  Move=0%/0.1603  Release=100%/0.2075
    pick_and_place  rew=  -0.530  ph=0  success=0/20 (0%) (partial) streak=0  | Reach=20%/0.0578  Descend=30%/0.0520  Grasp=30%/0.0520  Move=0%/0.1605
    drawer_open     rew=   3.357  ph=0  success=0/20 (0%) (partial) streak=0  | Reach=10%/0.0592  Grasp=30%/0.0422  Pull=0%/0.1499
    drawer_close    rew=   6.757  ph=0  success=7/20 (35%) (partial) streak=0  | Reach=30%/0.0561  Grasp=20%/0.0572  Push=35%/0.0443
    window_open     rew=   8.286  ph=0  success=0/20 (0%) (partial) streak=0  | Reach=30%/0.0617  Grasp=25%/0.0603  Slide=0%/0.1769
    window_close    rew=   3.762  ph=0  success=0/20 (0%) (partial) streak=0  | Reach=15%/0.0552  Grasp=30%/0.0542  Slide=0%/0.1757
    dial_turn       rew=   2.136  ph=0  success=0/20 (0%) (partial) streak=0  | Reach=10%/0.0662  Descend=15%/0.0620  Grasp=15%/0.0620  Turn=0%/1.6880
    door_open       rew=   4.273  ph=0  success=0/20 (0%) (partial) streak=0  | Reach=0%/0.0791  Grasp=0%/0.0955  Swing=0%/0.5906

Iter   70:  Σrew=22.882  grad=3066.0(max 3585 of 3)  [phase1=12.0s bptt=23.8s elapsed=4813s]
  heads (1/11 clipped)   trunk |g|=675 lim=1500 x1.00
        descend x3  |g|=    2997 lim=  1500 x0.50         reach x9  |g|=    2949 lim=  3000 x1.00  
          grasp x8  |g|=     217 lim=  1000 x1.00          move x2  |g|=       0 lim=  1000 x1.00  
        release x1  |g|=       0 lim=   500 x1.00   pull_drawer x1  |g|=       0 lim=  1000 x1.00  
    push_drawer x1  |g|=       0 lim=  1000 x1.00    slide_open x1  |g|=       0 lim=  1000 x1.00  
    slide_close x1  |g|=       0 lim=  1000 x1.00          turn x1  |g|=       0 lim=  1500 x1.00  
          swing x1  |g|=       0 lim=  2000 x1.00  
    reach           rew=  -2.535  ph=0  success=1/20 (5%) streak=0  | Reach=5%/0.0864
    cube_stacking   rew=  -1.818  ph=0  success=0/20 (0%) (partial) streak=0  | Reach=20%/0.1004  Descend=10%/0.0836  Grasp=10%/0.0836  Move=0%/0.1675  Release=100%/0.2160
    pick_and_place  rew=  -1.872  ph=0  success=0/20 (0%) (partial) streak=0  | Reach=5%/0.0653  Descend=5%/0.0755  Grasp=5%/0.0755  Move=0%/0.1490
    drawer_open     rew=   4.066  ph=0  success=0/20 (0%) (partial) streak=0  | Reach=20%/0.0645  Grasp=20%/0.0538  Pull=0%/0.1485
    drawer_close    rew=   6.030  ph=0  success=13/20 (65%) (partial) streak=0  | Reach=20%/0.0578  Grasp=10%/0.0570  Push=65%/0.0203
    window_open     rew=   5.402  ph=0  success=1/20 (5%) (partial) streak=0  | Reach=15%/0.1021  Grasp=15%/0.1090  Slide=5%/0.1679
    window_close    rew=   6.825  ph=0  success=0/20 (0%) (partial) streak=0  | Reach=5%/0.0776  Grasp=5%/0.0716  Slide=0%/0.1887
    dial_turn       rew=   3.515  ph=0  success=0/20 (0%) (partial) streak=0  | Reach=15%/0.0600  Descend=25%/0.0568  Grasp=25%/0.0568  Turn=0%/1.6175
    door_open       rew=   3.269  ph=0  success=0/20 (0%) (partial) streak=0  | Reach=10%/0.0974  Grasp=20%/0.1021  Swing=0%/0.6273

Iter   75:  Σrew=32.111  grad=1415.6(max 2238 of 3)  [phase1=12.0s bptt=23.9s elapsed=4998s]
  heads (0/11 clipped)   trunk |g|=320 lim=1500 x1.00
          reach x9  |g|=    2187 lim=  3000 x1.00       descend x3  |g|=     422 lim=  1500 x1.00  
          grasp x8  |g|=     277 lim=  1000 x1.00          move x2  |g|=       0 lim=  1000 x1.00  
        release x1  |g|=       0 lim=   500 x1.00   pull_drawer x1  |g|=       0 lim=  1000 x1.00  
    push_drawer x1  |g|=       0 lim=  1000 x1.00    slide_open x1  |g|=       0 lim=  1000 x1.00  
    slide_close x1  |g|=       0 lim=  1000 x1.00          turn x1  |g|=       0 lim=  1500 x1.00  
          swing x1  |g|=       0 lim=  2000 x1.00  
    reach           rew=  -2.159  ph=0  success=1/20 (5%) streak=0  | Reach=5%/0.0899
    cube_stacking   rew=   0.283  ph=0  success=0/20 (0%) (partial) streak=0  | Reach=50%/0.0656  Descend=40%/0.0419  Grasp=40%/0.0419  Move=0%/0.1581  Release=100%/0.2060
    pick_and_place  rew=  -1.614  ph=0  success=0/20 (0%) (partial) streak=0  | Reach=15%/0.0661  Descend=45%/0.0552  Grasp=45%/0.0552  Move=0%/0.1603
    drawer_open     rew=   5.888  ph=0  success=0/20 (0%) (partial) streak=0  | Reach=15%/0.0465  Grasp=30%/0.0397  Pull=0%/0.1569
    drawer_close    rew=   9.780  ph=0  success=13/20 (65%) (partial) streak=0  | Reach=0%/0.0548  Grasp=20%/0.0603  Push=65%/0.0240
    window_open     rew=   6.764  ph=0  success=3/20 (15%) (partial) streak=0  | Reach=0%/0.0640  Grasp=20%/0.0720  Slide=15%/0.1473
    window_close    rew=   4.565  ph=0  success=0/20 (0%) (partial) streak=0  | Reach=30%/0.0645  Grasp=55%/0.0534  Slide=0%/0.1778
    dial_turn       rew=   5.586  ph=0  success=0/20 (0%) (partial) streak=0  | Reach=15%/0.0558  Descend=15%/0.0482  Grasp=15%/0.0482  Turn=0%/1.1888
    door_open       rew=   3.018  ph=0  success=0/20 (0%) (partial) streak=0  | Reach=25%/0.0789  Grasp=15%/0.0921  Swing=0%/0.6571

Iter   80:  Σrew=39.981  grad=2876.2(max 4029 of 3)  [phase1=12.2s bptt=23.9s elapsed=5192s]
  heads (2/11 clipped)   trunk |g|=567 lim=1500 x1.00
          reach x9  |g|=    3985 lim=  3000 x0.75       descend x3  |g|=    2836 lim=  1500 x0.53  
          grasp x8  |g|=     200 lim=  1000 x1.00          move x2  |g|=       0 lim=  1000 x1.00  
        release x1  |g|=       0 lim=   500 x1.00   pull_drawer x1  |g|=       0 lim=  1000 x1.00  
    push_drawer x1  |g|=       0 lim=  1000 x1.00    slide_open x1  |g|=       0 lim=  1000 x1.00  
    slide_close x1  |g|=       0 lim=  1000 x1.00          turn x1  |g|=       0 lim=  1500 x1.00  
          swing x1  |g|=       0 lim=  2000 x1.00  
    reach           rew=  -2.926  ph=0  success=0/20 (0%) streak=0  | Reach=0%/0.0772
    cube_stacking   rew=   0.025  ph=0  success=0/20 (0%) (partial) streak=0  | Reach=50%/0.0621  Descend=45%/0.0410  Grasp=45%/0.0410  Move=0%/0.1592  Release=100%/0.2069
    ──→ cube_stacking: phase 1, active=55
    pick_and_place  rew=  -0.943  ph=0  success=0/20 (0%) (partial) streak=0  | Reach=15%/0.0701  Descend=45%/0.0489  Grasp=45%/0.0489  Move=0%/0.1560
    drawer_open     rew=   6.650  ph=0  success=0/20 (0%) (partial) streak=0  | Reach=35%/0.0476  Grasp=30%/0.0414  Pull=0%/0.1554
    drawer_close    rew=  10.534  ph=0  success=12/20 (60%) (partial) streak=0  | Reach=0%/0.0625  Grasp=0%/0.0561  Push=60%/0.0279
    window_open     rew=   5.848  ph=0  success=0/20 (0%) (partial) streak=0  | Reach=15%/0.0779  Grasp=35%/0.0688  Slide=0%/0.1726
    window_close    rew=   9.338  ph=0  success=0/20 (0%) (partial) streak=0  | Reach=20%/0.0546  Grasp=20%/0.0455  Slide=0%/0.1805
    dial_turn       rew=   6.930  ph=0  success=0/20 (0%) (partial) streak=0  | Reach=0%/0.0896  Descend=5%/0.0598  Grasp=5%/0.0598  Turn=0%/1.2047
    door_open       rew=   4.524  ph=0  success=0/20 (0%) (partial) streak=0  | Reach=10%/0.0908  Grasp=0%/0.1049  Swing=0%/0.5925

Iter   85:  Σrew=51.929  grad=1603.6(max 2337 of 3)  [phase1=12.3s bptt=24.5s elapsed=5382s]
  heads (0/11 clipped)   trunk |g|=381 lim=1500 x1.00
          reach x9  |g|=    2296 lim=  3000 x1.00       descend x3  |g|=     820 lim=  1500 x1.00  
          grasp x8  |g|=     285 lim=  1000 x1.00          move x2  |g|=       0 lim=  1000 x1.00  
        release x1  |g|=       0 lim=   500 x1.00   pull_drawer x1  |g|=       0 lim=  1000 x1.00  
    push_drawer x1  |g|=       0 lim=  1000 x1.00    slide_open x1  |g|=       0 lim=  1000 x1.00  
    slide_close x1  |g|=       0 lim=  1000 x1.00          turn x1  |g|=       0 lim=  1500 x1.00  
          swing x1  |g|=       0 lim=  2000 x1.00  
    reach           rew=  -1.075  ph=0  success=0/20 (0%) streak=0  | Reach=0%/0.0756
    cube_stacking   rew=   8.403  ph=1  success=0/20 (0%) (partial) streak=0  | Reach=45%/0.0741  Descend=40%/0.0415  Grasp=30%/0.0736  Move=15%/0.1581  Release=100%/0.2019
    pick_and_place  rew=  -0.973  ph=0  success=0/20 (0%) (partial) streak=0  | Reach=15%/0.0671  Descend=40%/0.0482  Grasp=40%/0.0482  Move=0%/0.1586
    drawer_open     rew=   8.041  ph=0  success=0/20 (0%) (partial) streak=0  | Reach=0%/0.0733  Grasp=0%/0.0626  Pull=0%/0.1532
    drawer_close    rew=  10.475  ph=0  success=13/20 (65%) (partial) streak=0  | Reach=40%/0.0508  Grasp=35%/0.0506  Push=65%/0.0200
    window_open     rew=   3.715  ph=0  success=0/20 (0%) (partial) streak=0  | Reach=15%/0.0952  Grasp=35%/0.0979  Slide=0%/0.1839
    window_close    rew=   8.059  ph=0  success=0/20 (0%) (partial) streak=0  | Reach=20%/0.0569  Grasp=40%/0.0444  Slide=0%/0.1435
    dial_turn       rew=   7.317  ph=0  success=0/20 (0%) (partial) streak=0  | Reach=10%/0.0659  Descend=5%/0.0618  Grasp=5%/0.0618  Turn=0%/1.6110
    door_open       rew=   7.967  ph=0  success=0/20 (0%) (partial) streak=0  | Reach=20%/0.0603  Grasp=20%/0.0613  Swing=0%/0.6683

Iter   90:  Σrew=55.785  grad=1424.8(max 1703 of 3)  [phase1=12.1s bptt=24.4s elapsed=5582s]
  heads (0/11 clipped)   trunk |g|=411 lim=1500 x1.00
          reach x9  |g|=    1539 lim=  3000 x1.00         grasp x8  |g|=     571 lim=  1000 x1.00  
        descend x3  |g|=     384 lim=  1500 x1.00          move x2  |g|=       0 lim=  1000 x1.00  
        release x1  |g|=       0 lim=   500 x1.00   pull_drawer x1  |g|=       0 lim=  1000 x1.00  
    push_drawer x1  |g|=       0 lim=  1000 x1.00    slide_open x1  |g|=       0 lim=  1000 x1.00  
    slide_close x1  |g|=       0 lim=  1000 x1.00          turn x1  |g|=       0 lim=  1500 x1.00  
          swing x1  |g|=       0 lim=  2000 x1.00  
    reach           rew=  -2.711  ph=0  success=2/20 (10%) streak=0  | Reach=10%/0.0679
    cube_stacking   rew=   6.185  ph=1  success=0/20 (0%) (partial) streak=0  | Reach=75%/0.0466  Descend=70%/0.0359  Grasp=40%/0.0441  Move=15%/0.1424  Release=100%/0.1865
    pick_and_place  rew=   0.535  ph=0  success=0/20 (0%) (partial) streak=0  | Reach=35%/0.0639  Descend=55%/0.0406  Grasp=55%/0.0406  Move=0%/0.1669
    drawer_open     rew=   9.016  ph=0  success=0/20 (0%) (partial) streak=0  | Reach=40%/0.0368  Grasp=35%/0.0361  Pull=0%/0.1534
    drawer_close    rew=  10.238  ph=0  success=8/20 (40%) (partial) streak=0  | Reach=35%/0.0423  Grasp=35%/0.0414  Push=40%/0.0422
    window_open     rew=   9.281  ph=0  success=1/20 (5%) (partial) streak=0  | Reach=25%/0.0458  Grasp=20%/0.0473  Slide=5%/0.1708
    window_close    rew=   7.616  ph=0  success=0/20 (0%) (partial) streak=0  | Reach=45%/0.0514  Grasp=15%/0.0618  Slide=0%/0.1696
    dial_turn       rew=  11.028  ph=0  success=0/20 (0%) (partial) streak=0  | Reach=45%/0.0400  Descend=60%/0.0321  Grasp=60%/0.0321  Turn=0%/1.3981
    door_open       rew=   4.598  ph=0  success=0/20 (0%) (partial) streak=0  | Reach=25%/0.0728  Grasp=15%/0.0835  Swing=0%/0.6181

Iter   95:  Σrew=51.555  grad=3118.6(max 3541 of 3)  [phase1=12.3s bptt=24.5s elapsed=5771s]
  heads (1/11 clipped)   trunk |g|=522 lim=1500 x1.00
          reach x9  |g|=    3486 lim=  3000 x0.86       descend x3  |g|=     663 lim=  1500 x1.00  
          grasp x8  |g|=     428 lim=  1000 x1.00          move x2  |g|=       0 lim=  1000 x1.00  
        release x1  |g|=       0 lim=   500 x1.00   pull_drawer x1  |g|=       0 lim=  1000 x1.00  
    push_drawer x1  |g|=       0 lim=  1000 x1.00    slide_open x1  |g|=       0 lim=  1000 x1.00  
    slide_close x1  |g|=       0 lim=  1000 x1.00          turn x1  |g|=       0 lim=  1500 x1.00  
          swing x1  |g|=       0 lim=  2000 x1.00  
    reach           rew=  -0.540  ph=0  success=0/20 (0%) streak=0  | Reach=0%/0.0609
    cube_stacking   rew=   2.142  ph=1  success=0/20 (0%) (partial) streak=0  | Reach=30%/0.0681  Descend=25%/0.0536  Grasp=15%/0.0559  Move=0%/0.1643  Release=100%/0.2118
    pick_and_place  rew=   1.062  ph=0  success=0/20 (0%) (partial) streak=0  | Reach=25%/0.0582  Descend=40%/0.0472  Grasp=40%/0.0472  Move=0%/0.1677
    drawer_open     rew=  10.372  ph=0  success=0/20 (0%) (partial) streak=0  | Reach=0%/0.0622  Grasp=5%/0.0589  Pull=0%/0.1503
    drawer_close    rew=   5.946  ph=0  success=4/20 (20%) (partial) streak=0  | Reach=45%/0.0432  Grasp=50%/0.0400  Push=20%/0.0631
    window_open     rew=   6.471  ph=0  success=0/20 (0%) (partial) streak=0  | Reach=20%/0.0585  Grasp=5%/0.0893  Slide=0%/0.1731
    window_close    rew=  10.050  ph=0  success=1/20 (5%) (partial) streak=0  | Reach=0%/0.0707  Grasp=0%/0.0866  Slide=5%/0.1582
    dial_turn       rew=   7.171  ph=0  success=0/20 (0%) (partial) streak=0  | Reach=25%/0.0442  Descend=55%/0.0304  Grasp=55%/0.0304  Turn=0%/1.7220
    door_open       rew=   8.881  ph=0  success=0/20 (0%) (partial) streak=0  | Reach=15%/0.0617  Grasp=20%/0.0611  Swing=0%/0.6032

Iter  100:  Σrew=75.010  grad=1686.9(max 2578 of 3)  [phase1=12.4s bptt=24.4s elapsed=5970s]
  heads (0/11 clipped)   trunk |g|=380 lim=1500 x1.00
          reach x9  |g|=    2502 lim=  3000 x1.00         grasp x8  |g|=     549 lim=  1000 x1.00  
        descend x3  |g|=     429 lim=  1500 x1.00          move x2  |g|=       0 lim=  1000 x1.00  
        release x1  |g|=       0 lim=   500 x1.00   pull_drawer x1  |g|=       0 lim=  1000 x1.00  
    push_drawer x1  |g|=       0 lim=  1000 x1.00    slide_open x1  |g|=       0 lim=  1000 x1.00  
    slide_close x1  |g|=       0 lim=  1000 x1.00          turn x1  |g|=       0 lim=  1500 x1.00  
          swing x1  |g|=       0 lim=  2000 x1.00  
    reach           rew=  -1.615  ph=0  success=2/20 (10%) streak=0  | Reach=10%/0.0788
    cube_stacking   rew=  10.913  ph=1  success=0/20 (0%) (partial) streak=0  | Reach=50%/0.0581  Descend=60%/0.0338  Grasp=55%/0.0356  Move=5%/0.1572  Release=100%/0.1999
    pick_and_place  rew=   3.740  ph=0  success=0/20 (0%) (partial) streak=0  | Reach=30%/0.0620  Descend=80%/0.0302  Grasp=80%/0.0302  Move=0%/0.1529
    drawer_open     rew=  10.873  ph=0  success=0/20 (0%) (partial) streak=0  | Reach=15%/0.0504  Grasp=15%/0.0456  Pull=0%/0.1408
    drawer_close    rew=  10.485  ph=0  success=4/20 (20%) (partial) streak=0  | Reach=30%/0.0439  Grasp=30%/0.0468  Push=20%/0.0549
    window_open     rew=  10.371  ph=0  success=0/20 (0%) (partial) streak=0  | Reach=20%/0.0488  Grasp=35%/0.0367  Slide=0%/0.1822
    window_close    rew=   8.713  ph=0  success=1/20 (5%) (partial) streak=0  | Reach=10%/0.0614  Grasp=45%/0.0461  Slide=5%/0.1527
    dial_turn       rew=  11.415  ph=0  success=0/20 (0%) (partial) streak=0  | Reach=30%/0.0498  Descend=55%/0.0299  Grasp=55%/0.0299  Turn=0%/1.4536
    door_open       rew=  10.114  ph=0  success=1/20 (5%) (partial) streak=0  | Reach=15%/0.0634  Grasp=15%/0.0710  Swing=5%/0.5831
  ✓ saved vision_all_balance_{params,obs_rms,opt}.pkl + _{learning,gradients}.png at iter 100

Iter  105:  Σrew=72.051  grad=2326.6(max 3027 of 3)  [phase1=12.0s bptt=24.5s elapsed=6169s]
  heads (0/11 clipped)   trunk |g|=413 lim=1500 x1.00
          reach x9  |g|=    2902 lim=  3000 x1.00       descend x3  |g|=     727 lim=  1500 x1.00  
          grasp x8  |g|=     221 lim=  1000 x1.00          move x2  |g|=       0 lim=  1000 x1.00  
        release x1  |g|=       0 lim=   500 x1.00   pull_drawer x1  |g|=       0 lim=  1000 x1.00  
    push_drawer x1  |g|=       0 lim=  1000 x1.00    slide_open x1  |g|=       0 lim=  1000 x1.00  
    slide_close x1  |g|=       0 lim=  1000 x1.00          turn x1  |g|=       0 lim=  1500 x1.00  
          swing x1  |g|=       0 lim=  2000 x1.00  
    reach           rew=  -1.722  ph=0  success=1/20 (5%) streak=0  | Reach=5%/0.0806
    cube_stacking   rew=   6.074  ph=1  success=0/20 (0%) (partial) streak=0  | Reach=60%/0.0587  Descend=75%/0.0318  Grasp=45%/0.0483  Move=0%/0.1997  Release=100%/0.2483
    ──→ cube_stacking: phase 2, active=90
    pick_and_place  rew=   1.676  ph=0  success=0/20 (0%) (partial) streak=0  | Reach=20%/0.0676  Descend=15%/0.0655  Grasp=15%/0.0655  Move=0%/0.1552
    drawer_open     rew=  11.782  ph=0  success=0/20 (0%) (partial) streak=0  | Reach=50%/0.0358  Grasp=60%/0.0297  Pull=0%/0.1498
    drawer_close    rew=  13.250  ph=0  success=10/20 (50%) (partial) streak=0  | Reach=40%/0.0409  Grasp=40%/0.0387  Push=50%/0.0374
    window_open     rew=  12.609  ph=0  success=0/20 (0%) (partial) streak=0  | Reach=20%/0.0569  Grasp=10%/0.0594  Slide=0%/0.1692
    window_close    rew=   9.375  ph=0  success=0/20 (0%) (partial) streak=0  | Reach=10%/0.0620  Grasp=0%/0.0670  Slide=0%/0.1622
    dial_turn       rew=  11.510  ph=0  success=0/20 (0%) (partial) streak=0  | Reach=25%/0.0437  Descend=35%/0.0379  Grasp=35%/0.0379  Turn=0%/1.7626
    door_open       rew=   7.497  ph=0  success=0/20 (0%) (partial) streak=0  | Reach=15%/0.0625  Grasp=20%/0.0574  Swing=0%/0.6573

Iter  110:  Σrew=94.410  grad=2308.1(max 3175 of 3)  [phase1=24.5s bptt=26.8s elapsed=6387s]
  heads (1/11 clipped)   trunk |g|=512 lim=1500 x1.00
          reach x9  |g|=    3094 lim=  3000 x0.97       descend x3  |g|=     890 lim=  1500 x1.00  
          grasp x8  |g|=     498 lim=  1000 x1.00          move x2  |g|=     250 lim=  1000 x1.00  
        release x1  |g|=       0 lim=   500 x1.00   pull_drawer x1  |g|=       0 lim=  1000 x1.00  
    push_drawer x1  |g|=       0 lim=  1000 x1.00    slide_open x1  |g|=       0 lim=  1000 x1.00  
    slide_close x1  |g|=       0 lim=  1000 x1.00          turn x1  |g|=       0 lim=  1500 x1.00  
          swing x1  |g|=       0 lim=  2000 x1.00  
    reach           rew=   1.227  ph=0  success=0/20 (0%) streak=0  | Reach=0%/0.0626
    cube_stacking   rew=  21.423  ph=2  success=0/20 (0%) (partial) streak=0  | Reach=60%/0.0530  Descend=75%/0.0274  Grasp=65%/0.0320  Move=5%/0.2236  Release=100%/0.2966
    pick_and_place  rew=   4.776  ph=0  success=0/20 (0%) (partial) streak=0  | Reach=30%/0.0617  Descend=85%/0.0242  Grasp=85%/0.0242  Move=0%/0.1436
    drawer_open     rew=  14.262  ph=0  success=0/20 (0%) (partial) streak=0  | Reach=5%/0.0444  Grasp=35%/0.0380  Pull=0%/0.1548
    drawer_close    rew=  14.770  ph=0  success=13/20 (65%) (partial) streak=0  | Reach=5%/0.0662  Grasp=5%/0.0572  Push=65%/0.0314
    window_open     rew=  12.180  ph=0  success=3/20 (15%) (partial) streak=0  | Reach=15%/0.0547  Grasp=45%/0.0480  Slide=15%/0.1355
    window_close    rew=   7.293  ph=0  success=0/20 (0%) (partial) streak=0  | Reach=30%/0.0527  Grasp=35%/0.0447  Slide=0%/0.1773
    dial_turn       rew=  11.889  ph=0  success=0/20 (0%) (partial) streak=0  | Reach=25%/0.0430  Descend=40%/0.0411  Grasp=40%/0.0411  Turn=0%/1.6472
    door_open       rew=   6.590  ph=0  success=1/20 (5%) (partial) streak=0  | Reach=30%/0.0599  Grasp=20%/0.0653  Swing=5%/0.6101

Iter  115:  Σrew=80.786  grad=7895.8(max 13996 of 3)  [phase1=13.5s bptt=26.5s elapsed=6593s]
  heads (2/11 clipped)   trunk |g|=4230 lim=1500 x0.35
           move x2  |g|=   13299 lim=  1000 x0.08         reach x9  |g|=    6138 lim=  3000 x0.49  
        descend x3  |g|=    1154 lim=  1500 x1.00         grasp x8  |g|=     490 lim=  1000 x1.00  
        release x1  |g|=       0 lim=   500 x1.00   pull_drawer x1  |g|=       0 lim=  1000 x1.00  
    push_drawer x1  |g|=       0 lim=  1000 x1.00    slide_open x1  |g|=       0 lim=  1000 x1.00  
    slide_close x1  |g|=       0 lim=  1000 x1.00          turn x1  |g|=       0 lim=  1500 x1.00  
          swing x1  |g|=       0 lim=  2000 x1.00  
    reach           rew=  -1.799  ph=0  success=0/20 (0%) streak=0  | Reach=0%/0.0779
    cube_stacking   rew=  24.661  ph=2  success=0/20 (0%) (partial) streak=0  | Reach=60%/0.0548  Descend=65%/0.0341  Grasp=35%/0.0486  Move=0%/0.1587  Release=100%/0.2096
    pick_and_place  rew=   2.660  ph=0  success=0/20 (0%) (partial) streak=0  | Reach=50%/0.0435  Descend=80%/0.0273  Grasp=80%/0.0273  Move=0%/0.1359
    drawer_open     rew=   8.746  ph=0  success=0/20 (0%) (partial) streak=0  | Reach=60%/0.0296  Grasp=55%/0.0311  Pull=0%/0.1504
    drawer_close    rew=   6.383  ph=0  success=8/20 (40%) (partial) streak=0  | Reach=15%/0.0555  Grasp=10%/0.0562  Push=40%/0.0618
    window_open     rew=  12.473  ph=0  success=2/20 (10%) (partial) streak=0  | Reach=55%/0.0374  Grasp=45%/0.0353  Slide=10%/0.1482
    window_close    rew=   9.111  ph=0  success=1/20 (5%) (partial) streak=0  | Reach=25%/0.0584  Grasp=20%/0.0594  Slide=5%/0.1737
    dial_turn       rew=   8.092  ph=0  success=0/20 (0%) (partial) streak=0  | Reach=35%/0.0376  Descend=45%/0.0432  Grasp=45%/0.0432  Turn=0%/1.3913
    door_open       rew=  10.459  ph=0  success=0/20 (0%) (partial) streak=0  | Reach=30%/0.0413  Grasp=25%/0.0491  Swing=0%/0.6231

Iter  120:  Σrew=79.293  grad=5143.5(max 8512 of 3)  [phase1=13.4s bptt=26.7s elapsed=6809s]
  heads (2/11 clipped)   trunk |g|=1439 lim=1500 x1.00
           move x2  |g|=    7555 lim=  1000 x0.13         reach x9  |g|=    4130 lim=  3000 x0.73  
        descend x3  |g|=     615 lim=  1500 x1.00         grasp x8  |g|=     205 lim=  1000 x1.00  
        release x1  |g|=       0 lim=   500 x1.00   pull_drawer x1  |g|=       0 lim=  1000 x1.00  
    push_drawer x1  |g|=       0 lim=  1000 x1.00    slide_open x1  |g|=       0 lim=  1000 x1.00  
    slide_close x1  |g|=       0 lim=  1000 x1.00          turn x1  |g|=       0 lim=  1500 x1.00  
          swing x1  |g|=       0 lim=  2000 x1.00  
    reach           rew=   0.576  ph=0  success=0/20 (0%) streak=0  | Reach=0%/0.0587
    cube_stacking   rew=  26.832  ph=2  success=0/20 (0%) (partial) streak=0  | Reach=45%/0.0646  Descend=50%/0.0430  Grasp=55%/0.0452  Move=15%/0.1893  Release=100%/0.2533
    pick_and_place  rew=   1.932  ph=0  success=0/20 (0%) (partial) streak=0  | Reach=20%/0.0641  Descend=50%/0.0387  Grasp=50%/0.0387  Move=0%/0.1565
    drawer_open     rew=   7.376  ph=0  success=0/20 (0%) (partial) streak=0  | Reach=50%/0.0404  Grasp=60%/0.0332  Pull=0%/0.1523
    ──→ drawer_open: phase 1, active=80
    drawer_close    rew=   2.235  ph=0  success=1/20 (5%) (partial) streak=0  | Reach=10%/0.0574  Grasp=10%/0.0635  Push=5%/0.1135
    window_open     rew=  11.545  ph=0  success=7/20 (35%) (partial) streak=0  | Reach=15%/0.0906  Grasp=20%/0.0963  Slide=35%/0.0984
    window_close    rew=  12.350  ph=0  success=0/20 (0%) (partial) streak=0  | Reach=30%/0.0451  Grasp=50%/0.0390  Slide=0%/0.1558
    dial_turn       rew=   6.392  ph=0  success=0/20 (0%) (partial) streak=0  | Reach=25%/0.0613  Descend=20%/0.0461  Grasp=20%/0.0461  Turn=0%/1.4726
    door_open       rew=  10.056  ph=0  success=0/20 (0%) (partial) streak=0  | Reach=25%/0.0526  Grasp=10%/0.0577  Swing=0%/0.6229

Iter  125:  Σrew=130.178  grad=3768.5(max 5618 of 3)  [phase1=13.7s bptt=28.5s elapsed=7028s]
  heads (2/11 clipped)   trunk |g|=908 lim=1500 x1.00
          reach x9  |g|=    5493 lim=  3000 x0.55   pull_drawer x1  |g|=    1762 lim=  1000 x0.57  
        descend x3  |g|=    1346 lim=  1500 x1.00          move x2  |g|=     368 lim=  1000 x1.00  
          grasp x8  |g|=     257 lim=  1000 x1.00       release x1  |g|=       0 lim=   500 x1.00  
    push_drawer x1  |g|=       0 lim=  1000 x1.00    slide_open x1  |g|=       0 lim=  1000 x1.00  
    slide_close x1  |g|=       0 lim=  1000 x1.00          turn x1  |g|=       0 lim=  1500 x1.00  
          swing x1  |g|=       0 lim=  2000 x1.00  
    reach           rew=  -0.737  ph=0  success=0/20 (0%) streak=0  | Reach=0%/0.0655
    cube_stacking   rew=  22.664  ph=2  success=0/20 (0%) (partial) streak=0  | Reach=35%/0.0722  Descend=25%/0.0501  Grasp=45%/0.0449  Move=15%/0.1694  Release=100%/0.2153
    pick_and_place  rew=   4.133  ph=0  success=0/20 (0%) (partial) streak=0  | Reach=20%/0.0577  Descend=85%/0.0219  Grasp=85%/0.0219  Move=0%/0.1423
    drawer_open     rew=  58.499  ph=1  success=13/20 (65%) streak=0  | Reach=25%/0.0448  Grasp=30%/0.0378  Pull=65%/0.0565
    drawer_close    rew=   4.892  ph=0  success=4/20 (20%) (partial) streak=0  | Reach=0%/0.0847  Grasp=0%/0.0753  Push=20%/0.0766
    window_open     rew=   7.073  ph=0  success=1/20 (5%) (partial) streak=0  | Reach=15%/0.0891  Grasp=45%/0.0841  Slide=5%/0.1731
    window_close    rew=  10.865  ph=0  success=6/20 (30%) (partial) streak=0  | Reach=45%/0.0588  Grasp=35%/0.0593  Slide=30%/0.1036
    dial_turn       rew=  14.113  ph=0  success=0/20 (0%) (partial) streak=0  | Reach=0%/0.0594  Descend=35%/0.0371  Grasp=35%/0.0371  Turn=0%/1.6803
    door_open       rew=   8.676  ph=0  success=0/20 (0%) (partial) streak=0  | Reach=15%/0.0628  Grasp=10%/0.0704  Swing=0%/0.6345

Iter  130:  Σrew=149.374  grad=3310.0(max 4546 of 3)  [phase1=14.0s bptt=28.5s elapsed=7256s]
  heads (2/11 clipped)   trunk |g|=761 lim=1500 x1.00
          reach x9  |g|=    3982 lim=  3000 x0.75   pull_drawer x1  |g|=    1689 lim=  1000 x0.59  
        descend x3  |g|=    1112 lim=  1500 x1.00          move x2  |g|=     458 lim=  1000 x1.00  
          grasp x8  |g|=     372 lim=  1000 x1.00       release x1  |g|=       0 lim=   500 x1.00  
    push_drawer x1  |g|=       0 lim=  1000 x1.00    slide_open x1  |g|=       0 lim=  1000 x1.00  
    slide_close x1  |g|=       0 lim=  1000 x1.00          turn x1  |g|=       0 lim=  1500 x1.00  
          swing x1  |g|=       0 lim=  2000 x1.00  
    reach           rew=   0.900  ph=0  success=1/20 (5%) streak=0  | Reach=5%/0.0623
    cube_stacking   rew=  24.977  ph=2  success=0/20 (0%) (partial) streak=0  | Reach=50%/0.0622  Descend=25%/0.0542  Grasp=40%/0.0431  Move=15%/0.1596  Release=100%/0.2056
    pick_and_place  rew=   8.031  ph=0  success=0/20 (0%) (partial) streak=0  | Reach=45%/0.0476  Descend=75%/0.0288  Grasp=75%/0.0288  Move=0%/0.1544
    drawer_open     rew=  52.101  ph=1  success=10/20 (50%) streak=0  | Reach=50%/0.0376  Grasp=90%/0.0202  Pull=50%/0.0660
    drawer_close    rew=  13.532  ph=0  success=10/20 (50%) (partial) streak=0  | Reach=40%/0.0488  Grasp=45%/0.0421  Push=50%/0.0502
    window_open     rew=  14.491  ph=0  success=2/20 (10%) (partial) streak=0  | Reach=30%/0.0454  Grasp=60%/0.0473  Slide=10%/0.1494
    window_close    rew=  12.679  ph=0  success=3/20 (15%) (partial) streak=0  | Reach=5%/0.0755  Grasp=10%/0.0752  Slide=15%/0.1486
    dial_turn       rew=  16.280  ph=0  success=0/20 (0%) (partial) streak=0  | Reach=40%/0.0363  Descend=10%/0.0509  Grasp=10%/0.0509  Turn=0%/1.6324
    door_open       rew=   6.384  ph=0  success=0/20 (0%) (partial) streak=0  | Reach=5%/0.0935  Grasp=5%/0.0789  Swing=0%/0.6126

Iter  135:  Σrew=158.366  grad=3562.0(max 5744 of 3)  [phase1=14.2s bptt=28.6s elapsed=7477s]
  heads (2/11 clipped)   trunk |g|=851 lim=1500 x1.00
          reach x9  |g|=    5676 lim=  3000 x0.53       descend x3  |g|=    1729 lim=  1500 x0.87  
          grasp x8  |g|=     510 lim=  1000 x1.00   pull_drawer x1  |g|=     430 lim=  1000 x1.00  
           move x2  |g|=     294 lim=  1000 x1.00       release x1  |g|=       0 lim=   500 x1.00  
    push_drawer x1  |g|=       0 lim=  1000 x1.00    slide_open x1  |g|=       0 lim=  1000 x1.00  
    slide_close x1  |g|=       0 lim=  1000 x1.00          turn x1  |g|=       0 lim=  1500 x1.00  
          swing x1  |g|=       0 lim=  2000 x1.00  
    reach           rew=   0.921  ph=0  success=4/20 (20%) streak=0  | Reach=20%/0.0539
    cube_stacking   rew=  29.454  ph=2  success=4/20 (20%) (partial) streak=0  | Reach=60%/0.0544  Descend=70%/0.0283  Grasp=60%/0.0327  Move=55%/0.1091  Release=100%/0.1411
    pick_and_place  rew=   6.072  ph=0  success=0/20 (0%) (partial) streak=0  | Reach=40%/0.0478  Descend=80%/0.0228  Grasp=80%/0.0228  Move=0%/0.1740
    drawer_open     rew=  67.753  ph=1  success=17/20 (85%) streak=1  | Reach=65%/0.0261  Grasp=70%/0.0230  Pull=85%/0.0234
    ──→ drawer_open: phase 2, active=80
    drawer_close    rew=   7.612  ph=0  success=11/20 (55%) (partial) streak=0  | Reach=20%/0.0630  Grasp=35%/0.0481  Push=55%/0.0476
    window_open     rew=  10.000  ph=0  success=1/20 (5%) (partial) streak=0  | Reach=10%/0.0660  Grasp=40%/0.0526  Slide=5%/0.1789
    window_close    rew=  11.128  ph=0  success=1/20 (5%) (partial) streak=0  | Reach=20%/0.0576  Grasp=25%/0.0586  Slide=5%/0.1570
    dial_turn       rew=  13.116  ph=0  success=0/20 (0%) (partial) streak=0  | Reach=35%/0.0438  Descend=80%/0.0266  Grasp=80%/0.0266  Turn=0%/1.5950
    door_open       rew=  12.310  ph=0  success=0/20 (0%) (partial) streak=0  | Reach=20%/0.0541  Grasp=20%/0.0542  Swing=0%/0.6082

Iter  140:  Σrew=126.097  grad=2386.4(max 3370 of 3)  [phase1=14.1s bptt=28.6s elapsed=7707s]
  heads (2/11 clipped)   trunk |g|=554 lim=1500 x1.00
          reach x9  |g|=    3111 lim=  3000 x0.96   pull_drawer x1  |g|=    1432 lim=  1000 x0.70  
        descend x3  |g|=    1163 lim=  1500 x1.00         grasp x8  |g|=     688 lim=  1000 x1.00  
           move x2  |g|=      75 lim=  1000 x1.00       release x1  |g|=       0 lim=   500 x1.00  
    push_drawer x1  |g|=       0 lim=  1000 x1.00    slide_open x1  |g|=       0 lim=  1000 x1.00  
    slide_close x1  |g|=       0 lim=  1000 x1.00          turn x1  |g|=       0 lim=  1500 x1.00  
          swing x1  |g|=       0 lim=  2000 x1.00  
    reach           rew=  -1.201  ph=0  success=3/20 (15%) streak=0  | Reach=15%/0.0599
    cube_stacking   rew=  16.691  ph=2  success=0/20 (0%) (partial) streak=0  | Reach=35%/0.0715  Descend=40%/0.0475  Grasp=40%/0.0541  Move=10%/0.1893  Release=100%/0.2353
    pick_and_place  rew=   3.844  ph=0  success=0/20 (0%) (partial) streak=0  | Reach=50%/0.0420  Descend=70%/0.0303  Grasp=70%/0.0303  Move=0%/0.1521
    drawer_open     rew=  52.268  ph=2  success=10/20 (50%) streak=0  | Reach=30%/0.0396  Grasp=50%/0.0297  Pull=50%/0.0769
    drawer_close    rew=  11.136  ph=0  success=11/20 (55%) (partial) streak=0  | Reach=30%/0.0384  Grasp=30%/0.0451  Push=55%/0.0443
    window_open     rew=   9.072  ph=0  success=7/20 (35%) (partial) streak=0  | Reach=5%/0.1244  Grasp=10%/0.1417  Slide=35%/0.0999
    window_close    rew=  10.842  ph=0  success=1/20 (5%) (partial) streak=0  | Reach=35%/0.0588  Grasp=35%/0.0524  Slide=5%/0.1517
    dial_turn       rew=  14.201  ph=0  success=0/20 (0%) (partial) streak=0  | Reach=55%/0.0305  Descend=50%/0.0340  Grasp=50%/0.0340  Turn=0%/1.8972
    door_open       rew=   9.244  ph=0  success=0/20 (0%) (partial) streak=0  | Reach=15%/0.0575  Grasp=45%/0.0506  Swing=0%/0.6179

Iter  145:  Σrew=169.317  grad=2925.0(max 3662 of 3)  [phase1=14.6s bptt=28.8s elapsed=7928s]
  heads (3/11 clipped)   trunk |g|=644 lim=1500 x1.00
          reach x9  |g|=    3185 lim=  3000 x0.94       descend x3  |g|=    1369 lim=  1500 x1.00  
    pull_drawer x1  |g|=    1057 lim=  1000 x0.95          move x2  |g|=    1003 lim=  1000 x1.00  
          grasp x8  |g|=     575 lim=  1000 x1.00       release x1  |g|=       0 lim=   500 x1.00  
    push_drawer x1  |g|=       0 lim=  1000 x1.00    slide_open x1  |g|=       0 lim=  1000 x1.00  
    slide_close x1  |g|=       0 lim=  1000 x1.00          turn x1  |g|=       0 lim=  1500 x1.00  
          swing x1  |g|=       0 lim=  2000 x1.00  
    reach           rew=   0.888  ph=0  success=5/20 (25%) streak=0  | Reach=25%/0.0496
    cube_stacking   rew=  28.986  ph=2  success=0/20 (0%) (partial) streak=0  | Reach=65%/0.0464  Descend=50%/0.0487  Grasp=50%/0.0425  Move=35%/0.1529  Release=100%/0.1961
    pick_and_place  rew=   7.561  ph=0  success=0/20 (0%) (partial) streak=0  | Reach=40%/0.0497  Descend=60%/0.0400  Grasp=60%/0.0400  Move=0%/0.1690
    drawer_open     rew=  68.310  ph=2  success=14/20 (70%) streak=0  | Reach=70%/0.0323  Grasp=75%/0.0258  Pull=70%/0.0446
    drawer_close    rew=  21.232  ph=0  success=15/20 (75%) (partial) streak=0  | Reach=85%/0.0241  Grasp=85%/0.0220  Push=75%/0.0148
    window_open     rew=  10.116  ph=0  success=1/20 (5%) (partial) streak=0  | Reach=30%/0.0550  Grasp=55%/0.0405  Slide=5%/0.1635
    window_close    rew=  13.868  ph=0  success=1/20 (5%) (partial) streak=0  | Reach=30%/0.0491  Grasp=60%/0.0343  Slide=5%/0.1604
    dial_turn       rew=  12.913  ph=0  success=0/20 (0%) (partial) streak=0  | Reach=85%/0.0223  Descend=10%/0.0522  Grasp=10%/0.0522  Turn=0%/1.6202
    ──→ dial_turn: phase 1, active=65
    door_open       rew=   5.444  ph=0  success=0/20 (0%) (partial) streak=0  | Reach=20%/0.0841  Grasp=10%/0.0822  Swing=0%/0.6560

Iter  150:  Σrew=194.051  grad=2848.4(max 4358 of 3)  [phase1=14.6s bptt=29.0s elapsed=8162s]
  heads (2/11 clipped)   trunk |g|=856 lim=1500 x1.00
          reach x9  |g|=    4256 lim=  3000 x0.70       descend x3  |g|=    1825 lim=  1500 x0.82  
           move x2  |g|=     885 lim=  1000 x1.00   pull_drawer x1  |g|=     823 lim=  1000 x1.00  
          grasp x8  |g|=     383 lim=  1000 x1.00       release x1  |g|=       0 lim=   500 x1.00  
    push_drawer x1  |g|=       0 lim=  1000 x1.00    slide_open x1  |g|=       0 lim=  1000 x1.00  
    slide_close x1  |g|=       0 lim=  1000 x1.00          turn x1  |g|=       0 lim=  1500 x1.00  
          swing x1  |g|=       0 lim=  2000 x1.00  
    reach           rew=   0.232  ph=0  success=4/20 (20%) streak=0  | Reach=20%/0.0686
    cube_stacking   rew=  40.316  ph=2  success=2/20 (10%) (partial) streak=0  | Reach=50%/0.0618  Descend=50%/0.0436  Grasp=45%/0.0562  Move=35%/0.1250  Release=100%/0.1597
    pick_and_place  rew=   7.956  ph=0  success=0/20 (0%) (partial) streak=0  | Reach=10%/0.0641  Descend=30%/0.0495  Grasp=30%/0.0495  Move=0%/0.1740
    drawer_open     rew=  65.634  ph=2  success=15/20 (75%) streak=0  | Reach=5%/0.0506  Grasp=20%/0.0418  Pull=75%/0.0361
    drawer_close    rew=  14.979  ph=0  success=13/20 (65%) (partial) streak=0  | Reach=30%/0.0413  Grasp=60%/0.0316  Push=65%/0.0379
    window_open     rew=  14.598  ph=0  success=2/20 (10%) (partial) streak=0  | Reach=30%/0.0721  Grasp=65%/0.0632  Slide=10%/0.1557
    window_close    rew=  13.448  ph=0  success=2/20 (10%) (partial) streak=0  | Reach=15%/0.0634  Grasp=35%/0.0691  Slide=10%/0.1460
    dial_turn       rew=  24.293  ph=1  success=1/20 (5%) (partial) streak=0  | Reach=5%/0.0524  Descend=0%/0.0789  Grasp=5%/0.0897  Turn=5%/1.3034
    door_open       rew=  12.595  ph=0  success=0/20 (0%) (partial) streak=0  | Reach=40%/0.0418  Grasp=35%/0.0367  Swing=0%/0.6623
  ✓ saved vision_all_balance_{params,obs_rms,opt}.pkl + _{learning,gradients}.png at iter 150

Iter  155:  Σrew=211.460  grad=2807.8(max 3456 of 3)  [phase1=14.4s bptt=28.9s elapsed=8395s]
  heads (3/11 clipped)   trunk |g|=689 lim=1500 x1.00
          reach x9  |g|=    3320 lim=  3000 x0.90   pull_drawer x1  |g|=    1940 lim=  1000 x0.52  
           move x2  |g|=    1136 lim=  1000 x0.88       descend x3  |g|=     955 lim=  1500 x1.00  
          grasp x8  |g|=     679 lim=  1000 x1.00       release x1  |g|=       0 lim=   500 x1.00  
    push_drawer x1  |g|=       0 lim=  1000 x1.00    slide_open x1  |g|=       0 lim=  1000 x1.00  
    slide_close x1  |g|=       0 lim=  1000 x1.00          turn x1  |g|=       0 lim=  1500 x1.00  
          swing x1  |g|=       0 lim=  2000 x1.00  
    reach           rew=   2.793  ph=0  success=7/20 (35%) streak=0  | Reach=35%/0.0449
    cube_stacking   rew=  55.354  ph=2  success=0/20 (0%) (partial) streak=0  | Reach=70%/0.0521  Descend=55%/0.0373  Grasp=65%/0.0372  Move=0%/0.1556  Release=100%/0.2054
    pick_and_place  rew=   7.130  ph=0  success=0/20 (0%) (partial) streak=0  | Reach=65%/0.0391  Descend=80%/0.0255  Grasp=80%/0.0255  Move=0%/0.1624
    drawer_open     rew=  79.980  ph=2  success=17/20 (85%) streak=1  | Reach=95%/0.0161  Grasp=90%/0.0160  Pull=85%/0.0154
    drawer_close    rew=  16.939  ph=0  success=14/20 (70%) (partial) streak=0  | Reach=45%/0.0340  Grasp=80%/0.0232  Push=70%/0.0147
    window_open     rew=   7.363  ph=0  success=3/20 (15%) (partial) streak=0  | Reach=5%/0.1031  Grasp=25%/0.1081  Slide=15%/0.1428
    window_close    rew=  11.423  ph=0  success=0/20 (0%) (partial) streak=0  | Reach=15%/0.0463  Grasp=30%/0.0474  Slide=0%/0.1471
    dial_turn       rew=  25.385  ph=1  success=0/20 (0%) (partial) streak=0  | Reach=65%/0.0280  Descend=65%/0.0273  Grasp=45%/0.0338  Turn=0%/1.8914
    door_open       rew=   5.095  ph=0  success=0/20 (0%) (partial) streak=0  | Reach=25%/0.0847  Grasp=25%/0.0807  Swing=0%/0.6741

Iter  160:  Σrew=198.947  grad=3374.3(max 4841 of 3)  [phase1=14.3s bptt=29.0s elapsed=8628s]
  heads (3/11 clipped)   trunk |g|=798 lim=1500 x1.00
          reach x9  |g|=    3707 lim=  3000 x0.81          move x2  |g|=    2744 lim=  1000 x0.36  
    pull_drawer x1  |g|=    1864 lim=  1000 x0.54       descend x3  |g|=     973 lim=  1500 x1.00  
          grasp x8  |g|=     431 lim=  1000 x1.00       release x1  |g|=       0 lim=   500 x1.00  
    push_drawer x1  |g|=       0 lim=  1000 x1.00    slide_open x1  |g|=       0 lim=  1000 x1.00  
    slide_close x1  |g|=       0 lim=  1000 x1.00          turn x1  |g|=       0 lim=  1500 x1.00  
          swing x1  |g|=       0 lim=  2000 x1.00  
    reach           rew=   1.396  ph=0  success=4/20 (20%) streak=0  | Reach=20%/0.0494
    cube_stacking   rew=  49.347  ph=2  success=4/20 (20%) (partial) streak=0  | Reach=60%/0.0544  Descend=80%/0.0264  Grasp=65%/0.0343  Move=40%/0.1218  Release=100%/0.1556
    ──→ cube_stacking: phase 3, active=100
    pick_and_place  rew=   8.305  ph=0  success=0/20 (0%) (partial) streak=0  | Reach=65%/0.0384  Descend=80%/0.0242  Grasp=80%/0.0242  Move=0%/0.1685
    ──→ pick_and_place: phase 1, active=55
    drawer_open     rew=  54.958  ph=2  success=9/20 (45%) streak=0  | Reach=40%/0.0323  Grasp=35%/0.0341  Pull=45%/0.0603
    drawer_close    rew=  16.243  ph=0  success=13/20 (65%) (partial) streak=0  | Reach=35%/0.0386  Grasp=25%/0.0411  Push=65%/0.0303
    window_open     rew=  16.008  ph=0  success=1/20 (5%) (partial) streak=0  | Reach=25%/0.0517  Grasp=30%/0.0446  Slide=5%/0.1794
    window_close    rew=  15.859  ph=0  success=2/20 (10%) (partial) streak=0  | Reach=35%/0.0535  Grasp=35%/0.0617  Slide=10%/0.1406
    dial_turn       rew=  29.246  ph=1  success=0/20 (0%) (partial) streak=0  | Reach=20%/0.0410  Descend=55%/0.0338  Grasp=10%/0.0544  Turn=0%/1.3250
    ──→ dial_turn: phase 2, active=115
    door_open       rew=   7.584  ph=0  success=0/20 (0%) (partial) streak=0  | Reach=30%/0.0507  Grasp=25%/0.0537  Swing=0%/0.6471

Iter  165:  Σrew=231.035  grad=2691.9(max 3736 of 3)  [phase1=16.3s bptt=32.3s elapsed=8878s]
  heads (1/11 clipped)   trunk |g|=535 lim=1500 x1.00
          reach x9  |g|=    3512 lim=  3000 x0.85          turn x1  |g|=     936 lim=  1500 x1.00  
    pull_drawer x1  |g|=     889 lim=  1000 x1.00       descend x3  |g|=     770 lim=  1500 x1.00  
          grasp x8  |g|=     484 lim=  1000 x1.00          move x2  |g|=     394 lim=  1000 x1.00  
        release x1  |g|=      96 lim=   500 x1.00   push_drawer x1  |g|=       0 lim=  1000 x1.00  
     slide_open x1  |g|=       0 lim=  1000 x1.00   slide_close x1  |g|=       0 lim=  1000 x1.00  
          swing x1  |g|=       0 lim=  2000 x1.00  
    reach           rew=   1.178  ph=0  success=3/20 (15%) streak=0  | Reach=15%/0.0534
    cube_stacking   rew=  27.149  ph=3  success=1/20 (5%) streak=0  | Reach=75%/0.0485  Descend=65%/0.0337  Grasp=45%/0.0483  Move=20%/0.1524  Release=100%/0.2026
    pick_and_place  rew=  15.599  ph=1  success=0/20 (0%) (partial) streak=0  | Reach=40%/0.0430  Descend=70%/0.0268  Grasp=55%/0.0430  Move=0%/0.1709
    drawer_open     rew=  84.137  ph=2  success=17/20 (85%) streak=1  | Reach=55%/0.0312  Grasp=55%/0.0300  Pull=85%/0.0123
    drawer_close    rew=  20.596  ph=0  success=16/20 (80%) (partial) streak=0  | Reach=50%/0.0334  Grasp=80%/0.0212  Push=80%/0.0171
    window_open     rew=  18.655  ph=0  success=1/20 (5%) (partial) streak=0  | Reach=65%/0.0339  Grasp=70%/0.0315  Slide=5%/0.1761
    window_close    rew=  12.766  ph=0  success=0/20 (0%) (partial) streak=0  | Reach=30%/0.0414  Grasp=45%/0.0375  Slide=0%/0.1726
    dial_turn       rew=  40.845  ph=2  success=1/20 (5%) streak=0  | Reach=25%/0.0362  Descend=85%/0.0237  Grasp=55%/0.0297  Turn=5%/1.2626
    door_open       rew=  10.109  ph=0  success=0/20 (0%) (partial) streak=0  | Reach=5%/0.0637  Grasp=15%/0.0746  Swing=0%/0.5634

⚠ iter 167 chunk 2/3: non-finite grads — update skipped (1 in a row, 1 total). Weights and ObsRMS left untouched.

⚠ iter 168 chunk 1/3: non-finite grads — update skipped (1 in a row, 2 total). Weights and ObsRMS left untouched.

⚠ iter 169 chunk 2/3: non-finite grads — update skipped (1 in a row, 3 total). Weights and ObsRMS left untouched.

⚠ iter 170 chunk 2/3: non-finite grads — update skipped (1 in a row, 4 total). Weights and ObsRMS left untouched.

⚠ iter 171 chunk 2/3: non-finite grads — update skipped (1 in a row, 5 total). Weights and ObsRMS left untouched.

⚠ iter 172 chunk 2/3: non-finite grads — update skipped (1 in a row, 6 total). Weights and ObsRMS left untouched.

⚠ iter 173 chunk 1/3: non-finite grads — update skipped (1 in a row, 7 total). Weights and ObsRMS left untouched.

⚠ iter 174 chunk 3/3: non-finite grads — update skipped (1 in a row, 8 total). Weights and ObsRMS left untouched.

⚠ iter 175 chunk 3/3: non-finite grads — update skipped (1 in a row, 9 total). Weights and ObsRMS left untouched.

⚠ iter 176 chunk 3/3: non-finite grads — update skipped (1 in a row, 10 total). Weights and ObsRMS left untouched.

⚠ iter 177 chunk 1/3: non-finite grads — update skipped (2 in a row, 11 total). Weights and ObsRMS left untouched.

⚠ iter 178 chunk 1/3: non-finite grads — update skipped (1 in a row, 12 total). Weights and ObsRMS left untouched.

⚠ iter 179 chunk 2/3: non-finite grads — update skipped (1 in a row, 13 total). Weights and ObsRMS left untouched.

⚠ iter 180 chunk 2/3: non-finite grads — update skipped (1 in a row, 14 total). Weights and ObsRMS left untouched.

⚠ iter 181 chunk 3/3: non-finite grads — update skipped (1 in a row, 15 total). Weights and ObsRMS left untouched.

⚠ iter 182 chunk 1/3: non-finite grads — update skipped (2 in a row, 16 total). Weights and ObsRMS left untouched.

⚠ iter 183 chunk 2/3: non-finite grads — update skipped (1 in a row, 17 total). Weights and ObsRMS left untouched.

⚠ iter 184 chunk 3/3: non-finite grads — update skipped (1 in a row, 18 total). Weights and ObsRMS left untouched.

⚠ iter 185 chunk 1/3: non-finite grads — update skipped (2 in a row, 19 total). Weights and ObsRMS left untouched.

⚠ iter 186 chunk 2/3: non-finite grads — update skipped (1 in a row, 20 total). Weights and ObsRMS left untouched.


⚠ Interrupted at iter 187 — saving before exit...

Training stopped: interrupted (Ctrl+C) after 187 iters, 9971.4s this run  (20 non-finite iterations skipped)
  ✓ saved vision_all_balance_{params,obs_rms,opt}.pkl + _{learning,gradients}.png at iter 187 (final)

######################################################################
# run started 2026-09-18 20:33:54
# train_primitives_vision.py --tasks reach,cube_stacking,pick_and_place,drawer_open,drawer_close,window_open,window_close,dial_turn,door_open --grad-groups 9 --task-minibatch 3 --out-prefix vision_all_balance --balance-tasks 0.99
######################################################################
======================================================================
JOINT VISION-PRIMITIVE TRAINING — robosuite
  Tasks: reach, cube_stacking, pick_and_place, drawer_open, drawer_close, window_open, window_close, dial_turn, door_open
  Batch: {'reach': 20, 'cube_stacking': 20, 'pick_and_place': 20, 'drawer_open': 20, 'drawer_close': 20, 'window_open': 20, 'window_close': 20, 'dial_turn': 20, 'door_open': 20}
  Proprio dim: 31 (shared trunk)
  Viewer: off  (multi-task run)
  Saving to vision_all_balance_*  every 50 iters
======================================================================

[1] DINOv3 backbone (shared)...
  DINOv3: 64x64 → 4x4 patches, dim=768

[2] Shared primitive policy...

  Primitive Policy:
    Projection: 768 → 256 (1 camera) → spatial softmax → 512
    Trunk: 543 → 384 → 384 (shared)
    Heads (14), 2 hidden layer(s), width by usage:
      reach          384 → 224 → 224 → 8    138,440 params
      descend        384 → 112 → 112 → 8     56,680 params
      grasp          384 → 192 → 192 → 8    112,520 params
      move           384 → 96 → 96 → 8     47,048 params
      release        384 → 80 → 80 → 8     37,928 params
      align          384 → 64 → 64 → 8     29,320 params
      insert         384 → 64 → 64 → 8     29,320 params
      pull_drawer    384 → 64 → 64 → 8     29,320 params
      push_drawer    384 → 64 → 64 → 8     29,320 params
      push_object    384 → 64 → 64 → 8     29,320 params
      slide_open     384 → 64 → 64 → 8     29,320 params
      slide_close    384 → 64 → 64 → 8     29,320 params
      turn           384 → 64 → 64 → 8     29,320 params
      swing          384 → 64 → 64 → 8     29,320 params
    Shared: 555,710   Heads: 656,496   Total trainable: 1,212,206

[3] Building task 'reach' (reach env) ...

[1] Loading MuJoCo model: /home/emre/newton_diff_RL/MJX_Franka_DiffSim/assets/robosuite_reach.xml
  ee_site: 3
  hand_body: 13
  mocap_idx: 2
  nq=9, nu=9, nsite=9
  Steps: 35, Chunks: 7, Chunk size: 5
  Feature slots: 8, frame_dt: 0.0400s

[2] Creating MJWarp GPU renderer...
Warp 1.16.0 initialized:
   CUDA Toolkit 12.9, Driver 13.0
   Devices:
     "cpu"      : "x86_64"
     "cuda:0"   : "NVIDIA GeForce RTX 5060 Laptop GPU" (8 GiB, sm_120, mempool enabled)
   Kernel cache:
     /home/emre/.cache/warp/1.16.0
Module mujoco.mjx.third_party.mujoco_warp._src.render_util 97c6606 load on device 'cuda:0' took 6.35 ms  (cached)
Module mujoco.mjx.third_party.mujoco_warp._src.io 89aaeca load on device 'cuda:0' took 11.10 ms  (cached)
Module mujoco.mjx.third_party.mujoco_warp._src.bvh f2c5137 load on device 'cuda:0' took 3.47 ms  (cached)
  Camera: robot0_eye_in_hand → cam_id: 5
  Render context: nworld=20, 64x64
Module mujoco.mjx.warp.ffi 7a22eb4 load on device 'cuda:0' took 3.19 ms  (cached)
Module mujoco.mjx.third_party.mujoco_warp._src.smooth 47158eb load on device 'cuda:0' took 7.92 ms  (cached)
Module _nxn_broadphase__locals__kernel_3e896ca5 3e896ca load on device 'cuda:0' took 2.28 ms  (cached)
Module ccd_kernel_builder__locals__ccd_kernel_ef3754c3 ef3754c load on device 'cuda:0' took 6.46 ms  (cached)
Module ccd_kernel_builder__locals__ccd_kernel_ef3754c3 231e976 load on device 'cuda:0' took 4.36 ms  (cached)
Module _primitive_narrowphase__locals__primitive_narrowphase_caf42918 caf4291 load on device 'cuda:0' took 4.21 ms  (cached)
Module mujoco.mjx.third_party.mujoco_warp._src.constraint 36c8060 load on device 'cuda:0' took 2.73 ms  (cached)
Module _friction_dof__locals__kernel_a6ed3529 a6ed352 load on device 'cuda:0' took 3.48 ms  (cached)
Module _limit_slide_hinge__locals__kernel_56cb53b3 56cb53b load on device 'cuda:0' took 1.91 ms  (cached)
Module _efc_contact_init__locals__kernel_0bd15084 0bd1508 load on device 'cuda:0' took 1.88 ms  (cached)
Module _efc_contact_jac_dense__locals__kernel_f15eda8d 1ff2125 load on device 'cuda:0' took 1.99 ms  (cached)
Module _efc_contact_update__locals__kernel_8c34abe6 8c34abe load on device 'cuda:0' took 4.00 ms  (cached)
Module mujoco.mjx.third_party.mujoco_warp._src.forward 81c85c8 load on device 'cuda:0' took 3.89 ms  (cached)
Module mujoco.mjx.third_party.mujoco_warp._src.passive efc109c load on device 'cuda:0' took 4.95 ms  (cached)
Module mujoco.mjx.third_party.mujoco_warp._src.forward fc5c4e4 load on device 'cuda:0' took 3.86 ms  (cached)
Module _qfrc_smooth__locals__kernel_b98573a2 b98573a load on device 'cuda:0' took 2.24 ms  (cached)
Module mujoco.mjx.third_party.mujoco_warp._src.support ca784c5 load on device 'cuda:0' took 1.78 ms  (cached)
Module _tile_cholesky_factorize_solve_block__locals__kernel_8d2c83d3 bb4c15e load on device 'cuda:0' took 34.84 ms  (cached)
Module mujoco.mjx.third_party.mujoco_warp._src.solver 4a1f2fb load on device 'cuda:0' took 5.72 ms  (cached)
Module _solve_init_jaref_kernel__locals__kernel_4fe4ddfc 4fe4ddf load on device 'cuda:0' took 3.20 ms  (cached)
Module mul_m_kernel__locals___mul_m_dc7994af dc7994a load on device 'cuda:0' took 5.37 ms  (cached)
Module _update_constraint_efc__locals__kernel_34351367 3435136 load on device 'cuda:0' took 1.84 ms  (cached)
Module _update_constraint_init_qfrc_constraint_dense__locals__kernel_626172ab 626172a load on device 'cuda:0' took 1.80 ms  (cached)
Module _update_gradient_zero_grad_dot__locals__kernel_d22ec30a d22ec30 load on device 'cuda:0' took 1.50 ms  (cached)
Module _update_gradient_grad__locals__kernel_30531d0a 30531d0 load on device 'cuda:0' took 1.64 ms  (cached)
Module _update_gradient_JTDAJ_dense_tiled__locals__kernel_df0dabf3 cd45c83 load on device 'cuda:0' took 2.23 ms  (cached)
Module _update_gradient_cholesky__locals__kernel_77119fd2 2ba69e6 load on device 'cuda:0' took 36.11 ms  (cached)
Module _linesearch_iterative_kernel__locals__kernel_fd8c9e1b c7b3998 load on device 'cuda:0' took 2.41 ms  (cached)
Module _update_constraint_efc__locals__kernel_8791d97d 8791d97 load on device 'cuda:0' took 2.17 ms  (cached)
Module _update_constraint_init_qfrc_constraint_dense__locals__kernel_e7e36618 e7e3661 load on device 'cuda:0' took 1.85 ms  (cached)
Module _update_gradient_zero_grad_dot__locals__kernel_e3354673 e335467 load on device 'cuda:0' took 1.47 ms  (cached)
Module _update_gradient_grad__locals__kernel_f92b7b33 f92b7b3 load on device 'cuda:0' took 1.50 ms  (cached)
Module _update_gradient_cholesky__locals__kernel_7c0b1d43 9bc7802 load on device 'cuda:0' took 37.41 ms  (cached)
Module _solve_zero_search_dot__locals__kernel_a3b7406e a3b7406 load on device 'cuda:0' took 3.34 ms  (cached)
Module _solve_search_update__locals__kernel_f542f3c2 f542f3c load on device 'cuda:0' took 1.60 ms  (cached)
Module mujoco.mjx.third_party.mujoco_warp._src.sensor de892d8 load on device 'cuda:0' took 5.27 ms  (cached)
    segments [35] → primitives ['reach']

[3] Building task 'cube_stacking' (cube_stacking env) ...

[1] Loading MuJoCo model: /home/emre/newton_diff_RL/MJX_Franka_DiffSim/assets/robosuite_stack.xml
  ee_site: 3
  hand_body: 13
  cube1: 25
  cube2: 26
  left_finger: 16
  right_finger: 18
  nq=23, nu=9, nsite=10
  Steps: 100, Chunks: 20, Chunk size: 5
  Feature slots: 21, frame_dt: 0.0400s

[2] Creating MJWarp GPU renderer...
  Camera: robot0_eye_in_hand → cam_id: 5
  Render context: nworld=20, 64x64
Module _solve_init_jaref_kernel__locals__kernel_a190cee0 a190cee load on device 'cuda:0' took 47.73 ms  (cached)
Module _update_gradient_JTDAJ_dense_tiled__locals__kernel_0a788f5b 5791943 load on device 'cuda:0' took 3.33 ms  (cached)
Module _update_gradient_cholesky__locals__kernel_2c36253a e542b74 load on device 'cuda:0' took 39.71 ms  (cached)
Module _update_gradient_cholesky__locals__kernel_fbdf5714 76985a6 load on device 'cuda:0' took 121.78 ms  (cached)
    segments [25, 20, 10, 35, 10] → primitives ['reach', 'descend', 'grasp', 'move', 'release']

[3] Building task 'pick_and_place' (pick_place env) ...

[1] Loading MuJoCo model: /home/emre/newton_diff_RL/MJX_Franka_DiffSim/assets/robosuite_pick_place_push.xml
  ee_site: 3
  hand_body: 13
  cube1: 25
  mocap_idx: 2
  left_finger: 16
  right_finger: 18
  nq=16, nu=9, nsite=10
  Steps: 90, Chunks: 18, Chunk size: 5
  Feature slots: 19, frame_dt: 0.0400s

[2] Creating MJWarp GPU renderer...
  Camera: robot0_eye_in_hand → cam_id: 5
  Render context: nworld=20, 64x64
Module _solve_init_jaref_kernel__locals__kernel_dff68271 dff6827 load on device 'cuda:0' took 47.03 ms  (cached)
Module _update_gradient_JTDAJ_dense_tiled__locals__kernel_756199cb d3e7a83 load on device 'cuda:0' took 3.01 ms  (cached)
Module _update_gradient_cholesky__locals__kernel_345434dd ff9982d load on device 'cuda:0' took 44.89 ms  (cached)
Module _update_gradient_cholesky__locals__kernel_c56f6d92 34f3426 load on device 'cuda:0' took 83.40 ms  (cached)
    segments [25, 20, 10, 35] → primitives ['reach', 'descend', 'grasp', 'move']

[3] Building task 'drawer_open' (articulated env) ...

[1] Loading MuJoCo model: /home/emre/newton_diff_RL/MJX_Franka_DiffSim/assets/robosuite_drawer.xml
  ee_site: 3
  hand_body: 13
  handle_site: 8
  joint_qpos_idx: 9
  nq=10, nu=9, nsite=9
  Steps: 80, Chunks: 16, Chunk size: 5
  Feature slots: 17, frame_dt: 0.0400s

[2] Creating MJWarp GPU renderer...
  Camera: robot0_eye_in_hand → cam_id: 5
  Render context: nworld=20, 64x64
Module _primitive_narrowphase__locals__primitive_narrowphase_e206ee3b e206ee3 load on device 'cuda:0' took 46.11 ms  (cached)
Module _equality_weld__locals__kernel_6467ae94 6467ae9 load on device 'cuda:0' took 3.22 ms  (cached)
Module _solve_init_jaref_kernel__locals__kernel_2818534b 2818534 load on device 'cuda:0' took 1.88 ms  (cached)
Module _update_gradient_JTDAJ_dense_tiled__locals__kernel_688e8ced ac20d88 load on device 'cuda:0' took 2.71 ms  (cached)
Module _update_gradient_cholesky__locals__kernel_31aec00c a48e6c9 load on device 'cuda:0' took 45.19 ms  (cached)
Module _update_gradient_cholesky__locals__kernel_3d2c3cb7 3d6531e load on device 'cuda:0' took 107.93 ms  (cached)
    segments [35, 10, 35] → primitives ['reach', 'grasp', 'pull_drawer']

[3] Building task 'drawer_close' (articulated env) ...

[1] Loading MuJoCo model: /home/emre/newton_diff_RL/MJX_Franka_DiffSim/assets/robosuite_drawer.xml
  ee_site: 3
  hand_body: 13
  handle_site: 8
  joint_qpos_idx: 9
  nq=10, nu=9, nsite=9
  Steps: 80, Chunks: 16, Chunk size: 5
  Feature slots: 17, frame_dt: 0.0400s

[2] Creating MJWarp GPU renderer...
  Camera: robot0_eye_in_hand → cam_id: 5
  Render context: nworld=20, 64x64
    segments [35, 10, 35] → primitives ['reach', 'grasp', 'push_drawer']

[3] Building task 'window_open' (articulated env) ...

[1] Loading MuJoCo model: /home/emre/newton_diff_RL/MJX_Franka_DiffSim/assets/robosuite_window.xml
  ee_site: 3
  hand_body: 13
  handle_site: 8
  joint_qpos_idx: 9
  nq=10, nu=9, nsite=9
  Steps: 80, Chunks: 16, Chunk size: 5
  Feature slots: 17, frame_dt: 0.0400s

[2] Creating MJWarp GPU renderer...
  Camera: robot0_eye_in_hand → cam_id: 5
  Render context: nworld=20, 64x64
    segments [35, 10, 35] → primitives ['reach', 'grasp', 'slide_open']

[3] Building task 'window_close' (articulated env) ...

[1] Loading MuJoCo model: /home/emre/newton_diff_RL/MJX_Franka_DiffSim/assets/robosuite_window.xml
  ee_site: 3
  hand_body: 13
  handle_site: 8
  joint_qpos_idx: 9
  nq=10, nu=9, nsite=9
  Steps: 80, Chunks: 16, Chunk size: 5
  Feature slots: 17, frame_dt: 0.0400s

[2] Creating MJWarp GPU renderer...
  Camera: robot0_eye_in_hand → cam_id: 5
  Render context: nworld=20, 64x64
    segments [35, 10, 35] → primitives ['reach', 'grasp', 'slide_close']

[3] Building task 'dial_turn' (articulated env) ...

[1] Loading MuJoCo model: /home/emre/newton_diff_RL/MJX_Franka_DiffSim/assets/robosuite_dial.xml
  ee_site: 3
  hand_body: 13
  handle_site: 8
  joint_qpos_idx: 9
  nq=10, nu=9, nsite=9
  Steps: 115, Chunks: 23, Chunk size: 5
  Feature slots: 24, frame_dt: 0.0400s

[2] Creating MJWarp GPU renderer...
  Camera: robot0_eye_in_hand → cam_id: 5
  Render context: nworld=20, 64x64
    segments [35, 20, 10, 50] → primitives ['reach', 'descend', 'grasp', 'turn']

[3] Building task 'door_open' (articulated env) ...

[1] Loading MuJoCo model: /home/emre/newton_diff_RL/MJX_Franka_DiffSim/assets/robosuite_door.xml
  ee_site: 3
  hand_body: 13
  handle_site: 8
  joint_qpos_idx: 9
  nq=10, nu=9, nsite=9
  Steps: 110, Chunks: 22, Chunk size: 5
  Feature slots: 23, frame_dt: 0.0400s

[2] Creating MJWarp GPU renderer...
  Camera: robot0_eye_in_hand → cam_id: 5
  Render context: nworld=20, 64x64
    segments [35, 10, 65] → primitives ['reach', 'grasp', 'swing']

  Gradient accumulation over 9 groups (peak group = 2,300 env-steps, total = 15,400):
      2,300  dial_turn
      2,200  door_open
      2,000  cube_stacking
      1,800  pick_and_place
      1,600  drawer_open
      1,600  drawer_close
      1,600  window_open
      1,600  window_close
        700  reach
    grads are summed across groups, then clipped and stepped once — identical to one fused backward.

  Task balancing ON (beta=0.99, floor=0.001): each task's gradient is rescaled to the mean scale before summing, so a failing task is not drowned out by a solved one. Σrew in the log is no longer the objective.

  Task minibatching: ~3 tasks per update → 3 updates per iteration (sizes [3, 3, 3], reshuffled every iteration).
    Every task is still used exactly once per iteration; only the number of optimizer steps changes.
    LR compensation: ON — each update divided by the chunks that parameter appeared in, so per-iteration step size is unchanged.

  Active primitives: reach, descend, grasp, move, release, pull_drawer, push_drawer, slide_open, slide_close, turn, swing
  Head LR: 2.0e-04

======================================================================
Training — stop when all 9 tasks hold ≥80% success for 4 consecutive logs
======================================================================
Module render__locals___render_megakernel_0c616e8d cf68ab5 load on device 'cuda:0' took 8.42 ms  (cached)
Module render__locals___render_megakernel_b55cbe04 a6579b0 load on device 'cuda:0' took 11.01 ms  (cached)
  [warmup 2 iters, 30800 samples]  std min=1.527e-02 (dim 25) max=7.116e-01

Iter    2:  Σrew=-275.764  grad=844.7(max 959 of 3)  [phase1=12.1s bptt=23.8s elapsed=467s]
  heads (0/11 clipped)   trunk |g|=144 lim=1500 x1.00
          reach x9  |g|=     936 lim=  3000 x1.00       descend x3  |g|=     204 lim=  1500 x1.00  
          grasp x8  |g|=       2 lim=  1000 x1.00          move x2  |g|=       0 lim=  1000 x1.00  
        release x1  |g|=       0 lim=   500 x1.00   pull_drawer x1  |g|=       0 lim=  1000 x1.00  
    push_drawer x1  |g|=       0 lim=  1000 x1.00    slide_open x1  |g|=       0 lim=  1000 x1.00  
    slide_close x1  |g|=       0 lim=  1000 x1.00          turn x1  |g|=       0 lim=  1500 x1.00  
          swing x1  |g|=       0 lim=  2000 x1.00  
    reach           rew= -23.756  ph=0  success=0/20 (0%) streak=0  | Reach=0%/0.4516
    cube_stacking   rew= -36.189  ph=0  success=0/20 (0%) (partial) streak=0  | Reach=0%/0.4233  Descend=0%/0.4727  Grasp=0%/0.4727  Move=0%/0.1429  Release=100%/0.1893
    pick_and_place  rew= -39.950  ph=0  success=0/20 (0%) (partial) streak=0  | Reach=0%/0.4285  Descend=0%/0.4804  Grasp=0%/0.4804  Move=0%/0.1473
    drawer_open     rew= -31.567  ph=0  success=0/20 (0%) (partial) streak=0  | Reach=0%/0.4814  Grasp=0%/0.4872  Pull=0%/0.1528
    drawer_close    rew= -27.194  ph=0  success=0/20 (0%) (partial) streak=0  | Reach=0%/0.4345  Grasp=0%/0.4267  Push=0%/0.1504
    window_open     rew= -26.870  ph=0  success=0/20 (0%) (partial) streak=0  | Reach=0%/0.4781  Grasp=0%/0.4858  Slide=0%/0.1770
    window_close    rew= -29.829  ph=0  success=0/20 (0%) (partial) streak=0  | Reach=0%/0.5585  Grasp=0%/0.5738  Slide=0%/0.1733
    dial_turn       rew= -36.934  ph=0  success=0/20 (0%) (partial) streak=0  | Reach=0%/0.3842  Descend=0%/0.4368  Grasp=0%/0.4368  Turn=0%/1.5843
    door_open       rew= -23.475  ph=0  success=0/20 (0%) (partial) streak=0  | Reach=0%/0.4559  Grasp=0%/0.4625  Swing=0%/0.6616

Iter    5:  Σrew=-188.563  grad=585.1(max 608 of 3)  [phase1=11.7s bptt=23.7s elapsed=646s]
  heads (0/11 clipped)   trunk |g|=113 lim=1500 x1.00
          reach x9  |g|=     564 lim=  3000 x1.00       descend x3  |g|=     204 lim=  1500 x1.00  
          grasp x8  |g|=       2 lim=  1000 x1.00          move x2  |g|=       0 lim=  1000 x1.00  
        release x1  |g|=       0 lim=   500 x1.00   pull_drawer x1  |g|=       0 lim=  1000 x1.00  
    push_drawer x1  |g|=       0 lim=  1000 x1.00    slide_open x1  |g|=       0 lim=  1000 x1.00  
    slide_close x1  |g|=       0 lim=  1000 x1.00          turn x1  |g|=       0 lim=  1500 x1.00  
          swing x1  |g|=       0 lim=  2000 x1.00  
    reach           rew= -19.676  ph=0  success=0/20 (0%) streak=0  | Reach=0%/0.3760
    cube_stacking   rew= -25.866  ph=0  success=0/20 (0%) (partial) streak=0  | Reach=0%/0.2816  Descend=0%/0.3468  Grasp=0%/0.3468  Move=5%/0.1590  Release=100%/0.2067
    pick_and_place  rew= -28.356  ph=0  success=0/20 (0%) (partial) streak=0  | Reach=0%/0.3327  Descend=0%/0.3594  Grasp=0%/0.3594  Move=0%/0.1622
    drawer_open     rew= -18.400  ph=0  success=0/20 (0%) (partial) streak=0  | Reach=0%/0.3580  Grasp=0%/0.4091  Pull=0%/0.1507
    drawer_close    rew= -13.742  ph=0  success=0/20 (0%) (partial) streak=0  | Reach=0%/0.2587  Grasp=0%/0.2930  Push=0%/0.1473
    window_open     rew= -16.704  ph=0  success=0/20 (0%) (partial) streak=0  | Reach=0%/0.3376  Grasp=0%/0.4086  Slide=0%/0.1714
    window_close    rew= -21.253  ph=0  success=0/20 (0%) (partial) streak=0  | Reach=0%/0.3985  Grasp=0%/0.4613  Slide=0%/0.1700
    dial_turn       rew= -26.934  ph=0  success=0/20 (0%) (partial) streak=0  | Reach=0%/0.2999  Descend=0%/0.3314  Grasp=0%/0.3314  Turn=0%/1.5923
    door_open       rew= -17.631  ph=0  success=0/20 (0%) (partial) streak=0  | Reach=0%/0.3140  Grasp=0%/0.3741  Swing=0%/0.6532

Iter   10:  Σrew=-93.546  grad=547.1(max 853 of 3)  [phase1=12.0s bptt=23.7s elapsed=830s]
  heads (0/11 clipped)   trunk |g|=127 lim=1500 x1.00
          reach x9  |g|=     821 lim=  3000 x1.00       descend x3  |g|=     192 lim=  1500 x1.00  
          grasp x8  |g|=      18 lim=  1000 x1.00          move x2  |g|=       0 lim=  1000 x1.00  
        release x1  |g|=       0 lim=   500 x1.00   pull_drawer x1  |g|=       0 lim=  1000 x1.00  
    push_drawer x1  |g|=       0 lim=  1000 x1.00    slide_open x1  |g|=       0 lim=  1000 x1.00  
    slide_close x1  |g|=       0 lim=  1000 x1.00          turn x1  |g|=       0 lim=  1500 x1.00  
          swing x1  |g|=       0 lim=  2000 x1.00  
    reach           rew= -11.831  ph=0  success=0/20 (0%) streak=0  | Reach=0%/0.1845
    cube_stacking   rew= -13.744  ph=0  success=0/20 (0%) (partial) streak=0  | Reach=5%/0.1408  Descend=0%/0.1652  Grasp=0%/0.1652  Move=0%/0.1593  Release=100%/0.2072
    pick_and_place  rew= -13.826  ph=0  success=0/20 (0%) (partial) streak=0  | Reach=0%/0.1893  Descend=0%/0.1826  Grasp=0%/0.1826  Move=0%/0.1505
    drawer_open     rew=  -9.644  ph=0  success=0/20 (0%) (partial) streak=0  | Reach=0%/0.1696  Grasp=0%/0.2479  Pull=0%/0.1491
    drawer_close    rew=  -5.975  ph=0  success=0/20 (0%) (partial) streak=0  | Reach=0%/0.0842  Grasp=0%/0.1083  Push=0%/0.1230
    window_open     rew=  -9.505  ph=0  success=0/20 (0%) (partial) streak=0  | Reach=0%/0.2753  Grasp=0%/0.3669  Slide=0%/0.1766
    window_close    rew= -14.839  ph=0  success=0/20 (0%) (partial) streak=0  | Reach=0%/0.3012  Grasp=0%/0.4025  Slide=0%/0.1784
    dial_turn       rew=  -7.852  ph=0  success=0/20 (0%) (partial) streak=0  | Reach=0%/0.1768  Descend=0%/0.1611  Grasp=0%/0.1611  Turn=0%/1.5487
    door_open       rew=  -6.330  ph=0  success=0/20 (0%) (partial) streak=0  | Reach=5%/0.1696  Grasp=0%/0.2445  Swing=0%/0.6227

Iter   15:  Σrew=-55.591  grad=1090.3(max 1658 of 3)  [phase1=11.6s bptt=23.8s elapsed=1024s]
  heads (0/11 clipped)   trunk |g|=192 lim=1500 x1.00
          reach x9  |g|=    1647 lim=  3000 x1.00       descend x3  |g|=     278 lim=  1500 x1.00  
          grasp x8  |g|=       7 lim=  1000 x1.00          move x2  |g|=       0 lim=  1000 x1.00  
        release x1  |g|=       0 lim=   500 x1.00   pull_drawer x1  |g|=       0 lim=  1000 x1.00  
    push_drawer x1  |g|=       0 lim=  1000 x1.00    slide_open x1  |g|=       0 lim=  1000 x1.00  
    slide_close x1  |g|=       0 lim=  1000 x1.00          turn x1  |g|=       0 lim=  1500 x1.00  
          swing x1  |g|=       0 lim=  2000 x1.00  
    reach           rew=  -7.383  ph=0  success=0/20 (0%) streak=0  | Reach=0%/0.1492
    cube_stacking   rew=  -8.120  ph=0  success=0/20 (0%) (partial) streak=0  | Reach=5%/0.1256  Descend=5%/0.0943  Grasp=5%/0.0943  Move=5%/0.1588  Release=100%/0.2059
    pick_and_place  rew=  -6.964  ph=0  success=0/20 (0%) (partial) streak=0  | Reach=0%/0.1452  Descend=10%/0.0848  Grasp=10%/0.0848  Move=0%/0.1519
    drawer_open     rew=  -5.847  ph=0  success=0/20 (0%) (partial) streak=0  | Reach=0%/0.1580  Grasp=0%/0.1297  Pull=0%/0.1503
    drawer_close    rew=  -3.160  ph=0  success=7/20 (35%) (partial) streak=0  | Reach=10%/0.1100  Grasp=0%/0.1154  Push=35%/0.0570
    window_open     rew=  -5.425  ph=0  success=0/20 (0%) (partial) streak=0  | Reach=0%/0.1816  Grasp=0%/0.2069  Slide=0%/0.1746
    window_close    rew=  -9.524  ph=0  success=0/20 (0%) (partial) streak=0  | Reach=0%/0.1690  Grasp=0%/0.2483  Slide=0%/0.1736
    dial_turn       rew=  -3.792  ph=0  success=0/20 (0%) (partial) streak=0  | Reach=0%/0.1630  Descend=5%/0.0938  Grasp=5%/0.0938  Turn=0%/1.3319
    door_open       rew=  -5.376  ph=0  success=0/20 (0%) (partial) streak=0  | Reach=5%/0.1319  Grasp=0%/0.1721  Swing=0%/0.5916

Iter   20:  Σrew=-38.493  grad=1602.3(max 1782 of 3)  [phase1=11.6s bptt=23.7s elapsed=1206s]
  heads (0/11 clipped)   trunk |g|=194 lim=1500 x1.00
          reach x9  |g|=    1769 lim=  3000 x1.00       descend x3  |g|=     507 lim=  1500 x1.00  
          grasp x8  |g|=     105 lim=  1000 x1.00          move x2  |g|=       0 lim=  1000 x1.00  
        release x1  |g|=       0 lim=   500 x1.00   pull_drawer x1  |g|=       0 lim=  1000 x1.00  
    push_drawer x1  |g|=       0 lim=  1000 x1.00    slide_open x1  |g|=       0 lim=  1000 x1.00  
    slide_close x1  |g|=       0 lim=  1000 x1.00          turn x1  |g|=       0 lim=  1500 x1.00  
          swing x1  |g|=       0 lim=  2000 x1.00  
    reach           rew=  -5.486  ph=0  success=0/20 (0%) streak=0  | Reach=0%/0.1363
    cube_stacking   rew=  -5.252  ph=0  success=0/20 (0%) (partial) streak=0  | Reach=25%/0.0880  Descend=10%/0.1017  Grasp=10%/0.1017  Move=0%/0.1567  Release=100%/0.2044
    pick_and_place  rew=  -5.545  ph=0  success=0/20 (0%) (partial) streak=0  | Reach=10%/0.1222  Descend=5%/0.0949  Grasp=5%/0.0949  Move=0%/0.1496
    drawer_open     rew=  -3.991  ph=0  success=0/20 (0%) (partial) streak=0  | Reach=0%/0.1141  Grasp=15%/0.0648  Pull=0%/0.1483
    drawer_close    rew=  -1.693  ph=0  success=8/20 (40%) (partial) streak=0  | Reach=0%/0.0941  Grasp=5%/0.0900  Push=40%/0.0707
    window_open     rew=  -3.131  ph=0  success=4/20 (20%) (partial) streak=0  | Reach=0%/0.1881  Grasp=0%/0.1856  Slide=20%/0.1366
    window_close    rew=  -6.295  ph=0  success=0/20 (0%) (partial) streak=0  | Reach=0%/0.1849  Grasp=0%/0.2180  Slide=0%/0.1783
    dial_turn       rew=  -4.007  ph=0  success=0/20 (0%) (partial) streak=0  | Reach=0%/0.1596  Descend=10%/0.0895  Grasp=10%/0.0895  Turn=0%/1.5852
    door_open       rew=  -3.092  ph=0  success=0/20 (0%) (partial) streak=0  | Reach=0%/0.1409  Grasp=0%/0.1325  Swing=0%/0.6184

Iter   25:  Σrew=-26.996  grad=1169.1(max 2090 of 3)  [phase1=11.7s bptt=23.8s elapsed=1400s]
  heads (0/11 clipped)   trunk |g|=239 lim=1500 x1.00
          reach x9  |g|=    2076 lim=  3000 x1.00       descend x3  |g|=     377 lim=  1500 x1.00  
          grasp x8  |g|=      65 lim=  1000 x1.00          move x2  |g|=       0 lim=  1000 x1.00  
        release x1  |g|=       0 lim=   500 x1.00   pull_drawer x1  |g|=       0 lim=  1000 x1.00  
    push_drawer x1  |g|=       0 lim=  1000 x1.00    slide_open x1  |g|=       0 lim=  1000 x1.00  
    slide_close x1  |g|=       0 lim=  1000 x1.00          turn x1  |g|=       0 lim=  1500 x1.00  
          swing x1  |g|=       0 lim=  2000 x1.00  
    reach           rew=  -4.088  ph=0  success=0/20 (0%) streak=0  | Reach=0%/0.1178
    cube_stacking   rew=  -5.208  ph=0  success=0/20 (0%) (partial) streak=0  | Reach=30%/0.1083  Descend=10%/0.0933  Grasp=10%/0.0933  Move=0%/0.1554  Release=100%/0.2025
    pick_and_place  rew=  -5.167  ph=0  success=0/20 (0%) (partial) streak=0  | Reach=10%/0.1160  Descend=25%/0.0729  Grasp=25%/0.0729  Move=0%/0.1557
    drawer_open     rew=  -3.519  ph=0  success=0/20 (0%) (partial) streak=0  | Reach=5%/0.1168  Grasp=0%/0.0927  Pull=0%/0.1519
    drawer_close    rew=  -0.052  ph=0  success=2/20 (10%) (partial) streak=0  | Reach=0%/0.1012  Grasp=0%/0.0681  Push=10%/0.0870
    window_open     rew=  -2.892  ph=0  success=3/20 (15%) (partial) streak=0  | Reach=0%/0.1603  Grasp=0%/0.1197  Slide=15%/0.1382
    window_close    rew=  -4.863  ph=0  success=0/20 (0%) (partial) streak=0  | Reach=0%/0.1428  Grasp=0%/0.1153  Slide=0%/0.1731
    dial_turn       rew=  -1.047  ph=0  success=0/20 (0%) (partial) streak=0  | Reach=0%/0.1412  Descend=25%/0.0693  Grasp=25%/0.0693  Turn=0%/1.6727
    door_open       rew=  -0.160  ph=0  success=1/20 (5%) (partial) streak=0  | Reach=0%/0.1408  Grasp=0%/0.1221  Swing=5%/0.5064

Iter   30:  Σrew=-15.358  grad=891.9(max 976 of 3)  [phase1=21.7s bptt=23.8s elapsed=1592s]
  heads (0/11 clipped)   trunk |g|=159 lim=1500 x1.00
          reach x9  |g|=     962 lim=  3000 x1.00       descend x3  |g|=     471 lim=  1500 x1.00  
          grasp x8  |g|=      87 lim=  1000 x1.00          move x2  |g|=       0 lim=  1000 x1.00  
        release x1  |g|=       0 lim=   500 x1.00   pull_drawer x1  |g|=       0 lim=  1000 x1.00  
    push_drawer x1  |g|=       0 lim=  1000 x1.00    slide_open x1  |g|=       0 lim=  1000 x1.00  
    slide_close x1  |g|=       0 lim=  1000 x1.00          turn x1  |g|=       0 lim=  1500 x1.00  
          swing x1  |g|=       0 lim=  2000 x1.00  
    reach           rew=  -2.593  ph=0  success=0/20 (0%) streak=0  | Reach=0%/0.1251
    cube_stacking   rew=  -3.627  ph=0  success=0/20 (0%) (partial) streak=0  | Reach=60%/0.0656  Descend=15%/0.0678  Grasp=15%/0.0678  Move=0%/0.1493  Release=100%/0.1959
    pick_and_place  rew=  -4.514  ph=0  success=0/20 (0%) (partial) streak=0  | Reach=10%/0.0988  Descend=5%/0.0813  Grasp=5%/0.0813  Move=0%/0.1658
    drawer_open     rew=  -1.039  ph=0  success=0/20 (0%) (partial) streak=0  | Reach=10%/0.0968  Grasp=15%/0.0653  Pull=0%/0.1532
    drawer_close    rew=   0.688  ph=0  success=8/20 (40%) (partial) streak=0  | Reach=0%/0.1059  Grasp=0%/0.0861  Push=40%/0.0487
    window_open     rew=  -2.147  ph=0  success=4/20 (20%) (partial) streak=0  | Reach=5%/0.1483  Grasp=5%/0.1005  Slide=20%/0.1418
    window_close    rew=  -2.566  ph=0  success=2/20 (10%) (partial) streak=0  | Reach=10%/0.1066  Grasp=0%/0.1188  Slide=10%/0.1477
    dial_turn       rew=   2.685  ph=0  success=1/20 (5%) (partial) streak=0  | Reach=0%/0.1211  Descend=15%/0.0573  Grasp=15%/0.0573  Turn=5%/1.5288
    door_open       rew=  -2.245  ph=0  success=1/20 (5%) (partial) streak=0  | Reach=0%/0.1295  Grasp=0%/0.1439  Swing=5%/0.5916

Iter   35:  Σrew=-15.252  grad=1690.5(max 3028 of 3)  [phase1=11.6s bptt=23.8s elapsed=1776s]
  heads (0/11 clipped)   trunk |g|=346 lim=1500 x1.00
          reach x9  |g|=    2976 lim=  3000 x1.00       descend x3  |g|=     429 lim=  1500 x1.00  
          grasp x8  |g|=      82 lim=  1000 x1.00          move x2  |g|=       0 lim=  1000 x1.00  
        release x1  |g|=       0 lim=   500 x1.00   pull_drawer x1  |g|=       0 lim=  1000 x1.00  
    push_drawer x1  |g|=       0 lim=  1000 x1.00    slide_open x1  |g|=       0 lim=  1000 x1.00  
    slide_close x1  |g|=       0 lim=  1000 x1.00          turn x1  |g|=       0 lim=  1500 x1.00  
          swing x1  |g|=       0 lim=  2000 x1.00  
    reach           rew=  -5.095  ph=0  success=1/20 (5%) streak=0  | Reach=5%/0.1094
    cube_stacking   rew=  -1.673  ph=0  success=0/20 (0%) (partial) streak=0  | Reach=45%/0.0711  Descend=20%/0.0559  Grasp=20%/0.0559  Move=0%/0.1655  Release=100%/0.2131
    pick_and_place  rew=  -3.320  ph=0  success=0/20 (0%) (partial) streak=0  | Reach=25%/0.0708  Descend=30%/0.0574  Grasp=30%/0.0574  Move=0%/0.1500
    drawer_open     rew=  -0.986  ph=0  success=0/20 (0%) (partial) streak=0  | Reach=5%/0.0598  Grasp=10%/0.0730  Pull=0%/0.1566
    drawer_close    rew=   0.991  ph=0  success=6/20 (30%) (partial) streak=0  | Reach=5%/0.0742  Grasp=0%/0.0916  Push=30%/0.0686
    window_open     rew=  -0.487  ph=0  success=1/20 (5%) (partial) streak=0  | Reach=0%/0.1146  Grasp=5%/0.0785  Slide=5%/0.1519
    window_close    rew=  -4.020  ph=0  success=0/20 (0%) (partial) streak=0  | Reach=10%/0.0965  Grasp=0%/0.1132  Slide=0%/0.1627
    dial_turn       rew=   0.055  ph=0  success=0/20 (0%) (partial) streak=0  | Reach=0%/0.1108  Descend=15%/0.0791  Grasp=15%/0.0791  Turn=0%/1.5549
    door_open       rew=  -0.718  ph=0  success=0/20 (0%) (partial) streak=0  | Reach=15%/0.0877  Grasp=5%/0.1116  Swing=0%/0.6150

Iter   40:  Σrew=-3.326  grad=2673.0(max 6042 of 3)  [phase1=21.5s bptt=23.7s elapsed=1968s]
  heads (1/11 clipped)   trunk |g|=755 lim=1500 x1.00
          reach x9  |g|=    5990 lim=  3000 x0.50       descend x3  |g|=     221 lim=  1500 x1.00  
          grasp x8  |g|=     122 lim=  1000 x1.00          move x2  |g|=       0 lim=  1000 x1.00  
        release x1  |g|=       0 lim=   500 x1.00   pull_drawer x1  |g|=       0 lim=  1000 x1.00  
    push_drawer x1  |g|=       0 lim=  1000 x1.00    slide_open x1  |g|=       0 lim=  1000 x1.00  
    slide_close x1  |g|=       0 lim=  1000 x1.00          turn x1  |g|=       0 lim=  1500 x1.00  
          swing x1  |g|=       0 lim=  2000 x1.00  
    reach           rew=  -3.219  ph=0  success=1/20 (5%) streak=0  | Reach=5%/0.0984
    cube_stacking   rew=  -3.269  ph=0  success=0/20 (0%) (partial) streak=0  | Reach=40%/0.0707  Descend=10%/0.0666  Grasp=10%/0.0666  Move=0%/0.1598  Release=100%/0.2075
    pick_and_place  rew=  -2.095  ph=0  success=0/20 (0%) (partial) streak=0  | Reach=15%/0.0777  Descend=50%/0.0454  Grasp=50%/0.0454  Move=0%/0.1556
    drawer_open     rew=  -0.615  ph=0  success=0/20 (0%) (partial) streak=0  | Reach=5%/0.0594  Grasp=15%/0.0460  Pull=0%/0.1463
    drawer_close    rew=   1.508  ph=0  success=3/20 (15%) (partial) streak=0  | Reach=0%/0.0760  Grasp=0%/0.0885  Push=15%/0.0938
    window_open     rew=   1.981  ph=0  success=7/20 (35%) (partial) streak=0  | Reach=0%/0.0977  Grasp=5%/0.1020  Slide=35%/0.1190
    window_close    rew=  -0.619  ph=0  success=0/20 (0%) (partial) streak=0  | Reach=15%/0.0709  Grasp=0%/0.0700  Slide=0%/0.1837
    dial_turn       rew=   1.778  ph=0  success=0/20 (0%) (partial) streak=0  | Reach=0%/0.0856  Descend=5%/0.0672  Grasp=5%/0.0672  Turn=0%/1.5219
    door_open       rew=   1.224  ph=0  success=0/20 (0%) (partial) streak=0  | Reach=5%/0.1196  Grasp=0%/0.1139  Swing=0%/0.6158

Iter   45:  Σrew=0.430  grad=2255.5(max 3787 of 3)  [phase1=11.7s bptt=23.8s elapsed=2152s]
  heads (1/11 clipped)   trunk |g|=387 lim=1500 x1.00
          reach x9  |g|=    3748 lim=  3000 x0.80       descend x3  |g|=     363 lim=  1500 x1.00  
          grasp x8  |g|=     160 lim=  1000 x1.00          move x2  |g|=       0 lim=  1000 x1.00  
        release x1  |g|=       0 lim=   500 x1.00   pull_drawer x1  |g|=       0 lim=  1000 x1.00  
    push_drawer x1  |g|=       0 lim=  1000 x1.00    slide_open x1  |g|=       0 lim=  1000 x1.00  
    slide_close x1  |g|=       0 lim=  1000 x1.00          turn x1  |g|=       0 lim=  1500 x1.00  
          swing x1  |g|=       0 lim=  2000 x1.00  
    reach           rew=  -4.116  ph=0  success=2/20 (10%) streak=0  | Reach=10%/0.1007
    cube_stacking   rew=  -1.838  ph=0  success=0/20 (0%) (partial) streak=0  | Reach=20%/0.0862  Descend=30%/0.0555  Grasp=30%/0.0555  Move=10%/0.1492  Release=100%/0.1947
    pick_and_place  rew=  -1.765  ph=0  success=0/20 (0%) (partial) streak=0  | Reach=10%/0.0684  Descend=30%/0.0629  Grasp=30%/0.0629  Move=0%/0.1650
    drawer_open     rew=   0.685  ph=0  success=0/20 (0%) (partial) streak=0  | Reach=10%/0.0690  Grasp=10%/0.0685  Pull=0%/0.1503
    drawer_close    rew=   3.186  ph=0  success=11/20 (55%) (partial) streak=0  | Reach=5%/0.0682  Grasp=5%/0.0832  Push=55%/0.0332
    window_open     rew=   3.535  ph=0  success=2/20 (10%) (partial) streak=0  | Reach=10%/0.1003  Grasp=5%/0.1365  Slide=10%/0.1372
    window_close    rew=   0.652  ph=0  success=0/20 (0%) (partial) streak=0  | Reach=0%/0.0723  Grasp=0%/0.0829  Slide=0%/0.1876
    dial_turn       rew=   3.140  ph=0  success=0/20 (0%) (partial) streak=0  | Reach=10%/0.0780  Descend=15%/0.0601  Grasp=15%/0.0601  Turn=0%/1.4714
    door_open       rew=  -3.050  ph=0  success=0/20 (0%) (partial) streak=0  | Reach=10%/0.1018  Grasp=5%/0.1237  Swing=0%/0.6307

Iter   50:  Σrew=14.575  grad=1709.1(max 1956 of 3)  [phase1=11.8s bptt=23.7s elapsed=2345s]
  heads (0/11 clipped)   trunk |g|=272 lim=1500 x1.00
          reach x9  |g|=    1772 lim=  3000 x1.00       descend x3  |g|=     727 lim=  1500 x1.00  
          grasp x8  |g|=     284 lim=  1000 x1.00          move x2  |g|=       0 lim=  1000 x1.00  
        release x1  |g|=       0 lim=   500 x1.00   pull_drawer x1  |g|=       0 lim=  1000 x1.00  
    push_drawer x1  |g|=       0 lim=  1000 x1.00    slide_open x1  |g|=       0 lim=  1000 x1.00  
    slide_close x1  |g|=       0 lim=  1000 x1.00          turn x1  |g|=       0 lim=  1500 x1.00  
          swing x1  |g|=       0 lim=  2000 x1.00  
    reach           rew=  -3.227  ph=0  success=1/20 (5%) streak=0  | Reach=5%/0.0862
    cube_stacking   rew=  -1.972  ph=0  success=0/20 (0%) (partial) streak=0  | Reach=15%/0.0996  Descend=10%/0.0555  Grasp=10%/0.0555  Move=5%/0.1678  Release=100%/0.2157
    pick_and_place  rew=  -2.868  ph=0  success=0/20 (0%) (partial) streak=0  | Reach=5%/0.0794  Descend=30%/0.0585  Grasp=30%/0.0585  Move=0%/0.1690
    drawer_open     rew=   2.544  ph=0  success=0/20 (0%) (partial) streak=0  | Reach=5%/0.0640  Grasp=0%/0.0558  Pull=0%/0.1569
    drawer_close    rew=   4.196  ph=0  success=4/20 (20%) (partial) streak=0  | Reach=5%/0.0819  Grasp=5%/0.0836  Push=20%/0.0674
    window_open     rew=   2.340  ph=0  success=5/20 (25%) (partial) streak=0  | Reach=0%/0.0972  Grasp=5%/0.1239  Slide=25%/0.1212
    window_close    rew=   5.453  ph=0  success=0/20 (0%) (partial) streak=0  | Reach=20%/0.0547  Grasp=5%/0.0809  Slide=0%/0.1905
    dial_turn       rew=   4.134  ph=0  success=0/20 (0%) (partial) streak=0  | Reach=5%/0.1207  Descend=20%/0.0647  Grasp=20%/0.0647  Turn=0%/1.3903
    door_open       rew=   3.974  ph=0  success=0/20 (0%) (partial) streak=0  | Reach=5%/0.0721  Grasp=0%/0.1057  Swing=0%/0.6052
  ✓ saved vision_all_balance_{params,obs_rms,opt}.pkl + _{learning,gradients}.png at iter 50

Iter   55:  Σrew=2.480  grad=2129.6(max 2758 of 3)  [phase1=11.8s bptt=23.9s elapsed=2536s]
  heads (0/11 clipped)   trunk |g|=357 lim=1500 x1.00
          reach x9  |g|=    2715 lim=  3000 x1.00       descend x3  |g|=     318 lim=  1500 x1.00  
          grasp x8  |g|=     150 lim=  1000 x1.00          move x2  |g|=       0 lim=  1000 x1.00  
        release x1  |g|=       0 lim=   500 x1.00   pull_drawer x1  |g|=       0 lim=  1000 x1.00  
    push_drawer x1  |g|=       0 lim=  1000 x1.00    slide_open x1  |g|=       0 lim=  1000 x1.00  
    slide_close x1  |g|=       0 lim=  1000 x1.00          turn x1  |g|=       0 lim=  1500 x1.00  
          swing x1  |g|=       0 lim=  2000 x1.00  
    reach           rew=  -2.972  ph=0  success=1/20 (5%) streak=0  | Reach=5%/0.0801
    cube_stacking   rew=  -1.036  ph=0  success=0/20 (0%) (partial) streak=0  | Reach=35%/0.0783  Descend=15%/0.0536  Grasp=15%/0.0536  Move=5%/0.1559  Release=100%/0.2029
    pick_and_place  rew=  -3.190  ph=0  success=0/20 (0%) (partial) streak=0  | Reach=10%/0.0751  Descend=15%/0.0766  Grasp=15%/0.0766  Move=0%/0.1688
    drawer_open     rew=   2.278  ph=0  success=0/20 (0%) (partial) streak=0  | Reach=20%/0.0508  Grasp=35%/0.0389  Pull=0%/0.1481
    drawer_close    rew=   1.948  ph=0  success=6/20 (30%) (partial) streak=0  | Reach=5%/0.0599  Grasp=5%/0.0652  Push=30%/0.0709
    window_open     rew=   0.121  ph=0  success=2/20 (10%) (partial) streak=0  | Reach=5%/0.1025  Grasp=5%/0.1093  Slide=10%/0.1353
    window_close    rew=  -3.440  ph=0  success=0/20 (0%) (partial) streak=0  | Reach=0%/0.1173  Grasp=15%/0.1042  Slide=0%/0.1839
    dial_turn       rew=   3.417  ph=0  success=0/20 (0%) (partial) streak=0  | Reach=25%/0.0576  Descend=10%/0.0700  Grasp=10%/0.0700  Turn=0%/1.4890
    door_open       rew=   5.355  ph=0  success=0/20 (0%) (partial) streak=0  | Reach=20%/0.0584  Grasp=15%/0.0790  Swing=0%/0.6233

Iter   60:  Σrew=18.808  grad=1045.7(max 1329 of 3)  [phase1=21.5s bptt=23.7s elapsed=2729s]
  heads (0/11 clipped)   trunk |g|=253 lim=1500 x1.00
          reach x9  |g|=    1283 lim=  3000 x1.00       descend x3  |g|=     393 lim=  1500 x1.00  
          grasp x8  |g|=     118 lim=  1000 x1.00          move x2  |g|=       0 lim=  1000 x1.00  
        release x1  |g|=       0 lim=   500 x1.00   pull_drawer x1  |g|=       0 lim=  1000 x1.00  
    push_drawer x1  |g|=       0 lim=  1000 x1.00    slide_open x1  |g|=       0 lim=  1000 x1.00  
    slide_close x1  |g|=       0 lim=  1000 x1.00          turn x1  |g|=       0 lim=  1500 x1.00  
          swing x1  |g|=       0 lim=  2000 x1.00  
    reach           rew=  -2.657  ph=0  success=1/20 (5%) streak=0  | Reach=5%/0.0888
    cube_stacking   rew=  -0.219  ph=0  success=0/20 (0%) (partial) streak=0  | Reach=40%/0.0736  Descend=20%/0.0560  Grasp=20%/0.0560  Move=0%/0.1650  Release=100%/0.2133
    pick_and_place  rew=  -1.336  ph=0  success=0/20 (0%) (partial) streak=0  | Reach=15%/0.0699  Descend=20%/0.0739  Grasp=20%/0.0739  Move=0%/0.1545
    drawer_open     rew=   3.334  ph=0  success=0/20 (0%) (partial) streak=0  | Reach=0%/0.0648  Grasp=30%/0.0483  Pull=0%/0.1566
    drawer_close    rew=   6.645  ph=0  success=11/20 (55%) (partial) streak=0  | Reach=15%/0.0610  Grasp=30%/0.0422  Push=55%/0.0400
    window_open     rew=   2.035  ph=0  success=9/20 (45%) (partial) streak=0  | Reach=5%/0.0725  Grasp=20%/0.0817  Slide=45%/0.0725
    window_close    rew=   3.383  ph=0  success=0/20 (0%) (partial) streak=0  | Reach=30%/0.0536  Grasp=20%/0.0556  Slide=0%/0.1944
    dial_turn       rew=   3.246  ph=0  success=1/20 (5%) (partial) streak=0  | Reach=20%/0.0618  Descend=10%/0.0637  Grasp=10%/0.0637  Turn=5%/1.2936
    door_open       rew=   4.377  ph=0  success=0/20 (0%) (partial) streak=0  | Reach=20%/0.0722  Grasp=5%/0.0834  Swing=0%/0.6363

Iter   65:  Σrew=29.349  grad=1923.4(max 2797 of 3)  [phase1=11.7s bptt=23.7s elapsed=2912s]
  heads (0/11 clipped)   trunk |g|=337 lim=1500 x1.00
          reach x9  |g|=    2772 lim=  3000 x1.00       descend x3  |g|=     264 lim=  1500 x1.00  
          grasp x8  |g|=     174 lim=  1000 x1.00          move x2  |g|=       0 lim=  1000 x1.00  
        release x1  |g|=       0 lim=   500 x1.00   pull_drawer x1  |g|=       0 lim=  1000 x1.00  
    push_drawer x1  |g|=       0 lim=  1000 x1.00    slide_open x1  |g|=       0 lim=  1000 x1.00  
    slide_close x1  |g|=       0 lim=  1000 x1.00          turn x1  |g|=       0 lim=  1500 x1.00  
          swing x1  |g|=       0 lim=  2000 x1.00  
    reach           rew=  -3.318  ph=0  success=2/20 (10%) streak=0  | Reach=10%/0.0981
    cube_stacking   rew=  -0.357  ph=0  success=0/20 (0%) (partial) streak=0  | Reach=60%/0.0588  Descend=35%/0.0445  Grasp=35%/0.0445  Move=0%/0.1578  Release=100%/0.2049
    pick_and_place  rew=  -0.517  ph=0  success=0/20 (0%) (partial) streak=0  | Reach=35%/0.0623  Descend=15%/0.0592  Grasp=15%/0.0592  Move=0%/0.1599
    drawer_open     rew=   5.753  ph=0  success=0/20 (0%) (partial) streak=0  | Reach=10%/0.0597  Grasp=10%/0.0495  Pull=0%/0.1591
    drawer_close    rew=   8.048  ph=0  success=9/20 (45%) (partial) streak=0  | Reach=10%/0.0849  Grasp=0%/0.0900  Push=45%/0.0425
    window_open     rew=   3.340  ph=0  success=3/20 (15%) (partial) streak=0  | Reach=5%/0.0811  Grasp=10%/0.0760  Slide=15%/0.1193
    window_close    rew=   0.712  ph=0  success=0/20 (0%) (partial) streak=0  | Reach=10%/0.0875  Grasp=15%/0.0583  Slide=0%/0.1769
    dial_turn       rew=   3.640  ph=0  success=0/20 (0%) (partial) streak=0  | Reach=0%/0.0740  Descend=0%/0.0876  Grasp=0%/0.0876  Turn=0%/1.5165
    door_open       rew=  12.049  ph=0  success=0/20 (0%) (partial) streak=0  | Reach=5%/0.0843  Grasp=5%/0.0889  Swing=0%/0.6367

Iter   70:  Σrew=26.576  grad=1914.0(max 2955 of 3)  [phase1=11.9s bptt=23.7s elapsed=3106s]
  heads (1/11 clipped)   trunk |g|=541 lim=1500 x1.00
        descend x3  |g|=    2513 lim=  1500 x0.60         reach x9  |g|=    1786 lim=  3000 x1.00  
          grasp x8  |g|=     222 lim=  1000 x1.00          move x2  |g|=       0 lim=  1000 x1.00  
        release x1  |g|=       0 lim=   500 x1.00   pull_drawer x1  |g|=       0 lim=  1000 x1.00  
    push_drawer x1  |g|=       0 lim=  1000 x1.00    slide_open x1  |g|=       0 lim=  1000 x1.00  
    slide_close x1  |g|=       0 lim=  1000 x1.00          turn x1  |g|=       0 lim=  1500 x1.00  
          swing x1  |g|=       0 lim=  2000 x1.00  
    reach           rew=  -2.753  ph=0  success=2/20 (10%) streak=0  | Reach=10%/0.1206
    cube_stacking   rew=  -0.363  ph=0  success=0/20 (0%) (partial) streak=0  | Reach=10%/0.0899  Descend=15%/0.0668  Grasp=15%/0.0668  Move=0%/0.1733  Release=100%/0.2217
    pick_and_place  rew=  -0.180  ph=0  success=0/20 (0%) (partial) streak=0  | Reach=25%/0.0635  Descend=15%/0.0826  Grasp=15%/0.0826  Move=0%/0.1548
    drawer_open     rew=   2.359  ph=0  success=0/20 (0%) (partial) streak=0  | Reach=10%/0.0618  Grasp=25%/0.0422  Pull=0%/0.1535
    drawer_close    rew=   7.138  ph=0  success=5/20 (25%) (partial) streak=0  | Reach=10%/0.0541  Grasp=30%/0.0485  Push=25%/0.0526
    window_open     rew=   7.672  ph=0  success=0/20 (0%) (partial) streak=0  | Reach=20%/0.0661  Grasp=35%/0.0455  Slide=0%/0.1701
    window_close    rew=   4.436  ph=0  success=0/20 (0%) (partial) streak=0  | Reach=0%/0.0761  Grasp=5%/0.0607  Slide=0%/0.1778
    dial_turn       rew=   4.438  ph=0  success=0/20 (0%) (partial) streak=0  | Reach=0%/0.0694  Descend=0%/0.1076  Grasp=0%/0.1076  Turn=0%/1.5699
    door_open       rew=   3.830  ph=0  success=0/20 (0%) (partial) streak=0  | Reach=20%/0.0832  Grasp=25%/0.0786  Swing=0%/0.6698

Iter   75:  Σrew=36.278  grad=1818.1(max 3024 of 3)  [phase1=11.5s bptt=23.8s elapsed=3288s]
  heads (0/11 clipped)   trunk |g|=469 lim=1500 x1.00
          reach x9  |g|=    2974 lim=  3000 x1.00       descend x3  |g|=     221 lim=  1500 x1.00  
          grasp x8  |g|=     200 lim=  1000 x1.00          move x2  |g|=       0 lim=  1000 x1.00  
        release x1  |g|=       0 lim=   500 x1.00   pull_drawer x1  |g|=       0 lim=  1000 x1.00  
    push_drawer x1  |g|=       0 lim=  1000 x1.00    slide_open x1  |g|=       0 lim=  1000 x1.00  
    slide_close x1  |g|=       0 lim=  1000 x1.00          turn x1  |g|=       0 lim=  1500 x1.00  
          swing x1  |g|=       0 lim=  2000 x1.00  
    reach           rew=  -0.519  ph=0  success=3/20 (15%) streak=0  | Reach=15%/0.0759
    cube_stacking   rew=   0.644  ph=0  success=0/20 (0%) (partial) streak=0  | Reach=45%/0.0655  Descend=50%/0.0494  Grasp=50%/0.0494  Move=0%/0.1609  Release=100%/0.2089
    pick_and_place  rew=  -0.524  ph=0  success=0/20 (0%) (partial) streak=0  | Reach=15%/0.0690  Descend=15%/0.0609  Grasp=15%/0.0609  Move=0%/0.1664
    drawer_open     rew=   7.361  ph=0  success=0/20 (0%) (partial) streak=0  | Reach=25%/0.0481  Grasp=15%/0.0487  Pull=0%/0.1577
    drawer_close    rew=   9.423  ph=0  success=10/20 (50%) (partial) streak=0  | Reach=0%/0.0560  Grasp=30%/0.0522  Push=50%/0.0240
    window_open     rew=   3.948  ph=0  success=7/20 (35%) (partial) streak=0  | Reach=5%/0.0781  Grasp=10%/0.0823  Slide=35%/0.1199
    window_close    rew=   6.096  ph=0  success=1/20 (5%) (partial) streak=0  | Reach=25%/0.0470  Grasp=20%/0.0437  Slide=5%/0.1650
    dial_turn       rew=   5.956  ph=0  success=0/20 (0%) (partial) streak=0  | Reach=0%/0.0751  Descend=15%/0.0425  Grasp=15%/0.0425  Turn=0%/1.1921
    door_open       rew=   3.892  ph=0  success=0/20 (0%) (partial) streak=0  | Reach=0%/0.0905  Grasp=5%/0.0937  Swing=0%/0.6114

Iter   80:  Σrew=28.196  grad=3902.2(max 5753 of 3)  [phase1=11.9s bptt=23.8s elapsed=3481s]
  heads (1/11 clipped)   trunk |g|=726 lim=1500 x1.00
          reach x9  |g|=    5706 lim=  3000 x0.53       descend x3  |g|=     318 lim=  1500 x1.00  
          grasp x8  |g|=     138 lim=  1000 x1.00          move x2  |g|=       0 lim=  1000 x1.00  
        release x1  |g|=       0 lim=   500 x1.00   pull_drawer x1  |g|=       0 lim=  1000 x1.00  
    push_drawer x1  |g|=       0 lim=  1000 x1.00    slide_open x1  |g|=       0 lim=  1000 x1.00  
    slide_close x1  |g|=       0 lim=  1000 x1.00          turn x1  |g|=       0 lim=  1500 x1.00  
          swing x1  |g|=       0 lim=  2000 x1.00  
    reach           rew=  -2.417  ph=0  success=1/20 (5%) streak=0  | Reach=5%/0.0747
    cube_stacking   rew=   1.409  ph=0  success=0/20 (0%) (partial) streak=0  | Reach=70%/0.0497  Descend=60%/0.0391  Grasp=60%/0.0391  Move=0%/0.1617  Release=100%/0.2098
    pick_and_place  rew=  -1.839  ph=0  success=0/20 (0%) (partial) streak=0  | Reach=50%/0.0456  Descend=20%/0.0632  Grasp=20%/0.0632  Move=0%/0.1542
    drawer_open     rew=   4.167  ph=0  success=0/20 (0%) (partial) streak=0  | Reach=20%/0.0626  Grasp=30%/0.0498  Pull=0%/0.1553
    drawer_close    rew=   8.791  ph=0  success=14/20 (70%) (partial) streak=0  | Reach=10%/0.0505  Grasp=5%/0.0564  Push=70%/0.0206
    window_open     rew=   3.662  ph=0  success=7/20 (35%) (partial) streak=0  | Reach=15%/0.0663  Grasp=10%/0.0606  Slide=35%/0.0778
    window_close    rew=   4.075  ph=0  success=0/20 (0%) (partial) streak=0  | Reach=10%/0.0718  Grasp=25%/0.0626  Slide=0%/0.1881
    dial_turn       rew=   5.356  ph=0  success=0/20 (0%) (partial) streak=0  | Reach=10%/0.0483  Descend=15%/0.0605  Grasp=15%/0.0605  Turn=0%/1.4706
    door_open       rew=   4.992  ph=0  success=0/20 (0%) (partial) streak=0  | Reach=15%/0.0859  Grasp=15%/0.0999  Swing=0%/0.6019

Iter   85:  Σrew=53.631  grad=2576.4(max 3428 of 3)  [phase1=11.5s bptt=23.7s elapsed=3664s]
  heads (1/11 clipped)   trunk |g|=617 lim=1500 x1.00
          reach x9  |g|=    3364 lim=  3000 x0.89       descend x3  |g|=     686 lim=  1500 x1.00  
          grasp x8  |g|=     448 lim=  1000 x1.00          move x2  |g|=       0 lim=  1000 x1.00  
        release x1  |g|=       0 lim=   500 x1.00   pull_drawer x1  |g|=       0 lim=  1000 x1.00  
    push_drawer x1  |g|=       0 lim=  1000 x1.00    slide_open x1  |g|=       0 lim=  1000 x1.00  
    slide_close x1  |g|=       0 lim=  1000 x1.00          turn x1  |g|=       0 lim=  1500 x1.00  
          swing x1  |g|=       0 lim=  2000 x1.00  
    reach           rew=   0.004  ph=0  success=2/20 (10%) streak=0  | Reach=10%/0.0799
    cube_stacking   rew=   1.560  ph=0  success=0/20 (0%) (partial) streak=0  | Reach=45%/0.0741  Descend=50%/0.0434  Grasp=50%/0.0434  Move=0%/0.1653  Release=100%/0.2131
    pick_and_place  rew=   1.420  ph=0  success=0/20 (0%) (partial) streak=0  | Reach=25%/0.0645  Descend=40%/0.0537  Grasp=40%/0.0537  Move=0%/0.1567
    drawer_open     rew=   8.170  ph=0  success=0/20 (0%) (partial) streak=0  | Reach=5%/0.0690  Grasp=5%/0.0590  Pull=0%/0.1505
    drawer_close    rew=  12.878  ph=0  success=10/20 (50%) (partial) streak=0  | Reach=15%/0.0563  Grasp=20%/0.0498  Push=50%/0.0400
    window_open     rew=   8.596  ph=0  success=6/20 (30%) (partial) streak=0  | Reach=10%/0.0763  Grasp=20%/0.0751  Slide=30%/0.1078
    window_close    rew=   6.975  ph=0  success=1/20 (5%) (partial) streak=0  | Reach=25%/0.0581  Grasp=30%/0.0552  Slide=5%/0.1668
    dial_turn       rew=   6.659  ph=0  success=0/20 (0%) (partial) streak=0  | Reach=10%/0.0656  Descend=5%/0.0652  Grasp=5%/0.0652  Turn=0%/1.2989
    door_open       rew=   7.369  ph=0  success=0/20 (0%) (partial) streak=0  | Reach=15%/0.0616  Grasp=15%/0.0604  Swing=0%/0.6782

Iter   90:  Σrew=56.097  grad=1911.3(max 3092 of 3)  [phase1=11.9s bptt=23.7s elapsed=3857s]
  heads (1/11 clipped)   trunk |g|=489 lim=1500 x1.00
          reach x9  |g|=    3017 lim=  3000 x0.99       descend x3  |g|=     816 lim=  1500 x1.00  
          grasp x8  |g|=     274 lim=  1000 x1.00          move x2  |g|=       0 lim=  1000 x1.00  
        release x1  |g|=       0 lim=   500 x1.00   pull_drawer x1  |g|=       0 lim=  1000 x1.00  
    push_drawer x1  |g|=       0 lim=  1000 x1.00    slide_open x1  |g|=       0 lim=  1000 x1.00  
    slide_close x1  |g|=       0 lim=  1000 x1.00          turn x1  |g|=       0 lim=  1500 x1.00  
          swing x1  |g|=       0 lim=  2000 x1.00  
    reach           rew=  -2.889  ph=0  success=0/20 (0%) streak=0  | Reach=0%/0.0669
    cube_stacking   rew=   1.683  ph=0  success=0/20 (0%) (partial) streak=0  | Reach=65%/0.0519  Descend=55%/0.0343  Grasp=55%/0.0343  Move=5%/0.1486  Release=100%/0.1949
    pick_and_place  rew=   0.408  ph=0  success=0/20 (0%) (partial) streak=0  | Reach=30%/0.0645  Descend=60%/0.0398  Grasp=60%/0.0398  Move=0%/0.1633
    drawer_open     rew=  13.354  ph=0  success=0/20 (0%) (partial) streak=0  | Reach=50%/0.0320  Grasp=30%/0.0417  Pull=0%/0.1428
    drawer_close    rew=  14.216  ph=0  success=10/20 (50%) (partial) streak=0  | Reach=35%/0.0398  Grasp=20%/0.0408  Push=50%/0.0345
    window_open     rew=   7.635  ph=0  success=5/20 (25%) (partial) streak=0  | Reach=20%/0.0797  Grasp=10%/0.0827  Slide=25%/0.1252
    window_close    rew=   7.664  ph=0  success=1/20 (5%) (partial) streak=0  | Reach=10%/0.0698  Grasp=40%/0.0625  Slide=5%/0.1722
    dial_turn       rew=   8.261  ph=0  success=0/20 (0%) (partial) streak=0  | Reach=5%/0.0572  Descend=30%/0.0468  Grasp=30%/0.0468  Turn=0%/1.5405
    door_open       rew=   5.766  ph=0  success=0/20 (0%) (partial) streak=0  | Reach=10%/0.0738  Grasp=15%/0.0858  Swing=0%/0.6027

Iter   95:  Σrew=52.581  grad=2516.2(max 3025 of 3)  [phase1=11.7s bptt=23.7s elapsed=4041s]
  heads (0/11 clipped)   trunk |g|=446 lim=1500 x1.00
          reach x9  |g|=    2924 lim=  3000 x1.00         grasp x8  |g|=     676 lim=  1000 x1.00  
        descend x3  |g|=     499 lim=  1500 x1.00          move x2  |g|=       0 lim=  1000 x1.00  
        release x1  |g|=       0 lim=   500 x1.00   pull_drawer x1  |g|=       0 lim=  1000 x1.00  
    push_drawer x1  |g|=       0 lim=  1000 x1.00    slide_open x1  |g|=       0 lim=  1000 x1.00  
    slide_close x1  |g|=       0 lim=  1000 x1.00          turn x1  |g|=       0 lim=  1500 x1.00  
          swing x1  |g|=       0 lim=  2000 x1.00  
    reach           rew=  -0.023  ph=0  success=1/20 (5%) streak=0  | Reach=5%/0.0645
    cube_stacking   rew=   1.746  ph=0  success=0/20 (0%) (partial) streak=0  | Reach=45%/0.0594  Descend=60%/0.0437  Grasp=60%/0.0437  Move=0%/0.1654  Release=100%/0.2121
    pick_and_place  rew=   2.125  ph=0  success=0/20 (0%) (partial) streak=0  | Reach=25%/0.0607  Descend=75%/0.0372  Grasp=75%/0.0372  Move=0%/0.1655
    drawer_open     rew=  10.829  ph=0  success=0/20 (0%) (partial) streak=0  | Reach=0%/0.0429  Grasp=10%/0.0440  Pull=0%/0.1498
    drawer_close    rew=  11.755  ph=0  success=9/20 (45%) (partial) streak=0  | Reach=15%/0.0516  Grasp=5%/0.0504  Push=45%/0.0373
    window_open     rew=   3.007  ph=0  success=6/20 (30%) (partial) streak=0  | Reach=10%/0.0864  Grasp=10%/0.0793  Slide=30%/0.1014
    window_close    rew=   6.757  ph=0  success=0/20 (0%) (partial) streak=0  | Reach=0%/0.0712  Grasp=0%/0.0688  Slide=0%/0.1861
    dial_turn       rew=   7.600  ph=0  success=0/20 (0%) (partial) streak=0  | Reach=20%/0.0441  Descend=65%/0.0341  Grasp=65%/0.0341  Turn=0%/1.5257
    door_open       rew=   8.784  ph=0  success=1/20 (5%) (partial) streak=0  | Reach=10%/0.0640  Grasp=15%/0.0812  Swing=5%/0.5839

Iter  100:  Σrew=52.079  grad=2541.2(max 4817 of 3)  [phase1=11.8s bptt=23.9s elapsed=4234s]
  heads (1/11 clipped)   trunk |g|=711 lim=1500 x1.00
          reach x9  |g|=    4715 lim=  3000 x0.64       descend x3  |g|=     662 lim=  1500 x1.00  
          grasp x8  |g|=     358 lim=  1000 x1.00          move x2  |g|=       0 lim=  1000 x1.00  
        release x1  |g|=       0 lim=   500 x1.00   pull_drawer x1  |g|=       0 lim=  1000 x1.00  
    push_drawer x1  |g|=       0 lim=  1000 x1.00    slide_open x1  |g|=       0 lim=  1000 x1.00  
    slide_close x1  |g|=       0 lim=  1000 x1.00          turn x1  |g|=       0 lim=  1500 x1.00  
          swing x1  |g|=       0 lim=  2000 x1.00  
    reach           rew=  -1.826  ph=0  success=2/20 (10%) streak=0  | Reach=10%/0.0676
    cube_stacking   rew=  -0.025  ph=0  success=0/20 (0%) (partial) streak=0  | Reach=60%/0.0549  Descend=10%/0.0651  Grasp=10%/0.0651  Move=0%/0.1601  Release=100%/0.2078
    pick_and_place  rew=   2.768  ph=0  success=0/20 (0%) (partial) streak=0  | Reach=30%/0.0622  Descend=40%/0.0510  Grasp=40%/0.0510  Move=0%/0.1560
    drawer_open     rew=   8.890  ph=0  success=0/20 (0%) (partial) streak=0  | Reach=35%/0.0415  Grasp=50%/0.0355  Pull=0%/0.1481
    drawer_close    rew=  12.555  ph=0  success=12/20 (60%) (partial) streak=0  | Reach=40%/0.0366  Grasp=55%/0.0371  Push=60%/0.0255
    window_open     rew=   4.672  ph=0  success=12/20 (60%) (partial) streak=0  | Reach=5%/0.0822  Grasp=30%/0.0754  Slide=60%/0.0739
    window_close    rew=   7.162  ph=0  success=0/20 (0%) (partial) streak=0  | Reach=40%/0.0498  Grasp=55%/0.0360  Slide=0%/0.1756
    dial_turn       rew=   7.954  ph=0  success=0/20 (0%) (partial) streak=0  | Reach=50%/0.0379  Descend=40%/0.0377  Grasp=40%/0.0377  Turn=0%/1.6311
    door_open       rew=   9.929  ph=0  success=0/20 (0%) (partial) streak=0  | Reach=25%/0.0495  Grasp=25%/0.0625  Swing=0%/0.6244
  ✓ saved vision_all_balance_{params,obs_rms,opt}.pkl + _{learning,gradients}.png at iter 100

Iter  105:  Σrew=49.946  grad=2366.0(max 3184 of 3)  [phase1=11.7s bptt=23.7s elapsed=4427s]
  heads (1/11 clipped)   trunk |g|=490 lim=1500 x1.00
          reach x9  |g|=    3118 lim=  3000 x0.96       descend x3  |g|=     710 lim=  1500 x1.00  
          grasp x8  |g|=     297 lim=  1000 x1.00          move x2  |g|=       0 lim=  1000 x1.00  
        release x1  |g|=       0 lim=   500 x1.00   pull_drawer x1  |g|=       0 lim=  1000 x1.00  
    push_drawer x1  |g|=       0 lim=  1000 x1.00    slide_open x1  |g|=       0 lim=  1000 x1.00  
    slide_close x1  |g|=       0 lim=  1000 x1.00          turn x1  |g|=       0 lim=  1500 x1.00  
          swing x1  |g|=       0 lim=  2000 x1.00  
    reach           rew=  -0.791  ph=0  success=1/20 (5%) streak=0  | Reach=5%/0.0950
    cube_stacking   rew=  -0.590  ph=0  success=0/20 (0%) (partial) streak=0  | Reach=60%/0.0562  Descend=35%/0.0501  Grasp=35%/0.0501  Move=0%/0.1661  Release=100%/0.2149
    ──→ cube_stacking: phase 1, active=55
    pick_and_place  rew=   1.161  ph=0  success=0/20 (0%) (partial) streak=0  | Reach=15%/0.0586  Descend=45%/0.0407  Grasp=45%/0.0407  Move=0%/0.1569
    drawer_open     rew=  13.974  ph=0  success=0/20 (0%) (partial) streak=0  | Reach=0%/0.0542  Grasp=0%/0.0541  Pull=0%/0.1553
    drawer_close    rew=  10.296  ph=0  success=12/20 (60%) (partial) streak=0  | Reach=35%/0.0459  Grasp=25%/0.0439  Push=60%/0.0360
    window_open     rew=   4.302  ph=0  success=8/20 (40%) (partial) streak=0  | Reach=10%/0.0696  Grasp=5%/0.0720  Slide=40%/0.0849
    window_close    rew=   3.853  ph=0  success=0/20 (0%) (partial) streak=0  | Reach=20%/0.0551  Grasp=30%/0.0444  Slide=0%/0.1596
    dial_turn       rew=   8.192  ph=0  success=0/20 (0%) (partial) streak=0  | Reach=10%/0.0520  Descend=40%/0.0415  Grasp=40%/0.0415  Turn=0%/1.5474
    door_open       rew=   9.550  ph=0  success=0/20 (0%) (partial) streak=0  | Reach=25%/0.0557  Grasp=5%/0.0596  Swing=0%/0.6601

Iter  110:  Σrew=74.552  grad=2498.3(max 3909 of 3)  [phase1=22.0s bptt=24.4s elapsed=4624s]
  heads (1/11 clipped)   trunk |g|=657 lim=1500 x1.00
          reach x9  |g|=    3777 lim=  3000 x0.79       descend x3  |g|=     572 lim=  1500 x1.00  
          grasp x8  |g|=     508 lim=  1000 x1.00          move x2  |g|=       0 lim=  1000 x1.00  
        release x1  |g|=       0 lim=   500 x1.00   pull_drawer x1  |g|=       0 lim=  1000 x1.00  
    push_drawer x1  |g|=       0 lim=  1000 x1.00    slide_open x1  |g|=       0 lim=  1000 x1.00  
    slide_close x1  |g|=       0 lim=  1000 x1.00          turn x1  |g|=       0 lim=  1500 x1.00  
          swing x1  |g|=       0 lim=  2000 x1.00  
    reach           rew=   0.542  ph=0  success=5/20 (25%) streak=0  | Reach=25%/0.0656
    cube_stacking   rew=   3.442  ph=1  success=0/20 (0%) (partial) streak=0  | Reach=65%/0.0485  Descend=50%/0.0449  Grasp=20%/0.0675  Move=10%/0.1670  Release=100%/0.2111
    pick_and_place  rew=   3.485  ph=0  success=0/20 (0%) (partial) streak=0  | Reach=25%/0.0604  Descend=45%/0.0382  Grasp=45%/0.0382  Move=0%/0.1419
    drawer_open     rew=  12.096  ph=0  success=0/20 (0%) (partial) streak=0  | Reach=50%/0.0294  Grasp=50%/0.0275  Pull=0%/0.1429
    drawer_close    rew=  13.888  ph=0  success=9/20 (45%) (partial) streak=0  | Reach=50%/0.0371  Grasp=50%/0.0390  Push=45%/0.0455
    window_open     rew=  10.168  ph=0  success=6/20 (30%) (partial) streak=0  | Reach=20%/0.0531  Grasp=35%/0.0445  Slide=30%/0.1035
    window_close    rew=  10.596  ph=0  success=0/20 (0%) (partial) streak=0  | Reach=50%/0.0373  Grasp=85%/0.0264  Slide=0%/0.1762
    dial_turn       rew=  11.799  ph=0  success=0/20 (0%) (partial) streak=0  | Reach=10%/0.0486  Descend=75%/0.0275  Grasp=75%/0.0275  Turn=0%/1.4184
    door_open       rew=   8.535  ph=0  success=1/20 (5%) (partial) streak=0  | Reach=10%/0.0675  Grasp=10%/0.0695  Swing=5%/0.6382

Iter  115:  Σrew=71.984  grad=1800.7(max 2528 of 3)  [phase1=12.2s bptt=24.3s elapsed=4812s]
  heads (0/11 clipped)   trunk |g|=391 lim=1500 x1.00
          reach x9  |g|=    2286 lim=  3000 x1.00       descend x3  |g|=     953 lim=  1500 x1.00  
          grasp x8  |g|=     319 lim=  1000 x1.00          move x2  |g|=       0 lim=  1000 x1.00  
        release x1  |g|=       0 lim=   500 x1.00   pull_drawer x1  |g|=       0 lim=  1000 x1.00  
    push_drawer x1  |g|=       0 lim=  1000 x1.00    slide_open x1  |g|=       0 lim=  1000 x1.00  
    slide_close x1  |g|=       0 lim=  1000 x1.00          turn x1  |g|=       0 lim=  1500 x1.00  
          swing x1  |g|=       0 lim=  2000 x1.00  
    reach           rew=  -1.181  ph=0  success=2/20 (10%) streak=0  | Reach=10%/0.0693
    cube_stacking   rew=   5.743  ph=1  success=0/20 (0%) (partial) streak=0  | Reach=75%/0.0434  Descend=75%/0.0293  Grasp=60%/0.0357  Move=15%/0.1416  Release=100%/0.1770
    ──→ cube_stacking: phase 2, active=90
    pick_and_place  rew=   1.614  ph=0  success=0/20 (0%) (partial) streak=0  | Reach=60%/0.0386  Descend=70%/0.0315  Grasp=70%/0.0315  Move=0%/0.1381
    drawer_open     rew=  14.724  ph=0  success=0/20 (0%) (partial) streak=0  | Reach=75%/0.0261  Grasp=85%/0.0232  Pull=0%/0.1511
    ──→ drawer_open: phase 1, active=80
    drawer_close    rew=  15.087  ph=0  success=7/20 (35%) (partial) streak=0  | Reach=35%/0.0440  Grasp=30%/0.0487  Push=35%/0.0478
    window_open     rew=  10.227  ph=0  success=8/20 (40%) (partial) streak=0  | Reach=20%/0.0574  Grasp=45%/0.0493  Slide=40%/0.1067
    window_close    rew=   8.781  ph=0  success=2/20 (10%) (partial) streak=0  | Reach=40%/0.0468  Grasp=45%/0.0580  Slide=10%/0.1467
    dial_turn       rew=  10.472  ph=0  success=0/20 (0%) (partial) streak=0  | Reach=30%/0.0370  Descend=50%/0.0377  Grasp=50%/0.0377  Turn=0%/1.4477
    door_open       rew=   6.517  ph=0  success=0/20 (0%) (partial) streak=0  | Reach=15%/0.0727  Grasp=20%/0.0709  Swing=0%/0.6681

Iter  120:  Σrew=129.790  grad=2923.1(max 4506 of 3)  [phase1=14.0s bptt=28.3s elapsed=5039s]
  heads (2/11 clipped)   trunk |g|=573 lim=1500 x1.00
          reach x9  |g|=    4286 lim=  3000 x0.70   pull_drawer x1  |g|=    1062 lim=  1000 x0.94  
        descend x3  |g|=    1029 lim=  1500 x1.00          move x2  |g|=     725 lim=  1000 x1.00  
          grasp x8  |g|=     380 lim=  1000 x1.00       release x1  |g|=       0 lim=   500 x1.00  
    push_drawer x1  |g|=       0 lim=  1000 x1.00    slide_open x1  |g|=       0 lim=  1000 x1.00  
    slide_close x1  |g|=       0 lim=  1000 x1.00          turn x1  |g|=       0 lim=  1500 x1.00  
          swing x1  |g|=       0 lim=  2000 x1.00  
    reach           rew=   0.722  ph=0  success=0/20 (0%) streak=0  | Reach=0%/0.0631
    cube_stacking   rew=  20.403  ph=2  success=0/20 (0%) (partial) streak=0  | Reach=80%/0.0405  Descend=30%/0.0621  Grasp=25%/0.0558  Move=0%/0.1435  Release=100%/0.1893
    pick_and_place  rew=   2.840  ph=0  success=0/20 (0%) (partial) streak=0  | Reach=30%/0.0467  Descend=50%/0.0409  Grasp=50%/0.0409  Move=0%/0.1564
    drawer_open     rew=  43.881  ph=1  success=7/20 (35%) streak=0  | Reach=25%/0.0404  Grasp=45%/0.0327  Pull=35%/0.0789
    drawer_close    rew=  11.459  ph=0  success=13/20 (65%) (partial) streak=0  | Reach=20%/0.0457  Grasp=25%/0.0442  Push=65%/0.0397
    window_open     rew=   8.839  ph=0  success=6/20 (30%) (partial) streak=0  | Reach=15%/0.0660  Grasp=55%/0.0510  Slide=30%/0.0856
    window_close    rew=  11.264  ph=0  success=0/20 (0%) (partial) streak=0  | Reach=15%/0.0500  Grasp=50%/0.0393  Slide=0%/0.1639
    dial_turn       rew=  10.122  ph=0  success=0/20 (0%) (partial) streak=0  | Reach=15%/0.0461  Descend=50%/0.0369  Grasp=50%/0.0369  Turn=0%/1.8235
    door_open       rew=  20.261  ph=0  success=0/20 (0%) (partial) streak=0  | Reach=70%/0.0261  Grasp=65%/0.0282  Swing=0%/0.6751

Iter  125:  Σrew=163.432  grad=2565.0(max 3191 of 3)  [phase1=14.0s bptt=28.4s elapsed=5257s]
  heads (2/11 clipped)   trunk |g|=507 lim=1500 x1.00
          reach x9  |g|=    3057 lim=  3000 x0.98          move x2  |g|=    2373 lim=  1000 x0.42  
    pull_drawer x1  |g|=     847 lim=  1000 x1.00       descend x3  |g|=     761 lim=  1500 x1.00  
          grasp x8  |g|=     191 lim=  1000 x1.00       release x1  |g|=       0 lim=   500 x1.00  
    push_drawer x1  |g|=       0 lim=  1000 x1.00    slide_open x1  |g|=       0 lim=  1000 x1.00  
    slide_close x1  |g|=       0 lim=  1000 x1.00          turn x1  |g|=       0 lim=  1500 x1.00  
          swing x1  |g|=       0 lim=  2000 x1.00  
    reach           rew=  -0.971  ph=0  success=4/20 (20%) streak=0  | Reach=20%/0.0508
    cube_stacking   rew=  39.086  ph=2  success=1/20 (5%) (partial) streak=0  | Reach=70%/0.0502  Descend=75%/0.0237  Grasp=70%/0.0285  Move=10%/0.1391  Release=100%/0.1834
    pick_and_place  rew=   5.277  ph=0  success=0/20 (0%) (partial) streak=0  | Reach=55%/0.0375  Descend=90%/0.0213  Grasp=90%/0.0213  Move=0%/0.1424
    drawer_open     rew=  68.370  ph=1  success=15/20 (75%) streak=0  | Reach=70%/0.0273  Grasp=90%/0.0251  Pull=75%/0.0245
    drawer_close    rew=   4.118  ph=0  success=7/20 (35%) (partial) streak=0  | Reach=15%/0.0618  Grasp=25%/0.0545  Push=35%/0.0831
    window_open     rew=  12.859  ph=0  success=6/20 (30%) (partial) streak=0  | Reach=20%/0.0543  Grasp=40%/0.0476  Slide=30%/0.1216
    window_close    rew=   7.294  ph=0  success=1/20 (5%) (partial) streak=0  | Reach=5%/0.0584  Grasp=15%/0.0621  Slide=5%/0.1544
    dial_turn       rew=  15.285  ph=0  success=0/20 (0%) (partial) streak=0  | Reach=35%/0.0382  Descend=15%/0.0576  Grasp=15%/0.0576  Turn=0%/1.5851
    door_open       rew=  12.113  ph=0  success=1/20 (5%) (partial) streak=0  | Reach=40%/0.0565  Grasp=25%/0.0634  Swing=5%/0.6092

Iter  130:  Σrew=171.416  grad=2485.1(max 2744 of 3)  [phase1=13.8s bptt=28.4s elapsed=5485s]
  heads (1/11 clipped)   trunk |g|=444 lim=1500 x1.00
          reach x9  |g|=    2656 lim=  3000 x1.00   pull_drawer x1  |g|=    2377 lim=  1000 x0.42  
           move x2  |g|=     960 lim=  1000 x1.00       descend x3  |g|=     800 lim=  1500 x1.00  
          grasp x8  |g|=     238 lim=  1000 x1.00       release x1  |g|=       0 lim=   500 x1.00  
    push_drawer x1  |g|=       0 lim=  1000 x1.00    slide_open x1  |g|=       0 lim=  1000 x1.00  
    slide_close x1  |g|=       0 lim=  1000 x1.00          turn x1  |g|=       0 lim=  1500 x1.00  
          swing x1  |g|=       0 lim=  2000 x1.00  
    reach           rew=   1.171  ph=0  success=3/20 (15%) streak=0  | Reach=15%/0.0487
    cube_stacking   rew=  40.949  ph=2  success=2/20 (10%) (partial) streak=0  | Reach=90%/0.0393  Descend=70%/0.0279  Grasp=60%/0.0298  Move=40%/0.1225  Release=100%/0.1630
    ──→ cube_stacking: phase 3, active=100
    pick_and_place  rew=   6.603  ph=0  success=0/20 (0%) (partial) streak=0  | Reach=40%/0.0484  Descend=70%/0.0288  Grasp=70%/0.0288  Move=0%/0.1497
    drawer_open     rew=  67.005  ph=1  success=8/20 (40%) streak=0  | Reach=55%/0.0297  Grasp=80%/0.0245  Pull=40%/0.0780
    ──→ drawer_open: phase 2, active=80
    drawer_close    rew=  10.833  ph=0  success=10/20 (50%) (partial) streak=0  | Reach=25%/0.0501  Grasp=30%/0.0467  Push=50%/0.0518
    window_open     rew=   8.639  ph=0  success=5/20 (25%) (partial) streak=0  | Reach=15%/0.0809  Grasp=25%/0.0808  Slide=25%/0.1036
    window_close    rew=   6.036  ph=0  success=2/20 (10%) (partial) streak=0  | Reach=10%/0.0741  Grasp=25%/0.0674  Slide=10%/0.1529
    dial_turn       rew=  17.920  ph=0  success=0/20 (0%) (partial) streak=0  | Reach=20%/0.0428  Descend=80%/0.0259  Grasp=80%/0.0259  Turn=0%/1.6120
    door_open       rew=  12.260  ph=0  success=0/20 (0%) (partial) streak=0  | Reach=25%/0.0453  Grasp=20%/0.0676  Swing=0%/0.5764

Iter  135:  Σrew=196.268  grad=3170.7(max 4582 of 3)  [phase1=14.1s bptt=29.1s elapsed=5707s]
  heads (2/11 clipped)   trunk |g|=684 lim=1500 x1.00
          reach x9  |g|=    4219 lim=  3000 x0.71          move x2  |g|=    1550 lim=  1000 x0.65  
        descend x3  |g|=    1056 lim=  1500 x1.00   pull_drawer x1  |g|=     635 lim=  1000 x1.00  
          grasp x8  |g|=     322 lim=  1000 x1.00       release x1  |g|=     128 lim=   500 x1.00  
    push_drawer x1  |g|=       0 lim=  1000 x1.00    slide_open x1  |g|=       0 lim=  1000 x1.00  
    slide_close x1  |g|=       0 lim=  1000 x1.00          turn x1  |g|=       0 lim=  1500 x1.00  
          swing x1  |g|=       0 lim=  2000 x1.00  
    reach           rew=   1.362  ph=0  success=6/20 (30%) streak=0  | Reach=30%/0.0459
    cube_stacking   rew=  51.235  ph=3  success=2/20 (10%) streak=0  | Reach=75%/0.0480  Descend=80%/0.0300  Grasp=65%/0.0366  Move=55%/0.0982  Release=100%/0.1423
    pick_and_place  rew=   6.633  ph=0  success=0/20 (0%) (partial) streak=0  | Reach=50%/0.0443  Descend=85%/0.0195  Grasp=85%/0.0195  Move=0%/0.1734
    drawer_open     rew=  78.218  ph=2  success=17/20 (85%) streak=1  | Reach=95%/0.0194  Grasp=90%/0.0168  Pull=85%/0.0240
    drawer_close    rew=  11.038  ph=0  success=9/20 (45%) (partial) streak=0  | Reach=30%/0.0535  Grasp=45%/0.0408  Push=45%/0.0611
    window_open     rew=   7.061  ph=0  success=3/20 (15%) (partial) streak=0  | Reach=20%/0.1019  Grasp=40%/0.0894  Slide=15%/0.1343
    window_close    rew=  12.206  ph=0  success=2/20 (10%) (partial) streak=0  | Reach=30%/0.0513  Grasp=55%/0.0376  Slide=10%/0.1454
    dial_turn       rew=  14.034  ph=0  success=0/20 (0%) (partial) streak=0  | Reach=50%/0.0327  Descend=45%/0.0362  Grasp=45%/0.0362  Turn=0%/1.7717
    door_open       rew=  14.482  ph=0  success=0/20 (0%) (partial) streak=0  | Reach=40%/0.0441  Grasp=40%/0.0467  Swing=0%/0.6484

Iter  140:  Σrew=148.125  grad=3346.7(max 4487 of 3)  [phase1=14.6s bptt=29.3s elapsed=5941s]
  heads (1/11 clipped)   trunk |g|=700 lim=1500 x1.00
          reach x9  |g|=    4372 lim=  3000 x0.69       descend x3  |g|=    1214 lim=  1500 x1.00  
           move x2  |g|=     964 lim=  1000 x1.00   pull_drawer x1  |g|=     954 lim=  1000 x1.00  
          grasp x8  |g|=     398 lim=  1000 x1.00       release x1  |g|=     156 lim=   500 x1.00  
    push_drawer x1  |g|=       0 lim=  1000 x1.00    slide_open x1  |g|=       0 lim=  1000 x1.00  
    slide_close x1  |g|=       0 lim=  1000 x1.00          turn x1  |g|=       0 lim=  1500 x1.00  
          swing x1  |g|=       0 lim=  2000 x1.00  
    reach           rew=   1.560  ph=0  success=1/20 (5%) streak=0  | Reach=5%/0.0496
    cube_stacking   rew=  27.054  ph=3  success=0/20 (0%) streak=0  | Reach=45%/0.0641  Descend=45%/0.0483  Grasp=55%/0.0467  Move=25%/0.1404  Release=100%/0.1883
    pick_and_place  rew=   5.268  ph=0  success=0/20 (0%) (partial) streak=0  | Reach=45%/0.0481  Descend=85%/0.0256  Grasp=85%/0.0256  Move=0%/0.1548
    drawer_open     rew=  63.141  ph=2  success=13/20 (65%) streak=0  | Reach=55%/0.0298  Grasp=45%/0.0291  Pull=65%/0.0365
    drawer_close    rew=   5.388  ph=0  success=4/20 (20%) (partial) streak=0  | Reach=5%/0.0608  Grasp=5%/0.0657  Push=20%/0.0907
    window_open     rew=   9.621  ph=0  success=5/20 (25%) (partial) streak=0  | Reach=5%/0.0816  Grasp=25%/0.0884  Slide=25%/0.1094
    window_close    rew=  10.919  ph=0  success=2/20 (10%) (partial) streak=0  | Reach=35%/0.0596  Grasp=35%/0.0478  Slide=10%/0.1509
    dial_turn       rew=  15.898  ph=0  success=0/20 (0%) (partial) streak=0  | Reach=45%/0.0317  Descend=60%/0.0295  Grasp=60%/0.0295  Turn=0%/1.6720
    door_open       rew=   9.276  ph=0  success=0/20 (0%) (partial) streak=0  | Reach=20%/0.0588  Grasp=20%/0.0550  Swing=0%/0.6290

Iter  145:  Σrew=172.602  grad=6353.8(max 9282 of 3)  [phase1=14.1s bptt=29.0s elapsed=6175s]
  heads (3/11 clipped)   trunk |g|=1939 lim=1500 x0.77
          reach x9  |g|=    9049 lim=  3000 x0.33          move x2  |g|=    4005 lim=  1000 x0.25  
        descend x3  |g|=    2327 lim=  1500 x0.64   pull_drawer x1  |g|=     653 lim=  1000 x1.00  
          grasp x8  |g|=     302 lim=  1000 x1.00       release x1  |g|=     101 lim=   500 x1.00  
    push_drawer x1  |g|=       0 lim=  1000 x1.00    slide_open x1  |g|=       0 lim=  1000 x1.00  
    slide_close x1  |g|=       0 lim=  1000 x1.00          turn x1  |g|=       0 lim=  1500 x1.00  
          swing x1  |g|=       0 lim=  2000 x1.00  
    reach           rew=  -0.680  ph=0  success=0/20 (0%) streak=0  | Reach=0%/0.0726
    cube_stacking   rew=  35.302  ph=3  success=0/20 (0%) streak=0  | Reach=50%/0.0609  Descend=50%/0.0435  Grasp=45%/0.0553  Move=40%/0.1221  Release=100%/0.1663
    pick_and_place  rew=   6.205  ph=0  success=0/20 (0%) (partial) streak=0  | Reach=25%/0.0595  Descend=75%/0.0307  Grasp=75%/0.0307  Move=0%/0.1493
    drawer_open     rew=  74.824  ph=2  success=17/20 (85%) streak=1  | Reach=60%/0.0319  Grasp=65%/0.0245  Pull=85%/0.0144
    drawer_close    rew=   9.593  ph=0  success=3/20 (15%) (partial) streak=0  | Reach=0%/0.0728  Grasp=10%/0.0643  Push=15%/0.0893
    window_open     rew=   7.580  ph=0  success=5/20 (25%) (partial) streak=0  | Reach=25%/0.0783  Grasp=45%/0.0697  Slide=25%/0.1184
    window_close    rew=  11.187  ph=0  success=4/20 (20%) (partial) streak=0  | Reach=15%/0.0906  Grasp=10%/0.0890  Slide=20%/0.1215
    dial_turn       rew=  12.645  ph=0  success=0/20 (0%) (partial) streak=0  | Reach=40%/0.0382  Descend=40%/0.0485  Grasp=40%/0.0485  Turn=0%/1.4537
    door_open       rew=  15.946  ph=0  success=0/20 (0%) (partial) streak=0  | Reach=20%/0.0561  Grasp=30%/0.0573  Swing=0%/0.6207

Iter  150:  Σrew=203.381  grad=4088.1(max 4657 of 3)  [phase1=14.1s bptt=29.0s elapsed=6397s]
  heads (3/11 clipped)   trunk |g|=824 lim=1500 x1.00
          reach x9  |g|=    4468 lim=  3000 x0.67          move x2  |g|=    2236 lim=  1000 x0.45  
        descend x3  |g|=    1271 lim=  1500 x1.00   pull_drawer x1  |g|=    1141 lim=  1000 x0.88  
          grasp x8  |g|=     328 lim=  1000 x1.00       release x1  |g|=     115 lim=   500 x1.00  
    push_drawer x1  |g|=       0 lim=  1000 x1.00    slide_open x1  |g|=       0 lim=  1000 x1.00  
    slide_close x1  |g|=       0 lim=  1000 x1.00          turn x1  |g|=       0 lim=  1500 x1.00  
          swing x1  |g|=       0 lim=  2000 x1.00  
    reach           rew=   1.635  ph=0  success=0/20 (0%) streak=0  | Reach=0%/0.0732
    cube_stacking   rew=  52.399  ph=3  success=0/20 (0%) streak=0  | Reach=60%/0.0628  Descend=55%/0.0480  Grasp=20%/0.0599  Move=10%/0.1568  Release=100%/0.2056
    pick_and_place  rew=   8.807  ph=0  success=0/20 (0%) (partial) streak=0  | Reach=35%/0.0541  Descend=45%/0.0431  Grasp=45%/0.0431  Move=0%/0.1793
    drawer_open     rew=  82.181  ph=2  success=13/20 (65%) streak=0  | Reach=15%/0.0485  Grasp=0%/0.0491  Pull=65%/0.0528
    drawer_close    rew=   7.929  ph=0  success=5/20 (25%) (partial) streak=0  | Reach=15%/0.0617  Grasp=15%/0.0622  Push=25%/0.0594
    window_open     rew=   8.478  ph=0  success=6/20 (30%) (partial) streak=0  | Reach=20%/0.0634  Grasp=40%/0.0551  Slide=30%/0.0691
    window_close    rew=  10.409  ph=0  success=2/20 (10%) (partial) streak=0  | Reach=20%/0.0516  Grasp=45%/0.0481  Slide=10%/0.1514
    dial_turn       rew=  18.035  ph=0  success=0/20 (0%) (partial) streak=0  | Reach=15%/0.0506  Descend=0%/0.0822  Grasp=0%/0.0822  Turn=0%/1.7233
    door_open       rew=  13.508  ph=0  success=0/20 (0%) (partial) streak=0  | Reach=40%/0.0577  Grasp=35%/0.0582  Swing=0%/0.6443
  ✓ saved vision_all_balance_{params,obs_rms,opt}.pkl + _{learning,gradients}.png at iter 150

Iter  155:  Σrew=162.252  grad=3698.1(max 4498 of 3)  [phase1=14.1s bptt=29.0s elapsed=6630s]
  heads (2/11 clipped)   trunk |g|=719 lim=1500 x1.00
          reach x9  |g|=    4387 lim=  3000 x0.68       descend x3  |g|=    1290 lim=  1500 x1.00  
           move x2  |g|=    1111 lim=  1000 x0.90   pull_drawer x1  |g|=     606 lim=  1000 x1.00  
          grasp x8  |g|=     319 lim=  1000 x1.00       release x1  |g|=      75 lim=   500 x1.00  
    push_drawer x1  |g|=       0 lim=  1000 x1.00    slide_open x1  |g|=       0 lim=  1000 x1.00  
    slide_close x1  |g|=       0 lim=  1000 x1.00          turn x1  |g|=       0 lim=  1500 x1.00  
          swing x1  |g|=       0 lim=  2000 x1.00  
    reach           rew=   2.870  ph=0  success=7/20 (35%) streak=0  | Reach=35%/0.0464
    cube_stacking   rew=  34.981  ph=3  success=0/20 (0%) streak=0  | Reach=70%/0.0618  Descend=20%/0.0605  Grasp=25%/0.0515  Move=30%/0.1394  Release=100%/0.1898
    pick_and_place  rew=   6.150  ph=0  success=0/20 (0%) (partial) streak=0  | Reach=55%/0.0410  Descend=40%/0.0540  Grasp=40%/0.0540  Move=0%/0.1731
    drawer_open     rew=  59.271  ph=2  success=8/20 (40%) streak=0  | Reach=60%/0.0249  Grasp=75%/0.0218  Pull=40%/0.0528
    drawer_close    rew=   7.628  ph=0  success=8/20 (40%) (partial) streak=0  | Reach=35%/0.0504  Grasp=45%/0.0413  Push=40%/0.0648
    window_open     rew=   8.673  ph=0  success=7/20 (35%) (partial) streak=0  | Reach=15%/0.0896  Grasp=35%/0.0759  Slide=35%/0.1027
    window_close    rew=  14.485  ph=0  success=2/20 (10%) (partial) streak=0  | Reach=25%/0.0668  Grasp=50%/0.0679  Slide=10%/0.1427
    dial_turn       rew=  16.604  ph=0  success=0/20 (0%) (partial) streak=0  | Reach=35%/0.0407  Descend=55%/0.0297  Grasp=55%/0.0297  Turn=0%/1.6112
    door_open       rew=  11.592  ph=0  success=1/20 (5%) (partial) streak=0  | Reach=45%/0.0616  Grasp=40%/0.0679  Swing=5%/0.6173

Iter  160:  Σrew=204.257  grad=6013.6(max 7497 of 3)  [phase1=14.3s bptt=28.9s elapsed=6861s]
  heads (3/11 clipped)   trunk |g|=1511 lim=1500 x0.99
          reach x9  |g|=    7211 lim=  3000 x0.42   pull_drawer x1  |g|=    1837 lim=  1000 x0.54  
          grasp x8  |g|=    1001 lim=  1000 x1.00       descend x3  |g|=     955 lim=  1500 x1.00  
           move x2  |g|=     781 lim=  1000 x1.00       release x1  |g|=      45 lim=   500 x1.00  
    push_drawer x1  |g|=       0 lim=  1000 x1.00    slide_open x1  |g|=       0 lim=  1000 x1.00  
    slide_close x1  |g|=       0 lim=  1000 x1.00          turn x1  |g|=       0 lim=  1500 x1.00  
          swing x1  |g|=       0 lim=  2000 x1.00  
    reach           rew=   0.954  ph=0  success=3/20 (15%) streak=0  | Reach=15%/0.0502
    cube_stacking   rew=  50.383  ph=3  success=0/20 (0%) streak=0  | Reach=65%/0.0498  Descend=70%/0.0346  Grasp=50%/0.0399  Move=35%/0.1348  Release=100%/0.1833
    pick_and_place  rew=   8.183  ph=0  success=0/20 (0%) (partial) streak=0  | Reach=85%/0.0290  Descend=85%/0.0234  Grasp=85%/0.0234  Move=0%/0.1699
    ──→ pick_and_place: phase 1, active=55
    drawer_open     rew=  77.039  ph=2  success=10/20 (50%) streak=0  | Reach=15%/0.0416  Grasp=25%/0.0415  Pull=50%/0.0649
    drawer_close    rew=  18.509  ph=0  success=15/20 (75%) (partial) streak=0  | Reach=35%/0.0399  Grasp=30%/0.0393  Push=75%/0.0134
    window_open     rew=  10.214  ph=0  success=11/20 (55%) (partial) streak=0  | Reach=15%/0.0738  Grasp=20%/0.0707  Slide=55%/0.0531
    window_close    rew=   7.419  ph=0  success=2/20 (10%) (partial) streak=0  | Reach=20%/0.0665  Grasp=25%/0.0629  Slide=10%/0.1425
    dial_turn       rew=  17.531  ph=0  success=0/20 (0%) (partial) streak=0  | Reach=25%/0.0359  Descend=50%/0.0362  Grasp=50%/0.0362  Turn=0%/1.9463
    door_open       rew=  14.027  ph=0  success=0/20 (0%) (partial) streak=0  | Reach=10%/0.0597  Grasp=20%/0.0550  Swing=0%/0.6698

Iter  165:  Σrew=230.163  grad=2594.5(max 3638 of 3)  [phase1=14.4s bptt=29.5s elapsed=7087s]
  heads (2/11 clipped)   trunk |g|=573 lim=1500 x1.00
          reach x9  |g|=    3137 lim=  3000 x0.96          move x2  |g|=    1272 lim=  1000 x0.79  
        descend x3  |g|=    1192 lim=  1500 x1.00   pull_drawer x1  |g|=     959 lim=  1000 x1.00  
          grasp x8  |g|=     444 lim=  1000 x1.00       release x1  |g|=     124 lim=   500 x1.00  
    push_drawer x1  |g|=       0 lim=  1000 x1.00    slide_open x1  |g|=       0 lim=  1000 x1.00  
    slide_close x1  |g|=       0 lim=  1000 x1.00          turn x1  |g|=       0 lim=  1500 x1.00  
          swing x1  |g|=       0 lim=  2000 x1.00  
    reach           rew=   0.840  ph=0  success=2/20 (10%) streak=0  | Reach=10%/0.0592
    cube_stacking   rew=  48.143  ph=3  success=1/20 (5%) streak=0  | Reach=75%/0.0478  Descend=80%/0.0296  Grasp=50%/0.0400  Move=30%/0.1210  Release=100%/0.1720
    pick_and_place  rew=  16.413  ph=1  success=0/20 (0%) (partial) streak=0  | Reach=20%/0.0559  Descend=55%/0.0339  Grasp=45%/0.0527  Move=0%/0.1625
    drawer_open     rew=  85.773  ph=2  success=15/20 (75%) streak=0  | Reach=5%/0.0426  Grasp=20%/0.0428  Pull=75%/0.0325
    drawer_close    rew=  23.666  ph=0  success=11/20 (55%) (partial) streak=0  | Reach=70%/0.0265  Grasp=90%/0.0179  Push=55%/0.0211
    window_open     rew=  12.111  ph=0  success=11/20 (55%) (partial) streak=0  | Reach=30%/0.0447  Grasp=40%/0.0342  Slide=55%/0.0834
    window_close    rew=  16.331  ph=0  success=2/20 (10%) (partial) streak=0  | Reach=40%/0.0503  Grasp=75%/0.0371  Slide=10%/0.1589
    dial_turn       rew=  21.385  ph=0  success=0/20 (0%) (partial) streak=0  | Reach=65%/0.0290  Descend=75%/0.0303  Grasp=75%/0.0303  Turn=0%/1.7968
    door_open       rew=   5.501  ph=0  success=0/20 (0%) (partial) streak=0  | Reach=10%/0.0760  Grasp=10%/0.0799  Swing=0%/0.6508

Iter  170:  Σrew=253.765  grad=3384.0(max 4948 of 3)  [phase1=14.5s bptt=29.3s elapsed=7322s]
  heads (3/11 clipped)   trunk |g|=783 lim=1500 x1.00
          reach x9  |g|=    4599 lim=  3000 x0.65   pull_drawer x1  |g|=    1974 lim=  1000 x0.51  
        descend x3  |g|=    1374 lim=  1500 x1.00          move x2  |g|=    1337 lim=  1000 x0.75  
          grasp x8  |g|=     871 lim=  1000 x1.00       release x1  |g|=     123 lim=   500 x1.00  
    push_drawer x1  |g|=       0 lim=  1000 x1.00    slide_open x1  |g|=       0 lim=  1000 x1.00  
    slide_close x1  |g|=       0 lim=  1000 x1.00          turn x1  |g|=       0 lim=  1500 x1.00  
          swing x1  |g|=       0 lim=  2000 x1.00  
    reach           rew=   2.408  ph=0  success=7/20 (35%) streak=0  | Reach=35%/0.0444
    cube_stacking   rew=  56.717  ph=3  success=1/20 (5%) streak=0  | Reach=70%/0.0489  Descend=45%/0.0397  Grasp=45%/0.0440  Move=45%/0.1305  Release=100%/0.1793
    pick_and_place  rew=  24.933  ph=1  success=0/20 (0%) (partial) streak=0  | Reach=55%/0.0383  Descend=95%/0.0171  Grasp=70%/0.0244  Move=0%/0.1447
    ──→ pick_and_place: phase 2, active=90
    drawer_open     rew=  95.158  ph=2  success=9/20 (45%) streak=0  | Reach=70%/0.0260  Grasp=80%/0.0219  Pull=45%/0.0700
    drawer_close    rew=  18.089  ph=0  success=16/20 (80%) (partial) streak=0  | Reach=50%/0.0315  Grasp=45%/0.0286  Push=80%/0.0126
    ──→ drawer_close: phase 1, active=80
    window_open     rew=   8.718  ph=0  success=12/20 (60%) (partial) streak=0  | Reach=5%/0.0724  Grasp=45%/0.0523  Slide=60%/0.0760
    window_close    rew=  13.444  ph=0  success=0/20 (0%) (partial) streak=0  | Reach=35%/0.0391  Grasp=50%/0.0377  Slide=0%/0.1654
    dial_turn       rew=  19.694  ph=0  success=0/20 (0%) (partial) streak=0  | Reach=85%/0.0234  Descend=85%/0.0237  Grasp=85%/0.0237  Turn=0%/1.6518
    ──→ dial_turn: phase 1, active=65
    door_open       rew=  14.605  ph=0  success=0/20 (0%) (partial) streak=0  | Reach=45%/0.0307  Grasp=40%/0.0381  Swing=0%/0.6945

Iter  175:  Σrew=301.620  grad=6046.0(max 9587 of 3)  [phase1=26.2s bptt=33.6s elapsed=7589s]
  heads (3/11 clipped)   trunk |g|=1778 lim=1500 x0.84
          reach x9  |g|=    9210 lim=  3000 x0.33   push_drawer x1  |g|=    1917 lim=  1000 x0.52  
           move x2  |g|=    1376 lim=  1000 x0.73       descend x3  |g|=    1374 lim=  1500 x1.00  
          grasp x8  |g|=     541 lim=  1000 x1.00   pull_drawer x1  |g|=     422 lim=  1000 x1.00  
        release x1  |g|=     204 lim=   500 x1.00    slide_open x1  |g|=       0 lim=  1000 x1.00  
    slide_close x1  |g|=       0 lim=  1000 x1.00          turn x1  |g|=       0 lim=  1500 x1.00  
          swing x1  |g|=       0 lim=  2000 x1.00  
    reach           rew=   1.867  ph=0  success=4/20 (20%) streak=0  | Reach=20%/0.0593
    cube_stacking   rew=  53.552  ph=3  success=0/20 (0%) streak=0  | Reach=65%/0.0491  Descend=45%/0.0539  Grasp=25%/0.0480  Move=20%/0.1463  Release=100%/0.1986
    pick_and_place  rew=  43.499  ph=2  success=0/20 (0%) streak=0  | Reach=40%/0.0466  Descend=85%/0.0214  Grasp=70%/0.0258  Move=0%/0.1628
    drawer_open     rew=  82.814  ph=2  success=13/20 (65%) streak=0  | Reach=80%/0.0228  Grasp=65%/0.0227  Pull=65%/0.0245
    drawer_close    rew=  51.930  ph=1  success=9/20 (45%) streak=0  | Reach=20%/0.0497  Grasp=20%/0.0545  Push=45%/0.0225
    window_open     rew=   8.459  ph=0  success=14/20 (70%) (partial) streak=0  | Reach=20%/0.0942  Grasp=10%/0.1069  Slide=70%/0.0472
    window_close    rew=  15.999  ph=0  success=0/20 (0%) (partial) streak=0  | Reach=50%/0.0366  Grasp=60%/0.0306  Slide=0%/0.1740
    dial_turn       rew=  23.537  ph=1  success=0/20 (0%) (partial) streak=0  | Reach=60%/0.0301  Descend=80%/0.0247  Grasp=90%/0.0206  Turn=0%/1.7234
    door_open       rew=  19.963  ph=0  success=1/20 (5%) (partial) streak=0  | Reach=35%/0.0426  Grasp=30%/0.0493  Swing=5%/0.5891

Iter  180:  Σrew=328.560  grad=3691.9(max 4627 of 3)  [phase1=16.1s bptt=33.7s elapsed=7845s]
  heads (3/11 clipped)   trunk |g|=763 lim=1500 x1.00
          reach x9  |g|=    4296 lim=  3000 x0.70   pull_drawer x1  |g|=    1736 lim=  1000 x0.58  
           move x2  |g|=    1227 lim=  1000 x0.82       descend x3  |g|=    1019 lim=  1500 x1.00  
    push_drawer x1  |g|=     697 lim=  1000 x1.00         grasp x8  |g|=     466 lim=  1000 x1.00  
        release x1  |g|=     148 lim=   500 x1.00    slide_open x1  |g|=       0 lim=  1000 x1.00  
    slide_close x1  |g|=       0 lim=  1000 x1.00          turn x1  |g|=       0 lim=  1500 x1.00  
          swing x1  |g|=       0 lim=  2000 x1.00  
    reach           rew=   2.350  ph=0  success=3/20 (15%) streak=0  | Reach=15%/0.0516
    cube_stacking   rew=  58.950  ph=3  success=1/20 (5%) streak=0  | Reach=95%/0.0307  Descend=90%/0.0230  Grasp=85%/0.0226  Move=80%/0.0705  Release=100%/0.1310
    pick_and_place  rew=  37.477  ph=2  success=0/20 (0%) streak=0  | Reach=55%/0.0430  Descend=70%/0.0327  Grasp=55%/0.0371  Move=0%/0.1488
    ──→ pick_and_place: phase 3, active=90
    drawer_open     rew=  95.282  ph=2  success=16/20 (80%) streak=1  | Reach=40%/0.0326  Grasp=45%/0.0347  Pull=80%/0.0291
    drawer_close    rew=  71.205  ph=1  success=19/20 (95%) streak=1  | Reach=30%/0.0541  Grasp=40%/0.0461  Push=95%/0.0029
    window_open     rew=  12.642  ph=0  success=7/20 (35%) (partial) streak=0  | Reach=20%/0.0586  Grasp=30%/0.0728  Slide=35%/0.0792
    window_close    rew=  14.694  ph=0  success=0/20 (0%) (partial) streak=0  | Reach=50%/0.0360  Grasp=30%/0.0422  Slide=0%/0.1646
    ──→ window_close: phase 1, active=80
    dial_turn       rew=  20.861  ph=1  success=0/20 (0%) (partial) streak=0  | Reach=30%/0.0346  Descend=75%/0.0269  Grasp=40%/0.0375  Turn=0%/1.5484
    ──→ dial_turn: phase 2, active=115
    door_open       rew=  15.099  ph=0  success=0/20 (0%) (partial) streak=0  | Reach=50%/0.0447  Grasp=40%/0.0523  Swing=0%/0.6034

Iter  185:  Σrew=374.174  grad=4398.0(max 5315 of 3)  [phase1=18.2s bptt=38.2s elapsed=8146s]
  heads (4/11 clipped)   trunk |g|=966 lim=1500 x1.00
           turn x1  |g|=    4688 lim=  1500 x0.32         reach x9  |g|=    3833 lim=  3000 x0.78  
    pull_drawer x1  |g|=    1981 lim=  1000 x0.50   slide_close x1  |g|=    1508 lim=  1000 x0.66  
        descend x3  |g|=     978 lim=  1500 x1.00          move x2  |g|=     942 lim=  1000 x1.00  
          grasp x8  |g|=     674 lim=  1000 x1.00   push_drawer x1  |g|=     176 lim=  1000 x1.00  
        release x1  |g|=     159 lim=   500 x1.00    slide_open x1  |g|=       0 lim=  1000 x1.00  
          swing x1  |g|=       0 lim=  2000 x1.00  
    reach           rew=   2.858  ph=0  success=5/20 (25%) streak=0  | Reach=25%/0.0461
    cube_stacking   rew=  56.000  ph=3  success=2/20 (10%) streak=0  | Reach=90%/0.0369  Descend=90%/0.0206  Grasp=85%/0.0204  Move=80%/0.0644  Release=100%/0.1264
    ──→ cube_stacking: phase 4, active=100
    pick_and_place  rew=  49.265  ph=3  success=0/20 (0%) streak=0  | Reach=45%/0.0417  Descend=90%/0.0187  Grasp=65%/0.0314  Move=0%/0.1195
    drawer_open     rew=  94.840  ph=2  success=15/20 (75%) streak=0  | Reach=45%/0.0344  Grasp=15%/0.0417  Pull=75%/0.0332
    drawer_close    rew=  67.441  ph=1  success=20/20 (100%) streak=2  | Reach=0%/0.0671  Grasp=0%/0.0716  Push=100%/0.0006
    window_open     rew=   6.107  ph=0  success=10/20 (50%) (partial) streak=0  | Reach=30%/0.0468  Grasp=25%/0.0683  Slide=50%/0.0800
    window_close    rew=  25.498  ph=1  success=7/20 (35%) streak=0  | Reach=15%/0.0676  Grasp=40%/0.0815  Slide=35%/0.0832
    dial_turn       rew=  51.261  ph=2  success=1/20 (5%) streak=0  | Reach=40%/0.0320  Descend=85%/0.0219  Grasp=45%/0.0331  Turn=5%/1.1351
    door_open       rew=  20.904  ph=0  success=0/20 (0%) (partial) streak=0  | Reach=35%/0.0347  Grasp=55%/0.0385  Swing=0%/0.6477

Iter  190:  Σrew=423.187  grad=4433.5(max 5296 of 3)  [phase1=28.5s bptt=38.2s elapsed=8448s]
  heads (2/11 clipped)   trunk |g|=820 lim=1500 x1.00
          reach x9  |g|=    4713 lim=  3000 x0.64          move x2  |g|=    2128 lim=  1000 x0.47  
           turn x1  |g|=    1345 lim=  1500 x1.00       descend x3  |g|=    1110 lim=  1500 x1.00  
    pull_drawer x1  |g|=     850 lim=  1000 x1.00   push_drawer x1  |g|=     557 lim=  1000 x1.00  
    slide_close x1  |g|=     550 lim=  1000 x1.00         grasp x8  |g|=     354 lim=  1000 x1.00  
        release x1  |g|=     152 lim=   500 x1.00    slide_open x1  |g|=       0 lim=  1000 x1.00  
          swing x1  |g|=       0 lim=  2000 x1.00  
    reach           rew=   2.092  ph=0  success=6/20 (30%) streak=0  | Reach=30%/0.0416
    cube_stacking   rew=  67.954  ph=4  success=4/20 (20%) streak=0  | Reach=85%/0.0386  Descend=75%/0.0249  Grasp=75%/0.0259  Move=65%/0.0867  Release=100%/0.1358
    pick_and_place  rew=  59.268  ph=3  success=1/20 (5%) streak=0  | Reach=70%/0.0346  Descend=55%/0.0419  Grasp=50%/0.0357  Move=5%/0.1295
    drawer_open     rew=  89.209  ph=2  success=16/20 (80%) streak=1  | Reach=40%/0.0335  Grasp=65%/0.0266  Pull=80%/0.0225
    drawer_close    rew=  82.752  ph=1  success=20/20 (100%) streak=3  | Reach=35%/0.0438  Grasp=50%/0.0382  Push=100%/0.0007
    window_open     rew=   7.533  ph=0  success=10/20 (50%) (partial) streak=0  | Reach=15%/0.0629  Grasp=45%/0.0562  Slide=50%/0.0700
    window_close    rew=  45.616  ph=1  success=6/20 (30%) streak=0  | Reach=20%/0.0490  Grasp=40%/0.0443  Slide=30%/0.0966
    dial_turn       rew=  52.723  ph=2  success=0/20 (0%) streak=0  | Reach=95%/0.0208  Descend=55%/0.0293  Grasp=70%/0.0261  Turn=0%/1.4401
    door_open       rew=  16.042  ph=0  success=0/20 (0%) (partial) streak=0  | Reach=45%/0.0381  Grasp=45%/0.0414  Swing=0%/0.6487

Iter  195:  Σrew=430.665  grad=4131.1(max 5211 of 3)  [phase1=18.2s bptt=38.2s elapsed=8739s]
  heads (2/11 clipped)   trunk |g|=1129 lim=1500 x1.00
          reach x9  |g|=    4798 lim=  3000 x0.63          move x2  |g|=    1519 lim=  1000 x0.66  
    push_drawer x1  |g|=     969 lim=  1000 x1.00   pull_drawer x1  |g|=     869 lim=  1000 x1.00  
        descend x3  |g|=     675 lim=  1500 x1.00         grasp x8  |g|=     663 lim=  1000 x1.00  
    slide_close x1  |g|=     411 lim=  1000 x1.00       release x1  |g|=     229 lim=   500 x1.00  
           turn x1  |g|=      64 lim=  1500 x1.00    slide_open x1  |g|=       0 lim=  1000 x1.00  
          swing x1  |g|=       0 lim=  2000 x1.00  
    reach           rew=   1.661  ph=0  success=3/20 (15%) streak=0  | Reach=15%/0.0533
    cube_stacking   rew=  53.562  ph=4  success=1/20 (5%) streak=0  | Reach=75%/0.0448  Descend=55%/0.0410  Grasp=45%/0.0447  Move=60%/0.1073  Release=100%/0.1562
    pick_and_place  rew=  56.600  ph=3  success=2/20 (10%) streak=0  | Reach=60%/0.0333  Descend=90%/0.0203  Grasp=80%/0.0243  Move=10%/0.1048
    drawer_open     rew=  95.235  ph=2  success=10/20 (50%) streak=0  | Reach=70%/0.0245  Grasp=95%/0.0166  Pull=50%/0.0645
  ✓ drawer_close    rew= 108.936  ph=1  success=18/20 (90%) streak=4  | Reach=75%/0.0227  Grasp=95%/0.0177  Push=90%/0.0053
    ──→ drawer_close: phase 2, active=80
    window_open     rew=   9.398  ph=0  success=6/20 (30%) (partial) streak=0  | Reach=10%/0.0588  Grasp=70%/0.0333  Slide=30%/0.1181
    window_close    rew=  42.860  ph=1  success=8/20 (40%) streak=0  | Reach=30%/0.0429  Grasp=45%/0.0373  Slide=40%/0.0783
    dial_turn       rew=  49.049  ph=2  success=0/20 (0%) streak=0  | Reach=85%/0.0198  Descend=65%/0.0271  Grasp=85%/0.0229  Turn=0%/1.2390
    ──→ dial_turn: phase 3, active=115
    door_open       rew=  13.364  ph=0  success=0/20 (0%) (partial) streak=0  | Reach=20%/0.0793  Grasp=20%/0.0699  Swing=0%/0.6798

Iter  200:  Σrew=478.422  grad=3061.3(max 4735 of 3)  [phase1=18.3s bptt=38.1s elapsed=9040s]
  heads (4/11 clipped)   trunk |g|=815 lim=1500 x1.00
          reach x9  |g|=    3937 lim=  3000 x0.76   push_drawer x1  |g|=    1880 lim=  1000 x0.53  
           move x2  |g|=    1248 lim=  1000 x0.80   pull_drawer x1  |g|=    1218 lim=  1000 x0.82  
        descend x3  |g|=     805 lim=  1500 x1.00         grasp x8  |g|=     717 lim=  1000 x1.00  
        release x1  |g|=     274 lim=   500 x1.00   slide_close x1  |g|=     241 lim=  1000 x1.00  
           turn x1  |g|=      46 lim=  1500 x1.00    slide_open x1  |g|=       0 lim=  1000 x1.00  
          swing x1  |g|=       0 lim=  2000 x1.00  
    reach           rew=   1.754  ph=0  success=4/20 (20%) streak=0  | Reach=20%/0.0495
    cube_stacking   rew=  69.847  ph=4  success=4/20 (20%) streak=0  | Reach=70%/0.0432  Descend=90%/0.0217  Grasp=80%/0.0208  Move=70%/0.0823  Release=100%/0.1257
    pick_and_place  rew=  63.678  ph=3  success=2/20 (10%) streak=0  | Reach=60%/0.0404  Descend=90%/0.0175  Grasp=80%/0.0170  Move=10%/0.0936
    drawer_open     rew=  99.984  ph=2  success=16/20 (80%) streak=1  | Reach=90%/0.0207  Grasp=95%/0.0134  Pull=80%/0.0236
  ✓ drawer_close    rew= 114.666  ph=2  success=20/20 (100%) streak=5  | Reach=70%/0.0266  Grasp=90%/0.0198  Push=100%/0.0035
    window_open     rew=  12.614  ph=0  success=7/20 (35%) (partial) streak=0  | Reach=30%/0.0486  Grasp=65%/0.0394  Slide=35%/0.1105
    window_close    rew=  57.879  ph=1  success=5/20 (25%) streak=0  | Reach=20%/0.0458  Grasp=40%/0.0471  Slide=25%/0.1302
    dial_turn       rew=  46.132  ph=3  success=0/20 (0%) streak=0  | Reach=85%/0.0188  Descend=95%/0.0198  Grasp=85%/0.0183  Turn=0%/1.3589
    door_open       rew=  11.870  ph=0  success=0/20 (0%) (partial) streak=0  | Reach=30%/0.0445  Grasp=35%/0.0427  Swing=0%/0.6491
  ✓ saved vision_all_balance_{params,obs_rms,opt}.pkl + _{learning,gradients}.png at iter 200

Iter  205:  Σrew=458.081  grad=4959.4(max 6372 of 3)  [phase1=18.3s bptt=38.1s elapsed=9339s]
  heads (4/11 clipped)   trunk |g|=1129 lim=1500 x1.00
          reach x9  |g|=    5780 lim=  3000 x0.52   slide_close x1  |g|=    1887 lim=  1000 x0.53  
           move x2  |g|=    1561 lim=  1000 x0.64   push_drawer x1  |g|=    1277 lim=  1000 x0.78  
        descend x3  |g|=    1203 lim=  1500 x1.00         grasp x8  |g|=     945 lim=  1000 x1.00  
    pull_drawer x1  |g|=     775 lim=  1000 x1.00       release x1  |g|=     213 lim=   500 x1.00  
           turn x1  |g|=      15 lim=  1500 x1.00    slide_open x1  |g|=       0 lim=  1000 x1.00  
          swing x1  |g|=       0 lim=  2000 x1.00  
    reach           rew=   1.934  ph=0  success=6/20 (30%) streak=0  | Reach=30%/0.0439
    cube_stacking   rew=  66.568  ph=4  success=2/20 (10%) streak=0  | Reach=75%/0.0559  Descend=70%/0.0396  Grasp=50%/0.0469  Move=35%/0.1157  Release=100%/0.1676
    pick_and_place  rew=  35.572  ph=3  success=1/20 (5%) streak=0  | Reach=45%/0.0403  Descend=70%/0.0315  Grasp=45%/0.0486  Move=5%/0.1053
    drawer_open     rew=  99.472  ph=2  success=19/20 (95%) streak=2  | Reach=80%/0.0266  Grasp=85%/0.0228  Pull=95%/0.0097
  ✓ drawer_close    rew= 110.500  ph=2  success=19/20 (95%) streak=6  | Reach=65%/0.0301  Grasp=75%/0.0274  Push=95%/0.0045
    window_open     rew=  14.199  ph=0  success=6/20 (30%) (partial) streak=0  | Reach=35%/0.0416  Grasp=70%/0.0336  Slide=30%/0.0919
    window_close    rew=  68.312  ph=1  success=8/20 (40%) streak=0  | Reach=45%/0.0366  Grasp=45%/0.0371  Slide=40%/0.0957
    dial_turn       rew=  44.586  ph=3  success=0/20 (0%) streak=0  | Reach=85%/0.0200  Descend=80%/0.0229  Grasp=65%/0.0252  Turn=0%/1.6201
    door_open       rew=  16.938  ph=0  success=0/20 (0%) (partial) streak=0  | Reach=55%/0.0369  Grasp=60%/0.0406  Swing=0%/0.6589

Iter  210:  Σrew=454.614  grad=2744.1(max 3552 of 3)  [phase1=18.0s bptt=38.1s elapsed=9639s]
  heads (3/11 clipped)   trunk |g|=778 lim=1500 x1.00
          reach x9  |g|=    2551 lim=  3000 x1.00       descend x3  |g|=    1795 lim=  1500 x0.84  
           move x2  |g|=    1416 lim=  1000 x0.71   pull_drawer x1  |g|=    1121 lim=  1000 x0.89  
          grasp x8  |g|=     519 lim=  1000 x1.00          turn x1  |g|=     326 lim=  1500 x1.00  
    push_drawer x1  |g|=     303 lim=  1000 x1.00   slide_close x1  |g|=     251 lim=  1000 x1.00  
        release x1  |g|=     149 lim=   500 x1.00    slide_open x1  |g|=       0 lim=  1000 x1.00  
          swing x1  |g|=       0 lim=  2000 x1.00  
    reach           rew=   3.275  ph=0  success=8/20 (40%) streak=0  | Reach=40%/0.0376
    cube_stacking   rew=  75.530  ph=4  success=8/20 (40%) streak=0  | Reach=70%/0.0463  Descend=95%/0.0166  Grasp=95%/0.0148  Move=80%/0.0572  Release=100%/0.0900
    pick_and_place  rew=  71.488  ph=3  success=1/20 (5%) streak=0  | Reach=80%/0.0305  Descend=100%/0.0134  Grasp=95%/0.0117  Move=5%/0.0720
    drawer_open     rew= 107.397  ph=2  success=19/20 (95%) streak=3  | Reach=75%/0.0238  Grasp=95%/0.0127  Pull=95%/0.0108
  ✓ drawer_close    rew= 105.446  ph=2  success=20/20 (100%) streak=7  | Reach=55%/0.0350  Grasp=65%/0.0311  Push=100%/0.0033
    window_open     rew=   6.353  ph=0  success=5/20 (25%) (partial) streak=0  | Reach=10%/0.0598  Grasp=55%/0.0586  Slide=25%/0.1107
    window_close    rew=  16.336  ph=1  success=1/20 (5%) streak=0  | Reach=30%/0.0684  Grasp=40%/0.0705  Slide=5%/0.1392
    dial_turn       rew=  49.306  ph=3  success=0/20 (0%) streak=0  | Reach=90%/0.0188  Descend=90%/0.0219  Grasp=100%/0.0160  Turn=0%/1.7513
    door_open       rew=  19.483  ph=0  success=0/20 (0%) (partial) streak=0  | Reach=55%/0.0371  Grasp=50%/0.0407  Swing=0%/0.6535
    ──→ door_open: phase 1, active=110

Iter  215:  Σrew=432.922  grad=3094.9(max 3649 of 3)  [phase1=19.7s bptt=41.4s elapsed=9955s]
  heads (2/11 clipped)   trunk |g|=671 lim=1500 x1.00
          reach x9  |g|=    3434 lim=  3000 x0.87          move x2  |g|=    1375 lim=  1000 x0.73  
    pull_drawer x1  |g|=     968 lim=  1000 x1.00         swing x1  |g|=     727 lim=  2000 x1.00  
        descend x3  |g|=     722 lim=  1500 x1.00   push_drawer x1  |g|=     719 lim=  1000 x1.00  
          grasp x8  |g|=     660 lim=  1000 x1.00   slide_close x1  |g|=     459 lim=  1000 x1.00  
        release x1  |g|=     367 lim=   500 x1.00          turn x1  |g|=      41 lim=  1500 x1.00  
     slide_open x1  |g|=       0 lim=  1000 x1.00  
    reach           rew=   3.452  ph=0  success=8/20 (40%) streak=0  | Reach=40%/0.0419
    cube_stacking   rew=  65.914  ph=4  success=4/20 (20%) streak=0  | Reach=70%/0.0518  Descend=75%/0.0311  Grasp=55%/0.0331  Move=50%/0.1075  Release=100%/0.1460
    pick_and_place  rew=  61.775  ph=3  success=1/20 (5%) streak=0  | Reach=55%/0.0402  Descend=70%/0.0338  Grasp=50%/0.0381  Move=5%/0.1340
  ✓ drawer_open     rew= 102.640  ph=2  success=18/20 (90%) streak=4  | Reach=20%/0.0376  Grasp=35%/0.0366  Pull=90%/0.0073
  ✓ drawer_close    rew=  80.834  ph=2  success=19/20 (95%) streak=8  | Reach=30%/0.0500  Grasp=30%/0.0507  Push=95%/0.0044
    window_open     rew=   9.024  ph=0  success=10/20 (50%) (partial) streak=0  | Reach=25%/0.0526  Grasp=30%/0.0501  Slide=50%/0.0662
    window_close    rew=  33.988  ph=1  success=1/20 (5%) streak=0  | Reach=25%/0.0496  Grasp=45%/0.0576  Slide=5%/0.1122
    dial_turn       rew=  43.129  ph=3  success=0/20 (0%) streak=0  | Reach=85%/0.0164  Descend=70%/0.0253  Grasp=90%/0.0172  Turn=0%/1.4433
    door_open       rew=  32.165  ph=1  success=1/20 (5%) streak=0  | Reach=10%/0.0542  Grasp=15%/0.0642  Swing=5%/0.5727

⚠ iter 216 chunk 1/3: non-finite grads — update skipped (1 in a row, 1 total). Weights and ObsRMS left untouched.

⚠ iter 219 chunk 1/3: non-finite grads — update skipped (1 in a row, 2 total). Weights and ObsRMS left untouched.

Iter  220:  Σrew=420.576  grad=6011.0(max 8752 of 3)  [phase1=20.0s bptt=41.6s elapsed=10280s]
  heads (3/11 clipped)   trunk |g|=1723 lim=1500 x0.87
          reach x9  |g|=    7461 lim=  3000 x0.40       descend x3  |g|=    3928 lim=  1500 x0.38  
           move x2  |g|=    2107 lim=  1000 x0.47   pull_drawer x1  |g|=     717 lim=  1000 x1.00  
          swing x1  |g|=     491 lim=  2000 x1.00   slide_close x1  |g|=     437 lim=  1000 x1.00  
          grasp x8  |g|=     320 lim=  1000 x1.00   push_drawer x1  |g|=     227 lim=  1000 x1.00  
        release x1  |g|=     216 lim=   500 x1.00          turn x1  |g|=      13 lim=  1500 x1.00  
     slide_open x1  |g|=       0 lim=  1000 x1.00  
    reach           rew=   2.087  ph=0  success=3/20 (15%) streak=0  | Reach=15%/0.0487
    cube_stacking   rew=  73.903  ph=4  success=4/20 (20%) streak=0  | Reach=75%/0.0449  Descend=65%/0.0354  Grasp=65%/0.0377  Move=65%/0.0862  Release=100%/0.1174
    pick_and_place  rew=  50.108  ph=3  success=1/20 (5%) streak=0  | Reach=75%/0.0322  Descend=80%/0.0227  Grasp=75%/0.0236  Move=5%/0.1163
    drawer_open     rew=  87.726  ph=2  success=15/20 (75%) streak=0  | Reach=45%/0.0317  Grasp=65%/0.0287  Pull=75%/0.0304
  ✓ drawer_close    rew=  63.281  ph=2  success=20/20 (100%) streak=9  | Reach=15%/0.0537  Grasp=15%/0.0636  Push=100%/0.0005
    window_open     rew=  13.401  ph=0  success=5/20 (25%) (partial) streak=0  | Reach=30%/0.0683  Grasp=50%/0.0719  Slide=25%/0.0941
    window_close    rew=  56.811  ph=1  success=7/20 (35%) streak=0  | Reach=40%/0.0426  Grasp=30%/0.0589  Slide=35%/0.1161
    dial_turn       rew=  45.794  ph=3  success=0/20 (0%) streak=0  | Reach=90%/0.0208  Descend=85%/0.0231  Grasp=40%/0.0398  Turn=0%/1.7400
    door_open       rew=  27.467  ph=1  success=0/20 (0%) streak=0  | Reach=50%/0.0408  Grasp=35%/0.0482  Swing=0%/0.6703

⚠ iter 222 chunk 3/3: non-finite grads — update skipped (1 in a row, 3 total). Weights and ObsRMS left untouched.

Iter  225:  Σrew=496.855  grad=3851.3(max 5277 of 3)  [phase1=20.0s bptt=41.5s elapsed=10607s]
  heads (6/11 clipped)   trunk |g|=1191 lim=1500 x1.00
          reach x9  |g|=    3532 lim=  3000 x0.85   pull_drawer x1  |g|=    2580 lim=  1000 x0.39  
          swing x1  |g|=    2311 lim=  2000 x0.87       descend x3  |g|=    1568 lim=  1500 x0.96  
           move x2  |g|=    1567 lim=  1000 x0.64         grasp x8  |g|=    1397 lim=  1000 x0.72  
    push_drawer x1  |g|=     803 lim=  1000 x1.00   slide_close x1  |g|=     241 lim=  1000 x1.00  
           turn x1  |g|=     236 lim=  1500 x1.00       release x1  |g|=      75 lim=   500 x1.00  
     slide_open x1  |g|=       0 lim=  1000 x1.00  
    reach           rew=   1.864  ph=0  success=6/20 (30%) streak=0  | Reach=30%/0.0439
    cube_stacking   rew=  78.093  ph=4  success=6/20 (30%) streak=0  | Reach=85%/0.0493  Descend=90%/0.0274  Grasp=80%/0.0261  Move=70%/0.0629  Release=100%/0.0989
    pick_and_place  rew=  68.092  ph=3  success=3/20 (15%) streak=0  | Reach=75%/0.0333  Descend=100%/0.0136  Grasp=80%/0.0160  Move=15%/0.0886
    drawer_open     rew= 109.179  ph=2  success=13/20 (65%) streak=0  | Reach=90%/0.0184  Grasp=95%/0.0146  Pull=65%/0.0298
  ✓ drawer_close    rew=  77.395  ph=2  success=19/20 (95%) streak=10  | Reach=25%/0.0608  Grasp=25%/0.0557  Push=95%/0.0041
    window_open     rew=  12.813  ph=0  success=10/20 (50%) (partial) streak=0  | Reach=35%/0.0377  Grasp=50%/0.0390  Slide=50%/0.0833
    window_close    rew=  50.486  ph=1  success=16/20 (80%) streak=1  | Reach=30%/0.0436  Grasp=35%/0.0463  Slide=80%/0.0293
    dial_turn       rew=  57.698  ph=3  success=0/20 (0%) streak=0  | Reach=75%/0.0268  Descend=100%/0.0178  Grasp=100%/0.0132  Turn=0%/1.3825
    door_open       rew=  41.235  ph=1  success=1/20 (5%) streak=0  | Reach=75%/0.0264  Grasp=75%/0.0254  Swing=5%/0.6323

⚠ iter 230 chunk 1/3: non-finite grads — update skipped (1 in a row, 4 total). Weights and ObsRMS left untouched.

Iter  235:  Σrew=567.206  grad=3617.4(max 4241 of 3)  [phase1=20.1s bptt=41.6s elapsed=11244s]
  heads (2/11 clipped)   trunk |g|=966 lim=1500 x1.00
           move x2  |g|=    3079 lim=  1000 x0.32         reach x9  |g|=    2735 lim=  3000 x1.00  
    pull_drawer x1  |g|=    1604 lim=  1000 x0.62       descend x3  |g|=    1480 lim=  1500 x1.00  
          swing x1  |g|=    1318 lim=  2000 x1.00   push_drawer x1  |g|=     865 lim=  1000 x1.00  
    slide_close x1  |g|=     615 lim=  1000 x1.00         grasp x8  |g|=     610 lim=  1000 x1.00  
        release x1  |g|=     231 lim=   500 x1.00          turn x1  |g|=      18 lim=  1500 x1.00  
     slide_open x1  |g|=       0 lim=  1000 x1.00  
    reach           rew=   3.883  ph=0  success=9/20 (45%) streak=0  | Reach=45%/0.0388
    cube_stacking   rew=  89.161  ph=4  success=7/20 (35%) streak=0  | Reach=95%/0.0331  Descend=95%/0.0180  Grasp=90%/0.0179  Move=90%/0.0441  Release=100%/0.0934
    pick_and_place  rew=  65.455  ph=3  success=0/20 (0%) streak=0  | Reach=80%/0.0300  Descend=100%/0.0181  Grasp=85%/0.0228  Move=0%/0.1170
    drawer_open     rew= 100.642  ph=2  success=18/20 (90%) streak=1  | Reach=90%/0.0182  Grasp=95%/0.0135  Pull=90%/0.0188
  ✓ drawer_close    rew= 113.999  ph=2  success=19/20 (95%) streak=11  | Reach=75%/0.0294  Grasp=80%/0.0249  Push=95%/0.0038
    window_open     rew=  15.534  ph=0  success=9/20 (45%) (partial) streak=0  | Reach=40%/0.0490  Grasp=55%/0.0549  Slide=45%/0.0829
    window_close    rew=  73.999  ph=1  success=15/20 (75%) streak=0  | Reach=45%/0.0385  Grasp=80%/0.0293  Slide=75%/0.0422
    dial_turn       rew=  47.762  ph=3  success=0/20 (0%) streak=0  | Reach=100%/0.0128  Descend=90%/0.0229  Grasp=80%/0.0195  Turn=0%/1.7178
    door_open       rew=  56.772  ph=1  success=0/20 (0%) streak=0  | Reach=75%/0.0333  Grasp=75%/0.0368  Swing=0%/0.5110
    ──→ door_open: phase 2, active=110

Iter  240:  Σrew=516.141  grad=3985.4(max 4975 of 3)  [phase1=20.1s bptt=41.5s elapsed=11570s]
  heads (6/11 clipped)   trunk |g|=997 lim=1500 x1.00
          reach x9  |g|=    3879 lim=  3000 x0.77       descend x3  |g|=    2625 lim=  1500 x0.57  
    push_drawer x1  |g|=    1401 lim=  1000 x0.71         swing x1  |g|=    1285 lim=  2000 x1.00  
           move x2  |g|=    1258 lim=  1000 x0.79         grasp x8  |g|=    1118 lim=  1000 x0.89  
    pull_drawer x1  |g|=    1042 lim=  1000 x0.96   slide_close x1  |g|=     528 lim=  1000 x1.00  
        release x1  |g|=     208 lim=   500 x1.00          turn x1  |g|=      25 lim=  1500 x1.00  
     slide_open x1  |g|=       0 lim=  1000 x1.00  
    reach           rew=   2.551  ph=0  success=6/20 (30%) streak=0  | Reach=30%/0.0454
    cube_stacking   rew=  58.459  ph=4  success=3/20 (15%) streak=0  | Reach=90%/0.0439  Descend=75%/0.0273  Grasp=60%/0.0312  Move=65%/0.0917  Release=100%/0.1308
    pick_and_place  rew=  69.027  ph=3  success=2/20 (10%) streak=0  | Reach=65%/0.0382  Descend=90%/0.0169  Grasp=95%/0.0153  Move=10%/0.0866
    drawer_open     rew= 108.625  ph=2  success=20/20 (100%) streak=2  | Reach=80%/0.0222  Grasp=95%/0.0169  Pull=100%/0.0016
  ✓ drawer_close    rew= 107.477  ph=2  success=18/20 (90%) streak=12  | Reach=55%/0.0374  Grasp=50%/0.0405  Push=90%/0.0080
    window_open     rew=  15.983  ph=0  success=4/20 (20%) (partial) streak=0  | Reach=45%/0.0375  Grasp=75%/0.0400  Slide=20%/0.1312
    window_close    rew=  65.055  ph=1  success=7/20 (35%) streak=0  | Reach=10%/0.0566  Grasp=35%/0.0511  Slide=35%/0.1067
    dial_turn       rew=  42.658  ph=3  success=0/20 (0%) streak=0  | Reach=100%/0.0150  Descend=95%/0.0175  Grasp=100%/0.0134  Turn=0%/1.6759
    door_open       rew=  46.305  ph=2  success=0/20 (0%) streak=0  | Reach=55%/0.0395  Grasp=65%/0.0389  Swing=0%/0.5635

Iter  245:  Σrew=569.272  grad=4970.8(max 6495 of 3)  [phase1=20.0s bptt=41.5s elapsed=11896s]
  heads (5/11 clipped)   trunk |g|=1222 lim=1500 x1.00
          reach x9  |g|=    6042 lim=  3000 x0.50          move x2  |g|=    3080 lim=  1000 x0.32  
    pull_drawer x1  |g|=    1724 lim=  1000 x0.58   push_drawer x1  |g|=    1601 lim=  1000 x0.62  
        descend x3  |g|=    1091 lim=  1500 x1.00   slide_close x1  |g|=    1061 lim=  1000 x0.94  
          grasp x8  |g|=     869 lim=  1000 x1.00         swing x1  |g|=     596 lim=  2000 x1.00  
        release x1  |g|=     388 lim=   500 x1.00          turn x1  |g|=      46 lim=  1500 x1.00  
     slide_open x1  |g|=       0 lim=  1000 x1.00  
    reach           rew=   2.729  ph=0  success=7/20 (35%) streak=0  | Reach=35%/0.0404
    cube_stacking   rew=  77.227  ph=4  success=7/20 (35%) streak=0  | Reach=85%/0.0368  Descend=85%/0.0209  Grasp=80%/0.0196  Move=75%/0.0693  Release=100%/0.1068
    pick_and_place  rew=  75.526  ph=3  success=1/20 (5%) streak=0  | Reach=85%/0.0319  Descend=100%/0.0130  Grasp=95%/0.0159  Move=5%/0.0884
    drawer_open     rew= 106.843  ph=2  success=18/20 (90%) streak=3  | Reach=80%/0.0244  Grasp=80%/0.0232  Pull=90%/0.0133
  ✓ drawer_close    rew= 121.663  ph=2  success=16/20 (80%) streak=13  | Reach=10%/0.0400  Grasp=5%/0.0485  Push=80%/0.0119
    window_open     rew=  10.616  ph=0  success=5/20 (25%) (partial) streak=0  | Reach=30%/0.0498  Grasp=60%/0.0446  Slide=25%/0.0726
    window_close    rew=  70.927  ph=1  success=15/20 (75%) streak=0  | Reach=35%/0.0504  Grasp=20%/0.0590  Slide=75%/0.0207
    dial_turn       rew=  50.249  ph=3  success=0/20 (0%) streak=0  | Reach=65%/0.0256  Descend=85%/0.0238  Grasp=85%/0.0206  Turn=0%/1.5711
    door_open       rew=  53.492  ph=2  success=3/20 (15%) streak=0  | Reach=10%/0.0463  Grasp=25%/0.0499  Swing=15%/0.4012

Iter  250:  Σrew=569.402  grad=6449.6(max 7544 of 3)  [phase1=20.1s bptt=41.5s elapsed=12213s]
  heads (5/11 clipped)   trunk |g|=1195 lim=1500 x1.00
          reach x9  |g|=    7192 lim=  3000 x0.42          move x2  |g|=    4360 lim=  1000 x0.23  
        descend x3  |g|=    2483 lim=  1500 x0.60         grasp x8  |g|=    1229 lim=  1000 x0.81  
    pull_drawer x1  |g|=    1034 lim=  1000 x0.97   push_drawer x1  |g|=     869 lim=  1000 x1.00  
          swing x1  |g|=     627 lim=  2000 x1.00   slide_close x1  |g|=     338 lim=  1000 x1.00  
           turn x1  |g|=     210 lim=  1500 x1.00       release x1  |g|=     146 lim=   500 x1.00  
     slide_open x1  |g|=       0 lim=  1000 x1.00  
    reach           rew=   4.020  ph=0  success=9/20 (45%) streak=0  | Reach=45%/0.0430
    cube_stacking   rew=  69.065  ph=4  success=6/20 (30%) streak=0  | Reach=80%/0.0537  Descend=70%/0.0467  Grasp=70%/0.0467  Move=75%/0.0679  Release=100%/0.1116
    pick_and_place  rew=  78.288  ph=3  success=6/20 (30%) streak=0  | Reach=85%/0.0265  Descend=90%/0.0235  Grasp=65%/0.0288  Move=30%/0.0989
    drawer_open     rew= 108.552  ph=2  success=14/20 (70%) streak=0  | Reach=60%/0.0289  Grasp=60%/0.0325  Pull=70%/0.0248
  ✓ drawer_close    rew= 130.726  ph=2  success=19/20 (95%) streak=14  | Reach=60%/0.0336  Grasp=75%/0.0320  Push=95%/0.0040
    window_open     rew=   9.040  ph=0  success=8/20 (40%) (partial) streak=0  | Reach=10%/0.0491  Grasp=70%/0.0220  Slide=40%/0.0506
    window_close    rew=  61.792  ph=1  success=11/20 (55%) streak=0  | Reach=50%/0.0352  Grasp=65%/0.0329  Slide=55%/0.0748
    dial_turn       rew=  47.629  ph=3  success=0/20 (0%) streak=0  | Reach=80%/0.0212  Descend=70%/0.0240  Grasp=45%/0.0306  Turn=0%/1.3791
    door_open       rew=  60.290  ph=2  success=7/20 (35%) streak=0  | Reach=45%/0.0363  Grasp=45%/0.0377  Swing=35%/0.2812
  ✓ saved vision_all_balance_{params,obs_rms,opt}.pkl + _{learning,gradients}.png at iter 250

Iter  255:  Σrew=544.555  grad=3711.2(max 4344 of 3)  [phase1=19.9s bptt=41.5s elapsed=12540s]
  heads (5/11 clipped)   trunk |g|=1044 lim=1500 x1.00
          reach x9  |g|=    3492 lim=  3000 x0.86       descend x3  |g|=    2268 lim=  1500 x0.66  
    pull_drawer x1  |g|=    1392 lim=  1000 x0.72          move x2  |g|=    1340 lim=  1000 x0.75  
    push_drawer x1  |g|=    1216 lim=  1000 x0.82         grasp x8  |g|=     707 lim=  1000 x1.00  
          swing x1  |g|=     671 lim=  2000 x1.00   slide_close x1  |g|=     496 lim=  1000 x1.00  
        release x1  |g|=     276 lim=   500 x1.00          turn x1  |g|=      64 lim=  1500 x1.00  
     slide_open x1  |g|=       0 lim=  1000 x1.00  
    reach           rew=   2.539  ph=0  success=4/20 (20%) streak=0  | Reach=20%/0.0480
    cube_stacking   rew=  70.555  ph=4  success=0/20 (0%) streak=0  | Reach=95%/0.0349  Descend=75%/0.0269  Grasp=60%/0.0292  Move=55%/0.0948  Release=100%/0.1533
    pick_and_place  rew=  67.928  ph=3  success=0/20 (0%) streak=0  | Reach=70%/0.0354  Descend=85%/0.0308  Grasp=60%/0.0361  Move=0%/0.1349
    drawer_open     rew= 116.075  ph=2  success=9/20 (45%) streak=0  | Reach=85%/0.0250  Grasp=85%/0.0221  Pull=45%/0.0592
  ✓ drawer_close    rew= 118.924  ph=2  success=19/20 (95%) streak=15  | Reach=55%/0.0401  Grasp=65%/0.0326  Push=95%/0.0027
    window_open     rew=  14.435  ph=0  success=6/20 (30%) (partial) streak=0  | Reach=10%/0.0422  Grasp=45%/0.0309  Slide=30%/0.0820
    window_close    rew=  53.496  ph=1  success=13/20 (65%) streak=0  | Reach=30%/0.0379  Grasp=85%/0.0227  Slide=65%/0.0684
    ──→ window_close: phase 2, active=80
    dial_turn       rew=  41.757  ph=3  success=0/20 (0%) streak=0  | Reach=85%/0.0212  Descend=40%/0.0330  Grasp=45%/0.0342  Turn=0%/1.6511
    door_open       rew=  58.845  ph=2  success=4/20 (20%) streak=0  | Reach=40%/0.0436  Grasp=40%/0.0409  Swing=20%/0.4820

Iter  260:  Σrew=580.207  grad=4248.7(max 5790 of 3)  [phase1=20.5s bptt=41.6s elapsed=12868s]
  heads (4/11 clipped)   trunk |g|=1079 lim=1500 x1.00
          reach x9  |g|=    4922 lim=  3000 x0.61   pull_drawer x1  |g|=    2550 lim=  1000 x0.39  
           move x2  |g|=    2082 lim=  1000 x0.48       descend x3  |g|=    1300 lim=  1500 x1.00  
          grasp x8  |g|=    1142 lim=  1000 x0.88         swing x1  |g|=     837 lim=  2000 x1.00  
    push_drawer x1  |g|=     575 lim=  1000 x1.00   slide_close x1  |g|=     418 lim=  1000 x1.00  
        release x1  |g|=     284 lim=   500 x1.00          turn x1  |g|=     204 lim=  1500 x1.00  
     slide_open x1  |g|=       0 lim=  1000 x1.00  
    reach           rew=   2.609  ph=0  success=1/20 (5%) streak=0  | Reach=5%/0.0454
    cube_stacking   rew=  89.119  ph=4  success=3/20 (15%) streak=0  | Reach=90%/0.0360  Descend=95%/0.0180  Grasp=85%/0.0201  Move=80%/0.0730  Release=100%/0.1124
    pick_and_place  rew=  72.020  ph=3  success=0/20 (0%) streak=0  | Reach=90%/0.0244  Descend=95%/0.0138  Grasp=95%/0.0161  Move=0%/0.0727
    drawer_open     rew= 111.381  ph=2  success=16/20 (80%) streak=1  | Reach=95%/0.0169  Grasp=100%/0.0111  Pull=80%/0.0250
  ✓ drawer_close    rew= 108.577  ph=2  success=20/20 (100%) streak=16  | Reach=55%/0.0337  Grasp=65%/0.0322  Push=100%/0.0006
    window_open     rew=  11.858  ph=0  success=11/20 (55%) (partial) streak=0  | Reach=30%/0.0379  Grasp=65%/0.0407  Slide=55%/0.0731
    window_close    rew=  62.048  ph=2  success=16/20 (80%) streak=1  | Reach=35%/0.0387  Grasp=70%/0.0259  Slide=80%/0.0287
    dial_turn       rew=  51.560  ph=3  success=0/20 (0%) streak=0  | Reach=80%/0.0234  Descend=95%/0.0197  Grasp=80%/0.0196  Turn=0%/1.2584
    door_open       rew=  71.037  ph=2  success=1/20 (5%) streak=0  | Reach=80%/0.0264  Grasp=75%/0.0252  Swing=5%/0.5498

Iter  265:  Σrew=614.534  grad=6134.2(max 9039 of 3)  [phase1=19.9s bptt=41.5s elapsed=13194s]
  heads (3/11 clipped)   trunk |g|=1751 lim=1500 x0.86
          reach x9  |g|=    8694 lim=  3000 x0.35          move x2  |g|=    3668 lim=  1000 x0.27  
    pull_drawer x1  |g|=    1211 lim=  1000 x0.83         grasp x8  |g|=     982 lim=  1000 x1.00  
        descend x3  |g|=     978 lim=  1500 x1.00   slide_close x1  |g|=     549 lim=  1000 x1.00  
    push_drawer x1  |g|=     520 lim=  1000 x1.00         swing x1  |g|=     507 lim=  2000 x1.00  
        release x1  |g|=     265 lim=   500 x1.00          turn x1  |g|=     255 lim=  1500 x1.00  
     slide_open x1  |g|=       0 lim=  1000 x1.00  
    reach           rew=   3.184  ph=0  success=6/20 (30%) streak=0  | Reach=30%/0.0400
    cube_stacking   rew=  96.746  ph=4  success=4/20 (20%) streak=0  | Reach=100%/0.0317  Descend=95%/0.0138  Grasp=90%/0.0135  Move=95%/0.0415  Release=100%/0.0832
    pick_and_place  rew=  77.607  ph=3  success=1/20 (5%) streak=0  | Reach=70%/0.0313  Descend=95%/0.0150  Grasp=90%/0.0136  Move=5%/0.0904
    drawer_open     rew= 106.754  ph=2  success=20/20 (100%) streak=2  | Reach=100%/0.0171  Grasp=100%/0.0157  Pull=100%/0.0024
  ✓ drawer_close    rew= 107.450  ph=2  success=18/20 (90%) streak=17  | Reach=60%/0.0344  Grasp=55%/0.0377  Push=90%/0.0055
    window_open     rew=  16.821  ph=0  success=12/20 (60%) (partial) streak=0  | Reach=55%/0.0296  Grasp=80%/0.0208  Slide=60%/0.0463
    window_close    rew=  81.189  ph=2  success=19/20 (95%) streak=2  | Reach=60%/0.0335  Grasp=80%/0.0295  Slide=95%/0.0030
    dial_turn       rew=  58.559  ph=3  success=0/20 (0%) streak=0  | Reach=95%/0.0180  Descend=95%/0.0178  Grasp=80%/0.0201  Turn=0%/1.0844
    door_open       rew=  66.223  ph=2  success=5/20 (25%) streak=0  | Reach=75%/0.0393  Grasp=70%/0.0428  Swing=25%/0.4512

Iter  270:  Σrew=580.795  grad=3495.5(max 3699 of 3)  [phase1=20.5s bptt=41.7s elapsed=13513s]
  heads (3/11 clipped)   trunk |g|=893 lim=1500 x1.00
          reach x9  |g|=    2687 lim=  3000 x1.00          turn x1  |g|=    2105 lim=  1500 x0.71  
           move x2  |g|=    1940 lim=  1000 x0.52   pull_drawer x1  |g|=    1664 lim=  1000 x0.60  
        descend x3  |g|=    1156 lim=  1500 x1.00         swing x1  |g|=     929 lim=  2000 x1.00  
          grasp x8  |g|=     842 lim=  1000 x1.00   slide_close x1  |g|=     777 lim=  1000 x1.00  
    push_drawer x1  |g|=     508 lim=  1000 x1.00       release x1  |g|=     282 lim=   500 x1.00  
     slide_open x1  |g|=       0 lim=  1000 x1.00  
    reach           rew=   2.921  ph=0  success=6/20 (30%) streak=0  | Reach=30%/0.0428
    cube_stacking   rew=  71.235  ph=4  success=3/20 (15%) streak=0  | Reach=85%/0.0404  Descend=90%/0.0170  Grasp=80%/0.0215  Move=65%/0.0873  Release=100%/0.1414
    pick_and_place  rew=  74.730  ph=3  success=3/20 (15%) streak=0  | Reach=75%/0.0307  Descend=100%/0.0085  Grasp=100%/0.0068  Move=15%/0.0706
    drawer_open     rew= 115.079  ph=2  success=18/20 (90%) streak=3  | Reach=95%/0.0157  Grasp=95%/0.0097  Pull=90%/0.0110
  ✓ drawer_close    rew=  81.078  ph=2  success=20/20 (100%) streak=18  | Reach=35%/0.0475  Grasp=35%/0.0483  Push=100%/0.0005
    window_open     rew=  13.199  ph=0  success=9/20 (45%) (partial) streak=0  | Reach=55%/0.0384  Grasp=65%/0.0403  Slide=45%/0.0591
    ──→ window_open: phase 1, active=80
    window_close    rew=  81.346  ph=2  success=14/20 (70%) streak=0  | Reach=25%/0.0448  Grasp=70%/0.0239  Slide=70%/0.0600
    dial_turn       rew=  63.854  ph=3  success=0/20 (0%) streak=0  | Reach=85%/0.0196  Descend=100%/0.0173  Grasp=95%/0.0165  Turn=0%/1.1491
    door_open       rew=  77.354  ph=2  success=3/20 (15%) streak=0  | Reach=65%/0.0324  Grasp=50%/0.0353  Swing=15%/0.3250

Iter  275:  Σrew=675.786  grad=7621.9(max 8449 of 3)  [phase1=20.9s bptt=43.6s elapsed=13856s]
  heads (4/11 clipped)   trunk |g|=1339 lim=1500 x1.00
          reach x9  |g|=    8263 lim=  3000 x0.36       descend x3  |g|=    2203 lim=  1500 x0.68  
           move x2  |g|=    1704 lim=  1000 x0.59   pull_drawer x1  |g|=    1427 lim=  1000 x0.70  
     slide_open x1  |g|=     852 lim=  1000 x1.00   slide_close x1  |g|=     781 lim=  1000 x1.00  
          swing x1  |g|=     690 lim=  2000 x1.00         grasp x8  |g|=     570 lim=  1000 x1.00  
    push_drawer x1  |g|=     320 lim=  1000 x1.00       release x1  |g|=     130 lim=   500 x1.00  
           turn x1  |g|=      64 lim=  1500 x1.00  
    reach           rew=   2.398  ph=0  success=5/20 (25%) streak=0  | Reach=25%/0.0454
    cube_stacking   rew=  82.117  ph=4  success=2/20 (10%) streak=0  | Reach=90%/0.0350  Descend=90%/0.0237  Grasp=75%/0.0258  Move=70%/0.0819  Release=100%/0.1173
    pick_and_place  rew=  86.128  ph=3  success=1/20 (5%) streak=0  | Reach=60%/0.0343  Descend=100%/0.0120  Grasp=95%/0.0110  Move=5%/0.0769
  ✓ drawer_open     rew= 119.346  ph=2  success=19/20 (95%) streak=4  | Reach=95%/0.0201  Grasp=100%/0.0117  Pull=95%/0.0031
  ✓ drawer_close    rew=  82.791  ph=2  success=18/20 (90%) streak=19  | Reach=10%/0.0524  Grasp=25%/0.0487  Push=90%/0.0046
    window_open     rew=  68.091  ph=1  success=0/20 (0%) streak=0  | Reach=20%/0.0901  Grasp=20%/0.1018  Slide=0%/0.1517
    window_close    rew=  84.376  ph=2  success=18/20 (90%) streak=1  | Reach=45%/0.0351  Grasp=60%/0.0340  Slide=90%/0.0105
    dial_turn       rew=  62.299  ph=3  success=0/20 (0%) streak=0  | Reach=90%/0.0190  Descend=100%/0.0147  Grasp=95%/0.0158  Turn=0%/1.3146
    door_open       rew=  88.238  ph=2  success=4/20 (20%) streak=0  | Reach=70%/0.0271  Grasp=75%/0.0272  Swing=20%/0.2659

Iter  280:  Σrew=606.263  grad=4770.6(max 6521 of 3)  [phase1=21.2s bptt=43.7s elapsed=14199s]
  heads (4/11 clipped)   trunk |g|=1321 lim=1500 x1.00
          reach x9  |g|=    5530 lim=  3000 x0.54          move x2  |g|=    2436 lim=  1000 x0.41  
     slide_open x1  |g|=    1431 lim=  1000 x0.70       descend x3  |g|=    1339 lim=  1500 x1.00  
    slide_close x1  |g|=    1135 lim=  1000 x0.88   push_drawer x1  |g|=     699 lim=  1000 x1.00  
    pull_drawer x1  |g|=     676 lim=  1000 x1.00         grasp x8  |g|=     540 lim=  1000 x1.00  
          swing x1  |g|=     347 lim=  2000 x1.00       release x1  |g|=     341 lim=   500 x1.00  
           turn x1  |g|=     139 lim=  1500 x1.00  
    reach           rew=   0.499  ph=0  success=3/20 (15%) streak=0  | Reach=15%/0.0498
    cube_stacking   rew=  86.188  ph=4  success=8/20 (40%) streak=0  | Reach=80%/0.0366  Descend=95%/0.0189  Grasp=95%/0.0182  Move=90%/0.0432  Release=100%/0.0793
    pick_and_place  rew=  63.070  ph=3  success=3/20 (15%) streak=0  | Reach=75%/0.0323  Descend=100%/0.0171  Grasp=80%/0.0249  Move=15%/0.1142
  ✓ drawer_open     rew= 117.161  ph=2  success=18/20 (90%) streak=5  | Reach=90%/0.0193  Grasp=95%/0.0133  Pull=90%/0.0101
  ✓ drawer_close    rew=  73.220  ph=2  success=17/20 (85%) streak=20  | Reach=0%/0.0656  Grasp=5%/0.0699  Push=85%/0.0096
    window_open     rew=  51.775  ph=1  success=8/20 (40%) streak=0  | Reach=35%/0.0461  Grasp=65%/0.0422  Slide=40%/0.0817
    window_close    rew=  78.008  ph=2  success=11/20 (55%) streak=0  | Reach=45%/0.0332  Grasp=85%/0.0176  Slide=55%/0.0425
    dial_turn       rew=  52.307  ph=3  success=0/20 (0%) streak=0  | Reach=85%/0.0191  Descend=85%/0.0228  Grasp=100%/0.0175  Turn=0%/1.3799
    door_open       rew=  84.034  ph=2  success=11/20 (55%) streak=0  | Reach=60%/0.0412  Grasp=55%/0.0499  Swing=55%/0.1337

Iter  285:  Σrew=675.610  grad=4972.0(max 6060 of 3)  [phase1=20.9s bptt=43.8s elapsed=14531s]
  heads (4/11 clipped)   trunk |g|=1475 lim=1500 x1.00
          reach x9  |g|=    5421 lim=  3000 x0.55          move x2  |g|=    4065 lim=  1000 x0.25  
     slide_open x1  |g|=    1793 lim=  1000 x0.56   pull_drawer x1  |g|=    1323 lim=  1000 x0.76  
        descend x3  |g|=    1285 lim=  1500 x1.00         grasp x8  |g|=     649 lim=  1000 x1.00  
          swing x1  |g|=     570 lim=  2000 x1.00          turn x1  |g|=     259 lim=  1500 x1.00  
    push_drawer x1  |g|=     259 lim=  1000 x1.00   slide_close x1  |g|=     257 lim=  1000 x1.00  
        release x1  |g|=     149 lim=   500 x1.00  
    reach           rew=   4.294  ph=0  success=5/20 (25%) streak=0  | Reach=25%/0.0448
    cube_stacking   rew=  89.467  ph=4  success=2/20 (10%) streak=0  | Reach=90%/0.0429  Descend=75%/0.0294  Grasp=60%/0.0369  Move=50%/0.0995  Release=100%/0.1533
    pick_and_place  rew=  86.638  ph=3  success=2/20 (10%) streak=0  | Reach=80%/0.0291  Descend=95%/0.0175  Grasp=85%/0.0233  Move=10%/0.0719
  ✓ drawer_open     rew= 110.029  ph=2  success=18/20 (90%) streak=6  | Reach=85%/0.0163  Grasp=90%/0.0134  Pull=90%/0.0108
  ✓ drawer_close    rew=  57.749  ph=2  success=20/20 (100%) streak=21  | Reach=0%/0.0689  Grasp=0%/0.0726  Push=100%/0.0013
    window_open     rew=  83.362  ph=1  success=17/20 (85%) streak=1  | Reach=50%/0.0563  Grasp=60%/0.0546  Slide=85%/0.0135
    ──→ window_open: phase 2, active=80
    window_close    rew=  79.165  ph=2  success=9/20 (45%) streak=0  | Reach=50%/0.0406  Grasp=45%/0.0490  Slide=45%/0.1020
    dial_turn       rew=  52.123  ph=3  success=0/20 (0%) streak=0  | Reach=95%/0.0181  Descend=90%/0.0221  Grasp=70%/0.0262  Turn=0%/1.4340
    door_open       rew= 112.783  ph=2  success=19/20 (95%) streak=1  | Reach=50%/0.0357  Grasp=20%/0.0423  Swing=95%/0.0355

Iter  290:  Σrew=697.653  grad=5473.1(max 10114 of 3)  [phase1=21.0s bptt=43.9s elapsed=14876s]
  heads (2/11 clipped)   trunk |g|=1830 lim=1500 x0.82
          reach x9  |g|=    9671 lim=  3000 x0.31          move x2  |g|=    2255 lim=  1000 x0.44  
        descend x3  |g|=    1267 lim=  1500 x1.00   pull_drawer x1  |g|=     909 lim=  1000 x1.00  
     slide_open x1  |g|=     754 lim=  1000 x1.00         grasp x8  |g|=     651 lim=  1000 x1.00  
          swing x1  |g|=     587 lim=  2000 x1.00   slide_close x1  |g|=     514 lim=  1000 x1.00  
    push_drawer x1  |g|=     342 lim=  1000 x1.00       release x1  |g|=     246 lim=   500 x1.00  
           turn x1  |g|=      41 lim=  1500 x1.00  
    reach           rew=   2.639  ph=0  success=6/20 (30%) streak=0  | Reach=30%/0.0449
    cube_stacking   rew=  89.076  ph=4  success=4/20 (20%) streak=0  | Reach=100%/0.0285  Descend=80%/0.0309  Grasp=60%/0.0350  Move=65%/0.0825  Release=100%/0.1248
    pick_and_place  rew=  84.335  ph=3  success=5/20 (25%) streak=0  | Reach=95%/0.0266  Descend=100%/0.0120  Grasp=100%/0.0100  Move=25%/0.0590
    drawer_open     rew= 120.394  ph=2  success=15/20 (75%) streak=0  | Reach=95%/0.0189  Grasp=100%/0.0119  Pull=75%/0.0233
  ✓ drawer_close    rew=  81.685  ph=2  success=19/20 (95%) streak=22  | Reach=25%/0.0464  Grasp=35%/0.0484  Push=95%/0.0021
    window_open     rew=  80.133  ph=2  success=10/20 (50%) streak=0  | Reach=50%/0.0408  Grasp=65%/0.0392  Slide=50%/0.0603
    window_close    rew=  68.954  ph=2  success=11/20 (55%) streak=0  | Reach=60%/0.0334  Grasp=55%/0.0308  Slide=55%/0.0868
    dial_turn       rew=  52.183  ph=3  success=0/20 (0%) streak=0  | Reach=85%/0.0197  Descend=70%/0.0277  Grasp=45%/0.0314  Turn=0%/1.6201
    door_open       rew= 118.253  ph=2  success=20/20 (100%) streak=2  | Reach=65%/0.0313  Grasp=80%/0.0260  Swing=100%/0.0133

Iter  295:  Σrew=681.597  grad=4214.3(max 5446 of 3)  [phase1=21.1s bptt=43.7s elapsed=15219s]
  heads (4/11 clipped)   trunk |g|=1251 lim=1500 x1.00
          reach x9  |g|=    4061 lim=  3000 x0.74          move x2  |g|=    2498 lim=  1000 x0.40  
        descend x3  |g|=    2263 lim=  1500 x0.66   pull_drawer x1  |g|=    1736 lim=  1000 x0.58  
          swing x1  |g|=    1036 lim=  2000 x1.00         grasp x8  |g|=     764 lim=  1000 x1.00  
    slide_close x1  |g|=     631 lim=  1000 x1.00   push_drawer x1  |g|=     570 lim=  1000 x1.00  
     slide_open x1  |g|=     513 lim=  1000 x1.00       release x1  |g|=     164 lim=   500 x1.00  
           turn x1  |g|=      49 lim=  1500 x1.00  
    reach           rew=   4.136  ph=0  success=4/20 (20%) streak=0  | Reach=20%/0.0495
    cube_stacking   rew=  73.837  ph=4  success=4/20 (20%) streak=0  | Reach=90%/0.0385  Descend=80%/0.0263  Grasp=80%/0.0278  Move=75%/0.0742  Release=100%/0.1112
    pick_and_place  rew=  88.603  ph=3  success=4/20 (20%) streak=0  | Reach=95%/0.0259  Descend=90%/0.0223  Grasp=90%/0.0196  Move=20%/0.0724
    drawer_open     rew= 123.023  ph=2  success=19/20 (95%) streak=1  | Reach=100%/0.0139  Grasp=100%/0.0074  Pull=95%/0.0079
  ✓ drawer_close    rew=  73.613  ph=2  success=20/20 (100%) streak=23  | Reach=15%/0.0609  Grasp=30%/0.0577  Push=100%/0.0018
    window_open     rew=  77.062  ph=2  success=15/20 (75%) streak=0  | Reach=40%/0.0584  Grasp=55%/0.0546  Slide=75%/0.0325
    window_close    rew=  83.643  ph=2  success=16/20 (80%) streak=1  | Reach=65%/0.0371  Grasp=80%/0.0260  Slide=80%/0.0387
    dial_turn       rew=  57.949  ph=3  success=0/20 (0%) streak=0  | Reach=95%/0.0187  Descend=60%/0.0254  Grasp=85%/0.0232  Turn=0%/1.5068
    door_open       rew=  99.730  ph=2  success=18/20 (90%) streak=3  | Reach=65%/0.0406  Grasp=65%/0.0369  Swing=90%/0.0785

Iter  300:  Σrew=708.881  grad=4718.6(max 5404 of 3)  [phase1=30.6s bptt=43.7s elapsed=15562s]
  heads (3/11 clipped)   trunk |g|=1121 lim=1500 x1.00
           move x2  |g|=    4772 lim=  1000 x0.21         reach x9  |g|=    4646 lim=  3000 x0.65  
          swing x1  |g|=    3518 lim=  2000 x0.57         grasp x8  |g|=     647 lim=  1000 x1.00  
    pull_drawer x1  |g|=     598 lim=  1000 x1.00   push_drawer x1  |g|=     554 lim=  1000 x1.00  
        descend x3  |g|=     489 lim=  1500 x1.00   slide_close x1  |g|=     391 lim=  1000 x1.00  
        release x1  |g|=     390 lim=   500 x1.00    slide_open x1  |g|=     210 lim=  1000 x1.00  
           turn x1  |g|=      29 lim=  1500 x1.00  
    reach           rew=   2.723  ph=0  success=5/20 (25%) streak=0  | Reach=25%/0.0429
    cube_stacking   rew=  83.650  ph=4  success=6/20 (30%) streak=0  | Reach=95%/0.0300  Descend=85%/0.0258  Grasp=80%/0.0276  Move=80%/0.0662  Release=100%/0.0994
    pick_and_place  rew=  82.311  ph=3  success=3/20 (15%) streak=0  | Reach=65%/0.0295  Descend=100%/0.0174  Grasp=85%/0.0189  Move=15%/0.0937
    drawer_open     rew= 116.122  ph=2  success=13/20 (65%) streak=0  | Reach=100%/0.0178  Grasp=100%/0.0132  Pull=65%/0.0421
  ✓ drawer_close    rew=  86.959  ph=2  success=19/20 (95%) streak=24  | Reach=25%/0.0481  Grasp=40%/0.0458  Push=95%/0.0033
    window_open     rew=  83.194  ph=2  success=15/20 (75%) streak=0  | Reach=30%/0.0481  Grasp=55%/0.0475  Slide=75%/0.0304
    window_close    rew=  65.370  ph=2  success=16/20 (80%) streak=2  | Reach=15%/0.0429  Grasp=60%/0.0406  Slide=80%/0.0397
    dial_turn       rew=  55.629  ph=3  success=0/20 (0%) streak=0  | Reach=95%/0.0165  Descend=100%/0.0157  Grasp=100%/0.0101  Turn=0%/1.5080
  ✓ door_open       rew= 132.923  ph=2  success=16/20 (80%) streak=4  | Reach=60%/0.0435  Grasp=55%/0.0357  Swing=80%/0.1332
  ✓ saved vision_all_balance_{params,obs_rms,opt}.pkl + _{learning,gradients}.png at iter 300

Iter  305:  Σrew=708.576  grad=8226.1(max 11090 of 3)  [phase1=20.9s bptt=43.8s elapsed=15904s]
  heads (4/11 clipped)   trunk |g|=2032 lim=1500 x0.74
          reach x9  |g|=   10703 lim=  3000 x0.28   pull_drawer x1  |g|=    2559 lim=  1000 x0.39  
           move x2  |g|=    1749 lim=  1000 x0.57   slide_close x1  |g|=    1134 lim=  1000 x0.88  
          swing x1  |g|=     978 lim=  2000 x1.00   push_drawer x1  |g|=     765 lim=  1000 x1.00  
        descend x3  |g|=     763 lim=  1500 x1.00         grasp x8  |g|=     636 lim=  1000 x1.00  
     slide_open x1  |g|=     167 lim=  1000 x1.00       release x1  |g|=     155 lim=   500 x1.00  
           turn x1  |g|=      73 lim=  1500 x1.00  
    reach           rew=   2.871  ph=0  success=5/20 (25%) streak=0  | Reach=25%/0.0386
    cube_stacking   rew=  90.214  ph=4  success=10/20 (50%) streak=0  | Reach=95%/0.0380  Descend=100%/0.0193  Grasp=85%/0.0212  Move=90%/0.0466  Release=100%/0.0742
    pick_and_place  rew=  81.406  ph=3  success=1/20 (5%) streak=0  | Reach=60%/0.0387  Descend=60%/0.0368  Grasp=40%/0.0651  Move=5%/0.1357
    drawer_open     rew= 122.310  ph=2  success=15/20 (75%) streak=0  | Reach=20%/0.0364  Grasp=10%/0.0399  Pull=75%/0.0226
  ✓ drawer_close    rew=  89.910  ph=2  success=17/20 (85%) streak=25  | Reach=20%/0.0483  Grasp=30%/0.0502  Push=85%/0.0086
    window_open     rew=  73.554  ph=2  success=13/20 (65%) streak=0  | Reach=35%/0.0445  Grasp=60%/0.0385  Slide=65%/0.0385
    window_close    rew=  69.186  ph=2  success=16/20 (80%) streak=3  | Reach=25%/0.0416  Grasp=45%/0.0442  Slide=80%/0.0322
    dial_turn       rew=  51.811  ph=3  success=0/20 (0%) streak=0  | Reach=15%/0.0376  Descend=10%/0.0561  Grasp=0%/0.0633  Turn=0%/1.5307
  ✓ door_open       rew= 127.314  ph=2  success=18/20 (90%) streak=5  | Reach=40%/0.0336  Grasp=40%/0.0327  Swing=90%/0.0453

Iter  310:  Σrew=695.655  grad=6168.6(max 10306 of 3)  [phase1=21.7s bptt=43.7s elapsed=16248s]
  heads (3/11 clipped)   trunk |g|=2257 lim=1500 x0.66
          reach x9  |g|=    9940 lim=  3000 x0.30          move x2  |g|=    2194 lim=  1000 x0.46  
        descend x3  |g|=    1271 lim=  1500 x1.00   slide_close x1  |g|=    1219 lim=  1000 x0.82  
    pull_drawer x1  |g|=     881 lim=  1000 x1.00   push_drawer x1  |g|=     867 lim=  1000 x1.00  
          grasp x8  |g|=     764 lim=  1000 x1.00         swing x1  |g|=     684 lim=  2000 x1.00  
     slide_open x1  |g|=     591 lim=  1000 x1.00       release x1  |g|=     320 lim=   500 x1.00  
           turn x1  |g|=      35 lim=  1500 x1.00  
    reach           rew=   4.075  ph=0  success=5/20 (25%) streak=0  | Reach=25%/0.0438
    cube_stacking   rew=  76.081  ph=4  success=5/20 (25%) streak=0  | Reach=95%/0.0390  Descend=85%/0.0269  Grasp=80%/0.0287  Move=75%/0.0751  Release=100%/0.1173
    pick_and_place  rew=  82.490  ph=3  success=0/20 (0%) streak=0  | Reach=80%/0.0308  Descend=90%/0.0282  Grasp=50%/0.0424  Move=0%/0.1233
    drawer_open     rew= 124.588  ph=2  success=4/20 (20%) streak=0  | Reach=15%/0.0427  Grasp=40%/0.0311  Pull=20%/0.1176
  ✓ drawer_close    rew=  95.567  ph=2  success=16/20 (80%) streak=26  | Reach=30%/0.0409  Grasp=40%/0.0433  Push=80%/0.0136
    window_open     rew=  64.087  ph=2  success=11/20 (55%) streak=0  | Reach=20%/0.0489  Grasp=45%/0.0424  Slide=55%/0.0719
    window_close    rew=  67.453  ph=2  success=12/20 (60%) streak=0  | Reach=60%/0.0365  Grasp=80%/0.0290  Slide=60%/0.0599
    dial_turn       rew=  57.044  ph=3  success=0/20 (0%) streak=0  | Reach=10%/0.0438  Descend=50%/0.0330  Grasp=65%/0.0278  Turn=0%/1.5240
  ✓ door_open       rew= 124.271  ph=2  success=17/20 (85%) streak=6  | Reach=55%/0.0355  Grasp=50%/0.0373  Swing=85%/0.0868

Iter  315:  Σrew=734.983  grad=6910.6(max 12864 of 3)  [phase1=21.0s bptt=43.8s elapsed=16591s]
  heads (5/11 clipped)   trunk |g|=2166 lim=1500 x0.69
          reach x9  |g|=   12553 lim=  3000 x0.24          move x2  |g|=    2252 lim=  1000 x0.44  
          swing x1  |g|=    2097 lim=  2000 x0.95   pull_drawer x1  |g|=    1852 lim=  1000 x0.54  
        descend x3  |g|=    1418 lim=  1500 x1.00   push_drawer x1  |g|=    1148 lim=  1000 x0.87  
          grasp x8  |g|=     890 lim=  1000 x1.00    slide_open x1  |g|=     787 lim=  1000 x1.00  
    slide_close x1  |g|=     369 lim=  1000 x1.00       release x1  |g|=     352 lim=   500 x1.00  
           turn x1  |g|=     102 lim=  1500 x1.00  
    reach           rew=   3.602  ph=0  success=4/20 (20%) streak=0  | Reach=20%/0.0483
    cube_stacking   rew=  91.428  ph=4  success=7/20 (35%) streak=0  | Reach=100%/0.0298  Descend=100%/0.0177  Grasp=95%/0.0161  Move=95%/0.0347  Release=100%/0.0725
    pick_and_place  rew=  82.284  ph=3  success=3/20 (15%) streak=0  | Reach=40%/0.0414  Descend=50%/0.0399  Grasp=45%/0.0404  Move=15%/0.1092
    drawer_open     rew= 116.894  ph=2  success=8/20 (40%) streak=0  | Reach=40%/0.0330  Grasp=65%/0.0287  Pull=40%/0.0766
  ✓ drawer_close    rew=  96.258  ph=2  success=18/20 (90%) streak=27  | Reach=20%/0.0504  Grasp=35%/0.0439  Push=90%/0.0067
    window_open     rew=  86.264  ph=2  success=16/20 (80%) streak=1  | Reach=60%/0.0417  Grasp=80%/0.0332  Slide=80%/0.0353
    window_close    rew=  73.228  ph=2  success=10/20 (50%) streak=0  | Reach=35%/0.0455  Grasp=65%/0.0432  Slide=50%/0.0919
    dial_turn       rew=  55.807  ph=3  success=0/20 (0%) streak=0  | Reach=95%/0.0223  Descend=80%/0.0244  Grasp=70%/0.0272  Turn=0%/1.4020
    door_open       rew= 129.218  ph=2  success=12/20 (60%) streak=0  | Reach=15%/0.0547  Grasp=10%/0.0560  Swing=60%/0.2417

Iter  320:  Σrew=814.574  grad=5766.0(max 7764 of 3)  [phase1=21.3s bptt=43.8s elapsed=16924s]
  heads (2/11 clipped)   trunk |g|=1333 lim=1500 x1.00
          reach x9  |g|=    7173 lim=  3000 x0.42          move x2  |g|=    2240 lim=  1000 x0.45  
        descend x3  |g|=    1451 lim=  1500 x1.00         swing x1  |g|=    1055 lim=  2000 x1.00  
          grasp x8  |g|=     915 lim=  1000 x1.00   pull_drawer x1  |g|=     902 lim=  1000 x1.00  
     slide_open x1  |g|=     835 lim=  1000 x1.00   push_drawer x1  |g|=     766 lim=  1000 x1.00  
    slide_close x1  |g|=     548 lim=  1000 x1.00       release x1  |g|=     286 lim=   500 x1.00  
           turn x1  |g|=      45 lim=  1500 x1.00  
    reach           rew=   4.192  ph=0  success=9/20 (45%) streak=0  | Reach=45%/0.0380
    cube_stacking   rew=  81.542  ph=4  success=4/20 (20%) streak=0  | Reach=90%/0.0382  Descend=80%/0.0250  Grasp=75%/0.0271  Move=70%/0.0703  Release=100%/0.1295
    pick_and_place  rew=  90.877  ph=3  success=8/20 (40%) streak=0  | Reach=85%/0.0278  Descend=100%/0.0128  Grasp=100%/0.0120  Move=40%/0.0510
    drawer_open     rew= 117.709  ph=2  success=19/20 (95%) streak=1  | Reach=65%/0.0266  Grasp=75%/0.0273  Pull=95%/0.0088
    drawer_close    rew= 120.144  ph=2  success=15/20 (75%) streak=0  | Reach=10%/0.0573  Grasp=35%/0.0511  Push=75%/0.0178
    window_open     rew=  97.205  ph=2  success=15/20 (75%) streak=0  | Reach=30%/0.0498  Grasp=70%/0.0418  Slide=75%/0.0394
    window_close    rew=  99.365  ph=2  success=18/20 (90%) streak=1  | Reach=35%/0.0410  Grasp=80%/0.0342  Slide=90%/0.0133
    dial_turn       rew=  61.016  ph=3  success=0/20 (0%) streak=0  | Reach=75%/0.0249  Descend=35%/0.0352  Grasp=20%/0.0367  Turn=0%/1.3932
    door_open       rew= 142.523  ph=2  success=16/20 (80%) streak=1  | Reach=35%/0.0369  Grasp=30%/0.0445  Swing=80%/0.1049

Iter  325:  Σrew=716.295  grad=7189.3(max 11138 of 3)  [phase1=21.1s bptt=43.7s elapsed=17266s]
  heads (4/11 clipped)   trunk |g|=2110 lim=1500 x0.71
          reach x9  |g|=   10503 lim=  3000 x0.29          move x2  |g|=    2779 lim=  1000 x0.36  
    pull_drawer x1  |g|=    1076 lim=  1000 x0.93   push_drawer x1  |g|=    1048 lim=  1000 x0.95  
          swing x1  |g|=     815 lim=  2000 x1.00       descend x3  |g|=     762 lim=  1500 x1.00  
     slide_open x1  |g|=     743 lim=  1000 x1.00         grasp x8  |g|=     676 lim=  1000 x1.00  
    slide_close x1  |g|=     599 lim=  1000 x1.00       release x1  |g|=     351 lim=   500 x1.00  
           turn x1  |g|=      33 lim=  1500 x1.00  
    reach           rew=   4.492  ph=0  success=4/20 (20%) streak=0  | Reach=20%/0.0420
    cube_stacking   rew=  82.587  ph=4  success=8/20 (40%) streak=0  | Reach=75%/0.0439  Descend=80%/0.0275  Grasp=80%/0.0236  Move=80%/0.0493  Release=100%/0.0884
    pick_and_place  rew=  74.075  ph=3  success=4/20 (20%) streak=0  | Reach=50%/0.0368  Descend=80%/0.0232  Grasp=90%/0.0208  Move=20%/0.1001
    drawer_open     rew= 112.717  ph=2  success=17/20 (85%) streak=2  | Reach=95%/0.0181  Grasp=95%/0.0146  Pull=85%/0.0139
    drawer_close    rew=  77.784  ph=2  success=19/20 (95%) streak=1  | Reach=15%/0.0584  Grasp=15%/0.0624  Push=95%/0.0050
    window_open     rew=  87.394  ph=2  success=10/20 (50%) streak=0  | Reach=30%/0.0566  Grasp=30%/0.0550  Slide=50%/0.0823
    window_close    rew=  76.971  ph=2  success=18/20 (90%) streak=2  | Reach=5%/0.0887  Grasp=30%/0.1038  Slide=90%/0.0204
    dial_turn       rew=  54.046  ph=3  success=0/20 (0%) streak=0  | Reach=95%/0.0169  Descend=80%/0.0258  Grasp=90%/0.0175  Turn=0%/1.4828
    door_open       rew= 146.229  ph=2  success=20/20 (100%) streak=2  | Reach=80%/0.0272  Grasp=75%/0.0306  Swing=100%/0.0021

Iter  330:  Σrew=775.008  grad=6206.3(max 7761 of 3)  [phase1=21.7s bptt=43.7s elapsed=17610s]
  heads (4/11 clipped)   trunk |g|=1305 lim=1500 x1.00
          reach x9  |g|=    7544 lim=  3000 x0.40          move x2  |g|=    2113 lim=  1000 x0.47  
    pull_drawer x1  |g|=    1287 lim=  1000 x0.78         swing x1  |g|=    1223 lim=  2000 x1.00  
    push_drawer x1  |g|=    1027 lim=  1000 x0.97       descend x3  |g|=     937 lim=  1500 x1.00  
          grasp x8  |g|=     594 lim=  1000 x1.00    slide_open x1  |g|=     447 lim=  1000 x1.00  
    slide_close x1  |g|=     335 lim=  1000 x1.00       release x1  |g|=     273 lim=   500 x1.00  
           turn x1  |g|=     171 lim=  1500 x1.00  
    reach           rew=   5.754  ph=0  success=7/20 (35%) streak=0  | Reach=35%/0.0336
    cube_stacking   rew=  82.449  ph=4  success=2/20 (10%) streak=0  | Reach=95%/0.0364  Descend=70%/0.0297  Grasp=70%/0.0290  Move=75%/0.0675  Release=100%/0.1213
    pick_and_place  rew=  91.771  ph=3  success=6/20 (30%) streak=0  | Reach=80%/0.0285  Descend=100%/0.0115  Grasp=95%/0.0117  Move=30%/0.0531
    drawer_open     rew= 115.327  ph=2  success=7/20 (35%) streak=0  | Reach=45%/0.0302  Grasp=65%/0.0269  Pull=35%/0.0787
    drawer_close    rew=  87.300  ph=2  success=19/20 (95%) streak=2  | Reach=10%/0.0505  Grasp=20%/0.0502  Push=95%/0.0021
    window_open     rew=  92.397  ph=2  success=17/20 (85%) streak=1  | Reach=50%/0.0371  Grasp=70%/0.0333  Slide=85%/0.0055
    window_close    rew=  90.926  ph=2  success=16/20 (80%) streak=3  | Reach=60%/0.0250  Grasp=75%/0.0268  Slide=80%/0.0318
    dial_turn       rew=  57.132  ph=3  success=0/20 (0%) streak=0  | Reach=95%/0.0177  Descend=90%/0.0187  Grasp=70%/0.0273  Turn=0%/1.4430
    door_open       rew= 151.952  ph=2  success=18/20 (90%) streak=3  | Reach=75%/0.0282  Grasp=80%/0.0289  Swing=90%/0.0738

Iter  335:  Σrew=749.208  grad=4821.7(max 6064 of 3)  [phase1=30.8s bptt=43.6s elapsed=17953s]
  heads (6/11 clipped)   trunk |g|=1632 lim=1500 x0.92
          reach x9  |g|=    5530 lim=  3000 x0.54   push_drawer x1  |g|=    2271 lim=  1000 x0.44  
        descend x3  |g|=    1748 lim=  1500 x0.86          move x2  |g|=    1334 lim=  1000 x0.75  
    pull_drawer x1  |g|=    1206 lim=  1000 x0.83         grasp x8  |g|=    1190 lim=  1000 x0.84  
          swing x1  |g|=     593 lim=  2000 x1.00    slide_open x1  |g|=     414 lim=  1000 x1.00  
        release x1  |g|=     343 lim=   500 x1.00   slide_close x1  |g|=     191 lim=  1000 x1.00  
           turn x1  |g|=     159 lim=  1500 x1.00  
    reach           rew=   5.442  ph=0  success=0/20 (0%) streak=0  | Reach=0%/0.0545
    cube_stacking   rew=  81.367  ph=4  success=6/20 (30%) streak=0  | Reach=100%/0.0394  Descend=75%/0.0292  Grasp=60%/0.0329  Move=65%/0.0819  Release=100%/0.1168
    pick_and_place  rew=  74.583  ph=3  success=6/20 (30%) streak=0  | Reach=65%/0.0378  Descend=85%/0.0212  Grasp=85%/0.0234  Move=30%/0.0779
    drawer_open     rew= 126.405  ph=2  success=6/20 (30%) streak=0  | Reach=90%/0.0207  Grasp=100%/0.0163  Pull=30%/0.0999
    drawer_close    rew= 108.341  ph=2  success=16/20 (80%) streak=3  | Reach=35%/0.0403  Grasp=60%/0.0354  Push=80%/0.0085
    window_open     rew=  83.249  ph=2  success=15/20 (75%) streak=0  | Reach=35%/0.0511  Grasp=65%/0.0560  Slide=75%/0.0283
    window_close    rew=  82.904  ph=2  success=5/20 (25%) streak=0  | Reach=25%/0.0582  Grasp=20%/0.0704  Slide=25%/0.1306
    dial_turn       rew=  58.647  ph=3  success=0/20 (0%) streak=0  | Reach=100%/0.0164  Descend=95%/0.0172  Grasp=90%/0.0145  Turn=0%/1.3489
    door_open       rew= 128.269  ph=2  success=15/20 (75%) streak=0  | Reach=20%/0.0594  Grasp=15%/0.0653  Swing=75%/0.1296

Iter  340:  Σrew=812.578  grad=5607.7(max 7280 of 3)  [phase1=21.3s bptt=43.7s elapsed=18286s]
  heads (5/11 clipped)   trunk |g|=1400 lim=1500 x1.00
          reach x9  |g|=    6701 lim=  3000 x0.45   pull_drawer x1  |g|=    2833 lim=  1000 x0.35  
           move x2  |g|=    2812 lim=  1000 x0.36   push_drawer x1  |g|=    1480 lim=  1000 x0.68  
          grasp x8  |g|=    1410 lim=  1000 x0.71         swing x1  |g|=    1340 lim=  2000 x1.00  
        descend x3  |g|=     921 lim=  1500 x1.00    slide_open x1  |g|=     461 lim=  1000 x1.00  
        release x1  |g|=     234 lim=   500 x1.00   slide_close x1  |g|=     130 lim=  1000 x1.00  
           turn x1  |g|=      24 lim=  1500 x1.00  
    reach           rew=   2.745  ph=0  success=4/20 (20%) streak=0  | Reach=20%/0.0459
    cube_stacking   rew= 101.161  ph=4  success=10/20 (50%) streak=0  | Reach=100%/0.0300  Descend=100%/0.0177  Grasp=100%/0.0132  Move=90%/0.0406  Release=100%/0.0694
    pick_and_place  rew=  79.937  ph=3  success=2/20 (10%) streak=0  | Reach=75%/0.0341  Descend=100%/0.0154  Grasp=85%/0.0184  Move=10%/0.0674
    drawer_open     rew= 124.726  ph=2  success=15/20 (75%) streak=0  | Reach=100%/0.0168  Grasp=100%/0.0116  Pull=75%/0.0316
    drawer_close    rew= 124.533  ph=2  success=8/20 (40%) streak=0  | Reach=10%/0.0539  Grasp=15%/0.0512  Push=40%/0.0272
    window_open     rew=  93.762  ph=2  success=17/20 (85%) streak=1  | Reach=60%/0.0407  Grasp=60%/0.0406  Slide=85%/0.0103
    window_close    rew=  84.513  ph=2  success=6/20 (30%) streak=0  | Reach=15%/0.0601  Grasp=25%/0.0605  Slide=30%/0.1218
    dial_turn       rew=  57.805  ph=3  success=0/20 (0%) streak=0  | Reach=100%/0.0149  Descend=75%/0.0226  Grasp=85%/0.0177  Turn=0%/1.3660
    door_open       rew= 143.395  ph=2  success=18/20 (90%) streak=1  | Reach=85%/0.0395  Grasp=75%/0.0376  Swing=90%/0.0688

Iter  345:  Σrew=795.225  grad=3827.6(max 4460 of 3)  [phase1=20.9s bptt=43.9s elapsed=18628s]
  heads (4/11 clipped)   trunk |g|=1126 lim=1500 x1.00
          reach x9  |g|=    4023 lim=  3000 x0.75          move x2  |g|=    2929 lim=  1000 x0.34  
    pull_drawer x1  |g|=    1459 lim=  1000 x0.69   slide_close x1  |g|=    1091 lim=  1000 x0.92  
    push_drawer x1  |g|=     951 lim=  1000 x1.00         grasp x8  |g|=     702 lim=  1000 x1.00  
        descend x3  |g|=     610 lim=  1500 x1.00         swing x1  |g|=     420 lim=  2000 x1.00  
     slide_open x1  |g|=     223 lim=  1000 x1.00       release x1  |g|=     137 lim=   500 x1.00  
           turn x1  |g|=      50 lim=  1500 x1.00  
    reach           rew=   5.666  ph=0  success=9/20 (45%) streak=0  | Reach=45%/0.0335
    cube_stacking   rew=  94.194  ph=4  success=3/20 (15%) streak=0  | Reach=95%/0.0339  Descend=95%/0.0220  Grasp=80%/0.0223  Move=65%/0.0654  Release=100%/0.1175
    pick_and_place  rew=  88.684  ph=3  success=5/20 (25%) streak=0  | Reach=85%/0.0244  Descend=100%/0.0113  Grasp=100%/0.0114  Move=25%/0.0566
    drawer_open     rew= 126.237  ph=2  success=19/20 (95%) streak=1  | Reach=95%/0.0159  Grasp=95%/0.0102  Pull=95%/0.0111
    drawer_close    rew=  86.482  ph=2  success=18/20 (90%) streak=1  | Reach=0%/0.0653  Grasp=5%/0.0657  Push=90%/0.0064
    window_open     rew=  78.898  ph=2  success=14/20 (70%) streak=0  | Reach=50%/0.0534  Grasp=70%/0.0416  Slide=70%/0.0572
    window_close    rew=  89.188  ph=2  success=16/20 (80%) streak=1  | Reach=25%/0.0429  Grasp=80%/0.0217  Slide=80%/0.0396
    dial_turn       rew=  65.710  ph=3  success=0/20 (0%) streak=0  | Reach=100%/0.0147  Descend=90%/0.0178  Grasp=95%/0.0164  Turn=0%/1.3009
    door_open       rew= 160.166  ph=2  success=20/20 (100%) streak=2  | Reach=65%/0.0263  Grasp=85%/0.0289  Swing=100%/0.0045

Iter  350:  Σrew=792.337  grad=5819.4(max 10100 of 3)  [phase1=30.7s bptt=43.9s elapsed=18971s]
  heads (6/11 clipped)   trunk |g|=2774 lim=1500 x0.54
          reach x9  |g|=    6233 lim=  3000 x0.48       descend x3  |g|=    4762 lim=  1500 x0.31  
           move x2  |g|=    4742 lim=  1000 x0.21   push_drawer x1  |g|=    2942 lim=  1000 x0.34  
    pull_drawer x1  |g|=    2229 lim=  1000 x0.45         grasp x8  |g|=    1194 lim=  1000 x0.84  
          swing x1  |g|=     751 lim=  2000 x1.00       release x1  |g|=     465 lim=   500 x1.00  
     slide_open x1  |g|=     412 lim=  1000 x1.00   slide_close x1  |g|=     238 lim=  1000 x1.00  
           turn x1  |g|=      84 lim=  1500 x1.00  
    reach           rew=   3.380  ph=0  success=9/20 (45%) streak=0  | Reach=45%/0.0335
    cube_stacking   rew=  85.507  ph=4  success=8/20 (40%) streak=0  | Reach=100%/0.0310  Descend=95%/0.0155  Grasp=80%/0.0183  Move=90%/0.0482  Release=100%/0.0915
    pick_and_place  rew=  82.904  ph=3  success=5/20 (25%) streak=0  | Reach=85%/0.0269  Descend=95%/0.0117  Grasp=90%/0.0119  Move=25%/0.0528
    drawer_open     rew= 124.961  ph=2  success=20/20 (100%) streak=2  | Reach=100%/0.0119  Grasp=95%/0.0098  Pull=100%/0.0024
    drawer_close    rew= 108.432  ph=2  success=18/20 (90%) streak=2  | Reach=55%/0.0380  Grasp=50%/0.0388  Push=90%/0.0055
    window_open     rew=  88.290  ph=2  success=18/20 (90%) streak=1  | Reach=15%/0.0660  Grasp=20%/0.0780  Slide=90%/0.0114
    window_close    rew=  75.727  ph=2  success=6/20 (30%) streak=0  | Reach=25%/0.0516  Grasp=60%/0.0408  Slide=30%/0.1251
    dial_turn       rew=  68.406  ph=3  success=0/20 (0%) streak=0  | Reach=90%/0.0160  Descend=100%/0.0167  Grasp=100%/0.0153  Turn=0%/1.2115
    door_open       rew= 154.728  ph=2  success=10/20 (50%) streak=0  | Reach=30%/0.0545  Grasp=35%/0.0499  Swing=50%/0.3171
  ✓ saved vision_all_balance_{params,obs_rms,opt}.pkl + _{learning,gradients}.png at iter 350

Iter  355:  Σrew=817.966  grad=5754.1(max 7513 of 3)  [phase1=20.9s bptt=43.7s elapsed=19312s]
  heads (4/11 clipped)   trunk |g|=1482 lim=1500 x1.00
          reach x9  |g|=    7054 lim=  3000 x0.43          move x2  |g|=    3743 lim=  1000 x0.27  
    pull_drawer x1  |g|=    2053 lim=  1000 x0.49   push_drawer x1  |g|=    1856 lim=  1000 x0.54  
        descend x3  |g|=    1096 lim=  1500 x1.00         grasp x8  |g|=     882 lim=  1000 x1.00  
          swing x1  |g|=     792 lim=  2000 x1.00   slide_close x1  |g|=     464 lim=  1000 x1.00  
        release x1  |g|=     363 lim=   500 x1.00    slide_open x1  |g|=     246 lim=  1000 x1.00  
           turn x1  |g|=      56 lim=  1500 x1.00  
    reach           rew=   4.649  ph=0  success=7/20 (35%) streak=0  | Reach=35%/0.0426
    cube_stacking   rew=  95.339  ph=4  success=13/20 (65%) streak=0  | Reach=100%/0.0271  Descend=95%/0.0141  Grasp=95%/0.0141  Move=95%/0.0301  Release=100%/0.0529
    pick_and_place  rew=  82.676  ph=3  success=5/20 (25%) streak=0  | Reach=85%/0.0310  Descend=100%/0.0136  Grasp=95%/0.0139  Move=25%/0.0605
    drawer_open     rew= 120.920  ph=2  success=17/20 (85%) streak=3  | Reach=90%/0.0201  Grasp=80%/0.0228  Pull=85%/0.0191
    drawer_close    rew= 117.760  ph=2  success=17/20 (85%) streak=3  | Reach=15%/0.0419  Grasp=10%/0.0544  Push=85%/0.0126
    window_open     rew= 102.759  ph=2  success=11/20 (55%) streak=0  | Reach=0%/0.0767  Grasp=30%/0.0749  Slide=55%/0.0475
    window_close    rew=  87.145  ph=2  success=18/20 (90%) streak=1  | Reach=5%/0.0891  Grasp=10%/0.1091  Slide=90%/0.0187
    dial_turn       rew=  63.011  ph=3  success=0/20 (0%) streak=0  | Reach=85%/0.0245  Descend=40%/0.0321  Grasp=40%/0.0333  Turn=0%/1.2975
    door_open       rew= 143.708  ph=2  success=18/20 (90%) streak=1  | Reach=60%/0.0320  Grasp=65%/0.0317  Swing=90%/0.0407

Iter  360:  Σrew=840.945  grad=7770.2(max 10151 of 3)  [phase1=21.0s bptt=43.8s elapsed=19655s]
  heads (6/11 clipped)   trunk |g|=1959 lim=1500 x0.77
          reach x9  |g|=    8958 lim=  3000 x0.33         swing x1  |g|=    8823 lim=  2000 x0.23  
    pull_drawer x1  |g|=    3278 lim=  1000 x0.31       descend x3  |g|=    1771 lim=  1500 x0.85  
    push_drawer x1  |g|=    1630 lim=  1000 x0.61          move x2  |g|=    1580 lim=  1000 x0.63  
          grasp x8  |g|=     824 lim=  1000 x1.00   slide_close x1  |g|=     740 lim=  1000 x1.00  
     slide_open x1  |g|=     364 lim=  1000 x1.00       release x1  |g|=     148 lim=   500 x1.00  
           turn x1  |g|=      37 lim=  1500 x1.00  
    reach           rew=   2.311  ph=0  success=7/20 (35%) streak=0  | Reach=35%/0.0401
    cube_stacking   rew=  88.636  ph=4  success=2/20 (10%) streak=0  | Reach=85%/0.0403  Descend=75%/0.0310  Grasp=60%/0.0360  Move=40%/0.0946  Release=100%/0.1411
    pick_and_place  rew=  81.798  ph=3  success=5/20 (25%) streak=0  | Reach=90%/0.0243  Descend=100%/0.0131  Grasp=100%/0.0113  Move=25%/0.0613
  ✓ drawer_open     rew= 126.328  ph=2  success=20/20 (100%) streak=4  | Reach=100%/0.0132  Grasp=100%/0.0091  Pull=100%/0.0016
  ✓ drawer_close    rew= 102.383  ph=2  success=20/20 (100%) streak=4  | Reach=45%/0.0408  Grasp=50%/0.0371  Push=100%/0.0030
    window_open     rew= 110.041  ph=2  success=17/20 (85%) streak=1  | Reach=25%/0.0665  Grasp=45%/0.0755  Slide=85%/0.0150
    window_close    rew=  94.843  ph=2  success=6/20 (30%) streak=0  | Reach=20%/0.0479  Grasp=25%/0.0526  Slide=30%/0.1258
    dial_turn       rew=  67.634  ph=3  success=0/20 (0%) streak=0  | Reach=85%/0.0227  Descend=75%/0.0289  Grasp=75%/0.0271  Turn=0%/1.2361
    door_open       rew= 166.972  ph=2  success=20/20 (100%) streak=2  | Reach=75%/0.0268  Grasp=70%/0.0289  Swing=100%/0.0033

Iter  365:  Σrew=800.440  grad=5060.3(max 5351 of 3)  [phase1=30.9s bptt=43.8s elapsed=19998s]
  heads (5/11 clipped)   trunk |g|=1233 lim=1500 x1.00
          reach x9  |g|=    4442 lim=  3000 x0.68   pull_drawer x1  |g|=    2597 lim=  1000 x0.39  
           move x2  |g|=    2359 lim=  1000 x0.42       descend x3  |g|=    1293 lim=  1500 x1.00  
    push_drawer x1  |g|=    1126 lim=  1000 x0.89         swing x1  |g|=     880 lim=  2000 x1.00  
          grasp x8  |g|=     880 lim=  1000 x1.00       release x1  |g|=     539 lim=   500 x0.93  
     slide_open x1  |g|=     481 lim=  1000 x1.00   slide_close x1  |g|=     283 lim=  1000 x1.00  
           turn x1  |g|=      76 lim=  1500 x1.00  
    reach           rew=   4.740  ph=0  success=8/20 (40%) streak=0  | Reach=40%/0.0364
    cube_stacking   rew=  94.522  ph=4  success=12/20 (60%) streak=0  | Reach=85%/0.0399  Descend=90%/0.0163  Grasp=90%/0.0149  Move=85%/0.0467  Release=100%/0.0658
    pick_and_place  rew=  84.396  ph=3  success=5/20 (25%) streak=0  | Reach=70%/0.0331  Descend=95%/0.0113  Grasp=90%/0.0139  Move=25%/0.0617
  ✓ drawer_open     rew= 120.226  ph=2  success=19/20 (95%) streak=5  | Reach=100%/0.0126  Grasp=100%/0.0063  Pull=95%/0.0026
    drawer_close    rew=  91.709  ph=2  success=14/20 (70%) streak=0  | Reach=5%/0.0690  Grasp=10%/0.0691  Push=70%/0.0212
    window_open     rew= 102.177  ph=2  success=17/20 (85%) streak=2  | Reach=50%/0.0413  Grasp=75%/0.0388  Slide=85%/0.0162
    window_close    rew=  76.807  ph=2  success=14/20 (70%) streak=0  | Reach=50%/0.0331  Grasp=80%/0.0278  Slide=70%/0.0399
    dial_turn       rew=  62.214  ph=3  success=0/20 (0%) streak=0  | Reach=90%/0.0225  Descend=75%/0.0268  Grasp=80%/0.0278  Turn=0%/1.3410
    door_open       rew= 163.649  ph=2  success=18/20 (90%) streak=3  | Reach=75%/0.0268  Grasp=85%/0.0281  Swing=90%/0.0436

Iter  370:  Σrew=788.229  grad=8050.2(max 11122 of 3)  [phase1=20.8s bptt=43.7s elapsed=20331s]
  heads (4/11 clipped)   trunk |g|=1915 lim=1500 x0.78
          reach x9  |g|=    9504 lim=  3000 x0.32          move x2  |g|=    5088 lim=  1000 x0.20  
          swing x1  |g|=    2894 lim=  2000 x0.69       descend x3  |g|=    1846 lim=  1500 x0.81  
    pull_drawer x1  |g|=     985 lim=  1000 x1.00         grasp x8  |g|=     696 lim=  1000 x1.00  
    push_drawer x1  |g|=     685 lim=  1000 x1.00   slide_close x1  |g|=     418 lim=  1000 x1.00  
     slide_open x1  |g|=     396 lim=  1000 x1.00       release x1  |g|=     288 lim=   500 x1.00  
           turn x1  |g|=     131 lim=  1500 x1.00  
    reach           rew=   2.233  ph=0  success=5/20 (25%) streak=0  | Reach=25%/0.0406
    cube_stacking   rew=  92.303  ph=4  success=10/20 (50%) streak=0  | Reach=100%/0.0236  Descend=100%/0.0160  Grasp=95%/0.0115  Move=95%/0.0312  Release=100%/0.0668
    pick_and_place  rew=  88.266  ph=3  success=1/20 (5%) streak=0  | Reach=80%/0.0292  Descend=90%/0.0232  Grasp=85%/0.0272  Move=5%/0.1129
  ✓ drawer_open     rew= 119.272  ph=2  success=19/20 (95%) streak=6  | Reach=95%/0.0163  Grasp=95%/0.0148  Pull=95%/0.0085
    drawer_close    rew=  91.747  ph=2  success=19/20 (95%) streak=1  | Reach=15%/0.0483  Grasp=25%/0.0551  Push=95%/0.0023
    window_open     rew=  97.222  ph=2  success=12/20 (60%) streak=0  | Reach=30%/0.0524  Grasp=55%/0.0470  Slide=60%/0.0683
    window_close    rew=  77.581  ph=2  success=14/20 (70%) streak=0  | Reach=20%/0.0442  Grasp=85%/0.0237  Slide=70%/0.0500
    dial_turn       rew=  72.003  ph=3  success=1/20 (5%) streak=0  | Reach=100%/0.0169  Descend=95%/0.0145  Grasp=95%/0.0212  Turn=5%/1.0095
  ✓ door_open       rew= 147.601  ph=2  success=17/20 (85%) streak=4  | Reach=60%/0.0319  Grasp=65%/0.0348  Swing=85%/0.0411

Iter  375:  Σrew=828.833  grad=15657.8(max 35539 of 3)  [phase1=21.0s bptt=43.8s elapsed=20674s]
  heads (3/11 clipped)   trunk |g|=9757 lim=1500 x0.15
           move x2  |g|=   33999 lim=  1000 x0.03         reach x9  |g|=    7120 lim=  3000 x0.42  
          grasp x8  |g|=    1468 lim=  1000 x0.68       descend x3  |g|=     887 lim=  1500 x1.00  
          swing x1  |g|=     609 lim=  2000 x1.00   push_drawer x1  |g|=     566 lim=  1000 x1.00  
     slide_open x1  |g|=     514 lim=  1000 x1.00   slide_close x1  |g|=     363 lim=  1000 x1.00  
    pull_drawer x1  |g|=     342 lim=  1000 x1.00          turn x1  |g|=     194 lim=  1500 x1.00  
        release x1  |g|=     173 lim=   500 x1.00  
    reach           rew=   4.680  ph=0  success=9/20 (45%) streak=0  | Reach=45%/0.0398
    cube_stacking   rew=  97.487  ph=4  success=4/20 (20%) streak=0  | Reach=100%/0.0283  Descend=100%/0.0192  Grasp=95%/0.0243  Move=60%/0.0737  Release=100%/0.1225
    pick_and_place  rew=  84.794  ph=3  success=2/20 (10%) streak=0  | Reach=85%/0.0241  Descend=100%/0.0094  Grasp=100%/0.0086  Move=10%/0.0674
    drawer_open     rew= 122.924  ph=2  success=12/20 (60%) streak=0  | Reach=95%/0.0147  Grasp=95%/0.0147  Pull=60%/0.0449
    drawer_close    rew=  86.859  ph=2  success=19/20 (95%) streak=2  | Reach=25%/0.0472  Grasp=25%/0.0470  Push=95%/0.0019
    window_open     rew=  99.903  ph=2  success=18/20 (90%) streak=1  | Reach=50%/0.0372  Grasp=65%/0.0333  Slide=90%/0.0178
    window_close    rew=  85.981  ph=2  success=18/20 (90%) streak=1  | Reach=25%/0.0412  Grasp=60%/0.0379  Slide=90%/0.0182
    dial_turn       rew=  79.445  ph=3  success=0/20 (0%) streak=0  | Reach=100%/0.0113  Descend=85%/0.0165  Grasp=80%/0.0205  Turn=0%/0.9941
  ✓ door_open       rew= 166.761  ph=2  success=19/20 (95%) streak=5  | Reach=75%/0.0259  Grasp=85%/0.0209  Swing=95%/0.0072

Iter  380:  Σrew=865.477  grad=42225.5(max 112462 of 3)  [phase1=20.8s bptt=43.7s elapsed=21017s]
  heads (5/11 clipped)   trunk |g|=31341 lim=1500 x0.05
           move x2  |g|=  107973 lim=  1000 x0.01         reach x9  |g|=    6977 lim=  3000 x0.43  
    slide_close x1  |g|=    1718 lim=  1000 x0.58         swing x1  |g|=    1642 lim=  2000 x1.00  
    pull_drawer x1  |g|=    1378 lim=  1000 x0.73   push_drawer x1  |g|=    1100 lim=  1000 x0.91  
          grasp x8  |g|=     959 lim=  1000 x1.00       descend x3  |g|=     608 lim=  1500 x1.00  
     slide_open x1  |g|=     511 lim=  1000 x1.00          turn x1  |g|=     257 lim=  1500 x1.00  
        release x1  |g|=     160 lim=   500 x1.00  
    reach           rew=   5.212  ph=0  success=6/20 (30%) streak=0  | Reach=30%/0.0412
    cube_stacking   rew=  98.833  ph=4  success=11/20 (55%) streak=0  | Reach=95%/0.0272  Descend=100%/0.0118  Grasp=100%/0.0105  Move=100%/0.0242  Release=100%/0.0460
    pick_and_place  rew=  86.789  ph=3  success=10/20 (50%) streak=0  | Reach=80%/0.0288  Descend=100%/0.0117  Grasp=100%/0.0108  Move=50%/0.0426
    drawer_open     rew= 120.982  ph=2  success=18/20 (90%) streak=1  | Reach=95%/0.0185  Grasp=95%/0.0173  Pull=90%/0.0087
    drawer_close    rew= 104.670  ph=2  success=18/20 (90%) streak=3  | Reach=45%/0.0393  Grasp=50%/0.0378  Push=90%/0.0063
    window_open     rew= 108.372  ph=2  success=18/20 (90%) streak=2  | Reach=55%/0.0250  Grasp=75%/0.0279  Slide=90%/0.0068
    window_close    rew=  92.509  ph=2  success=15/20 (75%) streak=0  | Reach=40%/0.0385  Grasp=75%/0.0236  Slide=75%/0.0474
    dial_turn       rew=  82.488  ph=3  success=0/20 (0%) streak=0  | Reach=80%/0.0260  Descend=25%/0.0355  Grasp=30%/0.0366  Turn=0%/1.1895
  ✓ door_open       rew= 165.624  ph=2  success=19/20 (95%) streak=6  | Reach=70%/0.0321  Grasp=85%/0.0266  Swing=95%/0.0347

Iter  385:  Σrew=839.657  grad=5882.2(max 9720 of 3)  [phase1=21.2s bptt=43.7s elapsed=21350s]
  heads (4/11 clipped)   trunk |g|=1926 lim=1500 x0.78
          reach x9  |g|=    9159 lim=  3000 x0.33   pull_drawer x1  |g|=    2247 lim=  1000 x0.44  
           move x2  |g|=    1965 lim=  1000 x0.51   push_drawer x1  |g|=    1738 lim=  1000 x0.58  
          swing x1  |g|=    1499 lim=  2000 x1.00       descend x3  |g|=     914 lim=  1500 x1.00  
          grasp x8  |g|=     585 lim=  1000 x1.00   slide_close x1  |g|=     415 lim=  1000 x1.00  
     slide_open x1  |g|=     279 lim=  1000 x1.00       release x1  |g|=     263 lim=   500 x1.00  
           turn x1  |g|=      54 lim=  1500 x1.00  
    reach           rew=   4.194  ph=0  success=10/20 (50%) streak=0  | Reach=50%/0.0317
    cube_stacking   rew=  95.880  ph=4  success=5/20 (25%) streak=0  | Reach=95%/0.0346  Descend=85%/0.0199  Grasp=85%/0.0181  Move=85%/0.0628  Release=100%/0.1042
    pick_and_place  rew=  90.451  ph=3  success=6/20 (30%) streak=0  | Reach=95%/0.0235  Descend=100%/0.0146  Grasp=100%/0.0100  Move=30%/0.0646
    drawer_open     rew= 123.217  ph=2  success=20/20 (100%) streak=2  | Reach=100%/0.0116  Grasp=100%/0.0083  Pull=100%/0.0018
  ✓ drawer_close    rew= 130.463  ph=2  success=19/20 (95%) streak=4  | Reach=75%/0.0275  Grasp=75%/0.0267  Push=95%/0.0084
    window_open     rew= 101.835  ph=2  success=19/20 (95%) streak=3  | Reach=50%/0.0506  Grasp=50%/0.0500  Slide=95%/0.0063
    window_close    rew=  70.541  ph=2  success=12/20 (60%) streak=0  | Reach=55%/0.0379  Grasp=80%/0.0302  Slide=60%/0.0756
    dial_turn       rew=  78.166  ph=3  success=0/20 (0%) streak=0  | Reach=100%/0.0122  Descend=100%/0.0152  Grasp=100%/0.0160  Turn=0%/0.7311
  ✓ door_open       rew= 144.909  ph=2  success=18/20 (90%) streak=7  | Reach=60%/0.0363  Grasp=70%/0.0326  Swing=90%/0.0656

Iter  390:  Σrew=878.914  grad=5350.5(max 6574 of 3)  [phase1=21.1s bptt=43.8s elapsed=21694s]
  heads (6/11 clipped)   trunk |g|=1599 lim=1500 x0.94
          reach x9  |g|=    5513 lim=  3000 x0.54          move x2  |g|=    2099 lim=  1000 x0.48  
        descend x3  |g|=    1921 lim=  1500 x0.78         swing x1  |g|=    1577 lim=  2000 x1.00  
          grasp x8  |g|=    1338 lim=  1000 x0.75   pull_drawer x1  |g|=    1199 lim=  1000 x0.83  
    push_drawer x1  |g|=    1044 lim=  1000 x0.96   slide_close x1  |g|=     465 lim=  1000 x1.00  
     slide_open x1  |g|=     418 lim=  1000 x1.00       release x1  |g|=     138 lim=   500 x1.00  
           turn x1  |g|=      81 lim=  1500 x1.00  
    reach           rew=   4.273  ph=0  success=4/20 (20%) streak=0  | Reach=20%/0.0446
    cube_stacking   rew=  91.388  ph=4  success=1/20 (5%) streak=0  | Reach=85%/0.0403  Descend=45%/0.0377  Grasp=65%/0.0332  Move=40%/0.1165  Release=100%/0.1634
    pick_and_place  rew=  84.798  ph=3  success=0/20 (0%) streak=0  | Reach=10%/0.0533  Descend=30%/0.0524  Grasp=35%/0.0484  Move=0%/0.1514
    drawer_open     rew= 118.816  ph=2  success=11/20 (55%) streak=0  | Reach=65%/0.0324  Grasp=85%/0.0266  Pull=55%/0.0539
    drawer_close    rew= 131.259  ph=2  success=7/20 (35%) streak=0  | Reach=0%/0.0741  Grasp=0%/0.0722  Push=35%/0.0375
    window_open     rew= 100.269  ph=2  success=8/20 (40%) streak=0  | Reach=10%/0.0703  Grasp=5%/0.0678  Slide=40%/0.0913
    window_close    rew= 100.141  ph=2  success=20/20 (100%) streak=1  | Reach=45%/0.0647  Grasp=55%/0.0535  Slide=100%/0.0007
    dial_turn       rew=  80.937  ph=3  success=1/20 (5%) streak=0  | Reach=100%/0.0158  Descend=95%/0.0186  Grasp=100%/0.0125  Turn=5%/0.8145
  ✓ door_open       rew= 167.033  ph=2  success=19/20 (95%) streak=8  | Reach=75%/0.0332  Grasp=90%/0.0306  Swing=95%/0.0339

Iter  395:  Σrew=835.848  grad=5915.2(max 8693 of 3)  [phase1=21.1s bptt=43.8s elapsed=22038s]
  heads (6/11 clipped)   trunk |g|=1822 lim=1500 x0.82
          reach x9  |g|=    8080 lim=  3000 x0.37          move x2  |g|=    3492 lim=  1000 x0.29  
    pull_drawer x1  |g|=    2840 lim=  1000 x0.35   push_drawer x1  |g|=    2302 lim=  1000 x0.43  
        descend x3  |g|=    1854 lim=  1500 x0.81         grasp x8  |g|=    1219 lim=  1000 x0.82  
          swing x1  |g|=     999 lim=  2000 x1.00   slide_close x1  |g|=     581 lim=  1000 x1.00  
     slide_open x1  |g|=     271 lim=  1000 x1.00       release x1  |g|=     192 lim=   500 x1.00  
           turn x1  |g|=     124 lim=  1500 x1.00  
    reach           rew=   4.287  ph=0  success=6/20 (30%) streak=0  | Reach=30%/0.0418
    cube_stacking   rew= 104.751  ph=4  success=6/20 (30%) streak=0  | Reach=100%/0.0250  Descend=95%/0.0184  Grasp=100%/0.0189  Move=70%/0.0561  Release=100%/0.1005
    pick_and_place  rew=  84.841  ph=3  success=7/20 (35%) streak=0  | Reach=95%/0.0217  Descend=100%/0.0129  Grasp=100%/0.0140  Move=35%/0.0536
    drawer_open     rew= 117.250  ph=2  success=20/20 (100%) streak=1  | Reach=100%/0.0151  Grasp=95%/0.0157  Pull=100%/0.0011
    drawer_close    rew= 114.148  ph=2  success=20/20 (100%) streak=1  | Reach=65%/0.0279  Grasp=70%/0.0307  Push=100%/0.0036
    window_open     rew= 103.815  ph=2  success=20/20 (100%) streak=1  | Reach=65%/0.0306  Grasp=85%/0.0253  Slide=100%/0.0019
    window_close    rew=  68.429  ph=2  success=9/20 (45%) streak=0  | Reach=35%/0.0354  Grasp=55%/0.0299  Slide=45%/0.1067
    dial_turn       rew=  79.178  ph=3  success=0/20 (0%) streak=0  | Reach=100%/0.0129  Descend=100%/0.0154  Grasp=100%/0.0177  Turn=0%/0.8998
  ✓ door_open       rew= 159.149  ph=2  success=19/20 (95%) streak=9  | Reach=80%/0.0250  Grasp=80%/0.0246  Swing=95%/0.0127

Iter  400:  Σrew=883.401  grad=6441.0(max 9786 of 3)  [phase1=30.6s bptt=43.7s elapsed=22381s]
  heads (4/11 clipped)   trunk |g|=1601 lim=1500 x0.94
          reach x9  |g|=    9402 lim=  3000 x0.32          move x2  |g|=    2776 lim=  1000 x0.36  
    pull_drawer x1  |g|=    2154 lim=  1000 x0.46   push_drawer x1  |g|=    1137 lim=  1000 x0.88  
          swing x1  |g|=     888 lim=  2000 x1.00       descend x3  |g|=     798 lim=  1500 x1.00  
          grasp x8  |g|=     606 lim=  1000 x1.00   slide_close x1  |g|=     475 lim=  1000 x1.00  
        release x1  |g|=     251 lim=   500 x1.00    slide_open x1  |g|=     185 lim=  1000 x1.00  
           turn x1  |g|=     127 lim=  1500 x1.00  
    reach           rew=   3.084  ph=0  success=6/20 (30%) streak=0  | Reach=30%/0.0377
    cube_stacking   rew= 110.377  ph=4  success=15/20 (75%) streak=0  | Reach=100%/0.0251  Descend=95%/0.0160  Grasp=95%/0.0100  Move=95%/0.0231  Release=100%/0.0469
    pick_and_place  rew=  93.751  ph=3  success=3/20 (15%) streak=0  | Reach=75%/0.0338  Descend=100%/0.0132  Grasp=95%/0.0127  Move=15%/0.0570
    drawer_open     rew= 130.396  ph=2  success=20/20 (100%) streak=2  | Reach=100%/0.0132  Grasp=100%/0.0081  Pull=100%/0.0010
    drawer_close    rew= 120.100  ph=2  success=14/20 (70%) streak=0  | Reach=20%/0.0502  Grasp=40%/0.0458  Push=70%/0.0179
    window_open     rew=  99.134  ph=2  success=17/20 (85%) streak=2  | Reach=45%/0.0369  Grasp=65%/0.0350  Slide=85%/0.0193
    window_close    rew=  78.922  ph=2  success=17/20 (85%) streak=1  | Reach=40%/0.0398  Grasp=60%/0.0462  Slide=85%/0.0176
    dial_turn       rew=  81.149  ph=3  success=0/20 (0%) streak=0  | Reach=100%/0.0122  Descend=95%/0.0156  Grasp=100%/0.0086  Turn=0%/0.8804
  ✓ door_open       rew= 166.488  ph=2  success=20/20 (100%) streak=10  | Reach=30%/0.0379  Grasp=45%/0.0417  Swing=100%/0.0009
  ✓ saved vision_all_balance_{params,obs_rms,opt}.pkl + _{learning,gradients}.png at iter 400

Iter  405:  Σrew=869.828  grad=4889.6(max 5604 of 3)  [phase1=20.7s bptt=43.7s elapsed=22723s]
  heads (4/11 clipped)   trunk |g|=1328 lim=1500 x1.00
          reach x9  |g|=    4858 lim=  3000 x0.62   pull_drawer x1  |g|=    2299 lim=  1000 x0.43  
           move x2  |g|=    1725 lim=  1000 x0.58       descend x3  |g|=    1515 lim=  1500 x0.99  
          grasp x8  |g|=     767 lim=  1000 x1.00   push_drawer x1  |g|=     739 lim=  1000 x1.00  
    slide_close x1  |g|=     599 lim=  1000 x1.00    slide_open x1  |g|=     559 lim=  1000 x1.00  
          swing x1  |g|=     471 lim=  2000 x1.00       release x1  |g|=     130 lim=   500 x1.00  
           turn x1  |g|=      58 lim=  1500 x1.00  
    reach           rew=   2.938  ph=0  success=5/20 (25%) streak=0  | Reach=25%/0.0464
    cube_stacking   rew= 105.938  ph=4  success=13/20 (65%) streak=0  | Reach=100%/0.0258  Descend=100%/0.0132  Grasp=100%/0.0108  Move=95%/0.0229  Release=100%/0.0584
    pick_and_place  rew=  87.486  ph=3  success=5/20 (25%) streak=0  | Reach=90%/0.0253  Descend=100%/0.0108  Grasp=95%/0.0092  Move=25%/0.0491
    drawer_open     rew= 133.466  ph=2  success=20/20 (100%) streak=3  | Reach=100%/0.0106  Grasp=100%/0.0068  Pull=100%/0.0059
    drawer_close    rew=  88.324  ph=2  success=20/20 (100%) streak=1  | Reach=30%/0.0479  Grasp=30%/0.0506  Push=100%/0.0016
    window_open     rew=  92.577  ph=2  success=17/20 (85%) streak=3  | Reach=55%/0.0310  Grasp=90%/0.0171  Slide=85%/0.0105
    window_close    rew=  98.430  ph=2  success=19/20 (95%) streak=2  | Reach=70%/0.0278  Grasp=85%/0.0187  Slide=95%/0.0099
    dial_turn       rew=  85.580  ph=3  success=0/20 (0%) streak=0  | Reach=100%/0.0109  Descend=100%/0.0122  Grasp=100%/0.0097  Turn=0%/0.6397
    door_open       rew= 175.089  ph=2  success=13/20 (65%) streak=0  | Reach=70%/0.0239  Grasp=75%/0.0225  Swing=65%/0.1691

⚠ iter 410 chunk 3/3: non-finite grads — update skipped (1 in a row, 5 total). Weights and ObsRMS left untouched.

Iter  415:  Σrew=859.604  grad=5257.1(max 7052 of 3)  [phase1=30.6s bptt=43.8s elapsed=23401s]
  heads (4/11 clipped)   trunk |g|=1489 lim=1500 x1.00
          reach x9  |g|=    5469 lim=  3000 x0.55          move x2  |g|=    4020 lim=  1000 x0.25  
          swing x1  |g|=    2707 lim=  2000 x0.74   pull_drawer x1  |g|=    1915 lim=  1000 x0.52  
        descend x3  |g|=    1010 lim=  1500 x1.00    slide_open x1  |g|=     479 lim=  1000 x1.00  
    slide_close x1  |g|=     384 lim=  1000 x1.00         grasp x8  |g|=     382 lim=  1000 x1.00  
        release x1  |g|=     342 lim=   500 x1.00   push_drawer x1  |g|=     283 lim=  1000 x1.00  
           turn x1  |g|=      46 lim=  1500 x1.00  
    reach           rew=   4.244  ph=0  success=5/20 (25%) streak=0  | Reach=25%/0.0497
    cube_stacking   rew=  94.866  ph=4  success=12/20 (60%) streak=0  | Reach=95%/0.0350  Descend=95%/0.0197  Grasp=80%/0.0168  Move=75%/0.0577  Release=100%/0.0828
    pick_and_place  rew=  87.020  ph=3  success=7/20 (35%) streak=0  | Reach=80%/0.0265  Descend=100%/0.0108  Grasp=100%/0.0076  Move=35%/0.0413
  ✓ drawer_open     rew= 135.032  ph=2  success=20/20 (100%) streak=4  | Reach=100%/0.0163  Grasp=100%/0.0136  Pull=100%/0.0031
    drawer_close    rew=  93.489  ph=2  success=20/20 (100%) streak=2  | Reach=40%/0.0424  Grasp=40%/0.0438  Push=100%/0.0005
  ✓ window_open     rew= 109.993  ph=2  success=19/20 (95%) streak=4  | Reach=65%/0.0321  Grasp=75%/0.0288  Slide=95%/0.0065
    window_close    rew=  77.621  ph=2  success=9/20 (45%) streak=0  | Reach=40%/0.0616  Grasp=70%/0.0569  Slide=45%/0.0835
    dial_turn       rew=  86.608  ph=3  success=2/20 (10%) streak=0  | Reach=80%/0.0241  Descend=50%/0.0307  Grasp=20%/0.0354  Turn=10%/2.1008
    door_open       rew= 170.733  ph=2  success=19/20 (95%) streak=1  | Reach=65%/0.0263  Grasp=75%/0.0183  Swing=95%/0.0230

Iter  420:  Σrew=828.988  grad=7191.9(max 10320 of 3)  [phase1=20.5s bptt=43.7s elapsed=23733s]
  heads (5/11 clipped)   trunk |g|=2520 lim=1500 x0.60
          reach x9  |g|=    9537 lim=  3000 x0.31          move x2  |g|=    3438 lim=  1000 x0.29  
        descend x3  |g|=    2429 lim=  1500 x0.62   pull_drawer x1  |g|=    2165 lim=  1000 x0.46  
          swing x1  |g|=    1644 lim=  2000 x1.00   push_drawer x1  |g|=    1017 lim=  1000 x0.98  
          grasp x8  |g|=     706 lim=  1000 x1.00    slide_open x1  |g|=     656 lim=  1000 x1.00  
    slide_close x1  |g|=     617 lim=  1000 x1.00       release x1  |g|=     104 lim=   500 x1.00  
           turn x1  |g|=      89 lim=  1500 x1.00  
    reach           rew=   4.307  ph=0  success=5/20 (25%) streak=0  | Reach=25%/0.0485
    cube_stacking   rew=  91.492  ph=4  success=6/20 (30%) streak=0  | Reach=90%/0.0291  Descend=95%/0.0133  Grasp=100%/0.0107  Move=95%/0.0395  Release=100%/0.0809
    pick_and_place  rew=  84.739  ph=3  success=5/20 (25%) streak=0  | Reach=75%/0.0292  Descend=100%/0.0113  Grasp=100%/0.0082  Move=25%/0.0495
  ✓ drawer_open     rew= 131.082  ph=2  success=20/20 (100%) streak=5  | Reach=100%/0.0101  Grasp=100%/0.0058  Pull=100%/0.0007
    drawer_close    rew=  96.736  ph=2  success=19/20 (95%) streak=3  | Reach=40%/0.0404  Grasp=45%/0.0410  Push=95%/0.0035
  ✓ window_open     rew= 109.925  ph=2  success=17/20 (85%) streak=5  | Reach=40%/0.0591  Grasp=45%/0.0615  Slide=85%/0.0168
    window_close    rew=  90.439  ph=2  success=17/20 (85%) streak=1  | Reach=15%/0.0912  Grasp=25%/0.0923  Slide=85%/0.0309
    dial_turn       rew=  86.246  ph=3  success=0/20 (0%) streak=0  | Reach=100%/0.0107  Descend=100%/0.0109  Grasp=100%/0.0090  Turn=0%/0.7715
    door_open       rew= 134.022  ph=2  success=14/20 (70%) streak=0  | Reach=60%/0.0509  Grasp=60%/0.0502  Swing=70%/0.1774

Iter  425:  Σrew=857.672  grad=7926.3(max 12741 of 3)  [phase1=20.8s bptt=43.8s elapsed=24076s]
  heads (4/11 clipped)   trunk |g|=2068 lim=1500 x0.73
          reach x9  |g|=   11955 lim=  3000 x0.25         swing x1  |g|=    3832 lim=  2000 x0.52  
    pull_drawer x1  |g|=    2413 lim=  1000 x0.41       descend x3  |g|=    1395 lim=  1500 x1.00  
           move x2  |g|=    1032 lim=  1000 x0.97         grasp x8  |g|=     951 lim=  1000 x1.00  
    push_drawer x1  |g|=     904 lim=  1000 x1.00          turn x1  |g|=     777 lim=  1500 x1.00  
     slide_open x1  |g|=     537 lim=  1000 x1.00   slide_close x1  |g|=     325 lim=  1000 x1.00  
        release x1  |g|=     247 lim=   500 x1.00  
    reach           rew=   5.315  ph=0  success=9/20 (45%) streak=0  | Reach=45%/0.0382
    cube_stacking   rew=  99.793  ph=4  success=13/20 (65%) streak=0  | Reach=85%/0.0399  Descend=90%/0.0220  Grasp=90%/0.0182  Move=85%/0.0410  Release=100%/0.0704
    pick_and_place  rew=  88.524  ph=3  success=1/20 (5%) streak=0  | Reach=30%/0.0459  Descend=40%/0.0390  Grasp=45%/0.0383  Move=5%/0.1145
  ✓ drawer_open     rew= 126.370  ph=2  success=18/20 (90%) streak=6  | Reach=5%/0.0446  Grasp=35%/0.0384  Pull=90%/0.0133
    drawer_close    rew= 123.457  ph=2  success=14/20 (70%) streak=0  | Reach=5%/0.0620  Grasp=5%/0.0604  Push=70%/0.0201
    window_open     rew=  83.960  ph=2  success=15/20 (75%) streak=0  | Reach=55%/0.0685  Grasp=75%/0.0589  Slide=75%/0.0399
    window_close    rew=  94.868  ph=2  success=17/20 (85%) streak=2  | Reach=40%/0.0314  Grasp=95%/0.0134  Slide=85%/0.0260
    dial_turn       rew=  86.731  ph=3  success=0/20 (0%) streak=0  | Reach=55%/0.0292  Descend=35%/0.0346  Grasp=35%/0.0343  Turn=0%/1.1926
    door_open       rew= 148.655  ph=2  success=16/20 (80%) streak=1  | Reach=65%/0.0314  Grasp=75%/0.0268  Swing=80%/0.0870

Iter  430:  Σrew=796.340  grad=10277.2(max 14174 of 3)  [phase1=30.7s bptt=43.7s elapsed=24419s]
  heads (5/11 clipped)   trunk |g|=2359 lim=1500 x0.64
          reach x9  |g|=   13630 lim=  3000 x0.22          move x2  |g|=    2574 lim=  1000 x0.39  
    pull_drawer x1  |g|=    2402 lim=  1000 x0.42       descend x3  |g|=    2116 lim=  1500 x0.71  
          swing x1  |g|=    1889 lim=  2000 x1.00   push_drawer x1  |g|=    1456 lim=  1000 x0.69  
          grasp x8  |g|=     951 lim=  1000 x1.00   slide_close x1  |g|=     273 lim=  1000 x1.00  
           turn x1  |g|=     227 lim=  1500 x1.00       release x1  |g|=     128 lim=   500 x1.00  
     slide_open x1  |g|=     118 lim=  1000 x1.00  
    reach           rew=   3.265  ph=0  success=2/20 (10%) streak=0  | Reach=10%/0.0610
    cube_stacking   rew= 112.630  ph=4  success=15/20 (75%) streak=0  | Reach=95%/0.0290  Descend=100%/0.0131  Grasp=100%/0.0096  Move=95%/0.0217  Release=100%/0.0411
    pick_and_place  rew=  91.834  ph=3  success=4/20 (20%) streak=0  | Reach=65%/0.0344  Descend=95%/0.0176  Grasp=95%/0.0192  Move=20%/0.0746
  ✓ drawer_open     rew= 118.886  ph=2  success=16/20 (80%) streak=7  | Reach=100%/0.0113  Grasp=95%/0.0118  Pull=80%/0.0229
    drawer_close    rew= 112.755  ph=2  success=17/20 (85%) streak=1  | Reach=35%/0.0465  Grasp=50%/0.0423  Push=85%/0.0104
    window_open     rew=  88.896  ph=2  success=11/20 (55%) streak=0  | Reach=15%/0.0569  Grasp=40%/0.0568  Slide=55%/0.0810
    window_close    rew=  80.259  ph=2  success=16/20 (80%) streak=3  | Reach=15%/0.0879  Grasp=15%/0.1019  Slide=80%/0.0381
    dial_turn       rew=  71.898  ph=3  success=1/20 (5%) streak=0  | Reach=100%/0.0132  Descend=95%/0.0164  Grasp=85%/0.0200  Turn=5%/0.8248
    door_open       rew= 115.917  ph=2  success=15/20 (75%) streak=0  | Reach=50%/0.0481  Grasp=55%/0.0408  Swing=75%/0.1205

Iter  435:  Σrew=869.919  grad=5825.2(max 7960 of 3)  [phase1=21.2s bptt=43.6s elapsed=24752s]
  heads (6/11 clipped)   trunk |g|=1698 lim=1500 x0.88
          reach x9  |g|=    7194 lim=  3000 x0.42       descend x3  |g|=    4489 lim=  1500 x0.33  
    pull_drawer x1  |g|=    2979 lim=  1000 x0.34          move x2  |g|=    2393 lim=  1000 x0.42  
          swing x1  |g|=    2103 lim=  2000 x0.95   push_drawer x1  |g|=    1173 lim=  1000 x0.85  
          grasp x8  |g|=     762 lim=  1000 x1.00    slide_open x1  |g|=     171 lim=  1000 x1.00  
    slide_close x1  |g|=     122 lim=  1000 x1.00       release x1  |g|=     120 lim=   500 x1.00  
           turn x1  |g|=      69 lim=  1500 x1.00  
    reach           rew=   5.363  ph=0  success=8/20 (40%) streak=0  | Reach=40%/0.0398
    cube_stacking   rew= 106.566  ph=4  success=7/20 (35%) streak=0  | Reach=90%/0.0344  Descend=95%/0.0138  Grasp=100%/0.0106  Move=95%/0.0375  Release=100%/0.0747
    pick_and_place  rew=  75.918  ph=3  success=7/20 (35%) streak=0  | Reach=80%/0.0303  Descend=90%/0.0173  Grasp=95%/0.0123  Move=35%/0.0561
  ✓ drawer_open     rew= 129.371  ph=2  success=17/20 (85%) streak=8  | Reach=90%/0.0211  Grasp=100%/0.0173  Pull=85%/0.0264
    drawer_close    rew=  91.729  ph=2  success=16/20 (80%) streak=2  | Reach=15%/0.0599  Grasp=20%/0.0595  Push=80%/0.0128
    window_open     rew= 109.133  ph=2  success=19/20 (95%) streak=1  | Reach=30%/0.0455  Grasp=80%/0.0323  Slide=95%/0.0057
  ✓ window_close    rew= 110.935  ph=2  success=18/20 (90%) streak=4  | Reach=60%/0.0283  Grasp=95%/0.0140  Slide=90%/0.0199
    dial_turn       rew=  82.332  ph=3  success=0/20 (0%) streak=0  | Reach=100%/0.0135  Descend=100%/0.0126  Grasp=100%/0.0140  Turn=0%/0.7140
    door_open       rew= 158.572  ph=2  success=13/20 (65%) streak=0  | Reach=50%/0.0357  Grasp=45%/0.0384  Swing=65%/0.1955

Iter  440:  Σrew=871.145  grad=5377.0(max 7519 of 3)  [phase1=21.4s bptt=43.6s elapsed=25095s]
  heads (7/11 clipped)   trunk |g|=1855 lim=1500 x0.81
          reach x9  |g|=    5920 lim=  3000 x0.51          move x2  |g|=    2807 lim=  1000 x0.36  
        descend x3  |g|=    2595 lim=  1500 x0.58         swing x1  |g|=    2427 lim=  2000 x0.82  
    push_drawer x1  |g|=    1494 lim=  1000 x0.67   pull_drawer x1  |g|=    1481 lim=  1000 x0.68  
          grasp x8  |g|=    1106 lim=  1000 x0.90    slide_open x1  |g|=     314 lim=  1000 x1.00  
    slide_close x1  |g|=     172 lim=  1000 x1.00       release x1  |g|=     127 lim=   500 x1.00  
           turn x1  |g|=     102 lim=  1500 x1.00  
    reach           rew=   4.788  ph=0  success=5/20 (25%) streak=0  | Reach=25%/0.0367
    cube_stacking   rew= 107.930  ph=4  success=13/20 (65%) streak=0  | Reach=100%/0.0261  Descend=100%/0.0116  Grasp=100%/0.0098  Move=100%/0.0257  Release=100%/0.0482
    pick_and_place  rew=  95.013  ph=3  success=7/20 (35%) streak=0  | Reach=95%/0.0208  Descend=100%/0.0118  Grasp=95%/0.0099  Move=35%/0.0381
  ✓ drawer_open     rew= 132.610  ph=2  success=19/20 (95%) streak=9  | Reach=85%/0.0225  Grasp=95%/0.0172  Pull=95%/0.0082
    drawer_close    rew= 122.947  ph=2  success=18/20 (90%) streak=3  | Reach=70%/0.0262  Grasp=70%/0.0280  Push=90%/0.0087
    window_open     rew=  97.037  ph=2  success=16/20 (80%) streak=2  | Reach=45%/0.0486  Grasp=70%/0.0451  Slide=80%/0.0232
    window_close    rew=  75.324  ph=2  success=11/20 (55%) streak=0  | Reach=45%/0.0545  Grasp=70%/0.0482  Slide=55%/0.0771
    dial_turn       rew=  84.469  ph=3  success=0/20 (0%) streak=0  | Reach=100%/0.0146  Descend=100%/0.0166  Grasp=100%/0.0176  Turn=0%/0.7798
    door_open       rew= 151.027  ph=2  success=17/20 (85%) streak=1  | Reach=80%/0.0333  Grasp=80%/0.0298  Swing=85%/0.0983

Iter  445:  Σrew=906.873  grad=5799.7(max 6676 of 3)  [phase1=30.8s bptt=43.7s elapsed=25437s]
  heads (5/11 clipped)   trunk |g|=1583 lim=1500 x0.95
          reach x9  |g|=    5710 lim=  3000 x0.53          move x2  |g|=    3869 lim=  1000 x0.26  
    pull_drawer x1  |g|=    1991 lim=  1000 x0.50   push_drawer x1  |g|=    1982 lim=  1000 x0.50  
        descend x3  |g|=    1899 lim=  1500 x0.79         swing x1  |g|=    1103 lim=  2000 x1.00  
          grasp x8  |g|=     953 lim=  1000 x1.00   slide_close x1  |g|=     812 lim=  1000 x1.00  
     slide_open x1  |g|=     665 lim=  1000 x1.00          turn x1  |g|=     174 lim=  1500 x1.00  
        release x1  |g|=     151 lim=   500 x1.00  
    reach           rew=   7.112  ph=0  success=11/20 (55%) streak=0  | Reach=55%/0.0310
    cube_stacking   rew= 104.983  ph=4  success=14/20 (70%) streak=0  | Reach=100%/0.0308  Descend=95%/0.0158  Grasp=100%/0.0104  Move=95%/0.0254  Release=100%/0.0489
    pick_and_place  rew=  95.148  ph=3  success=9/20 (45%) streak=0  | Reach=80%/0.0260  Descend=100%/0.0098  Grasp=100%/0.0058  Move=45%/0.0432
  ✓ drawer_open     rew= 131.439  ph=2  success=20/20 (100%) streak=10  | Reach=100%/0.0098  Grasp=100%/0.0087  Pull=100%/0.0011
  ✓ drawer_close    rew= 147.983  ph=2  success=20/20 (100%) streak=4  | Reach=100%/0.0122  Grasp=100%/0.0078  Push=100%/0.0005
    window_open     rew=  87.719  ph=2  success=18/20 (90%) streak=3  | Reach=35%/0.0575  Grasp=55%/0.0729  Slide=90%/0.0145
    window_close    rew=  91.291  ph=2  success=19/20 (95%) streak=1  | Reach=40%/0.0334  Grasp=65%/0.0311  Slide=95%/0.0099
    dial_turn       rew=  89.638  ph=3  success=1/20 (5%) streak=0  | Reach=100%/0.0153  Descend=100%/0.0158  Grasp=95%/0.0160  Turn=5%/0.9112
    door_open       rew= 151.561  ph=2  success=18/20 (90%) streak=2  | Reach=80%/0.0312  Grasp=80%/0.0277  Swing=90%/0.0626

Iter  450:  Σrew=892.578  grad=5417.0(max 6562 of 3)  [phase1=21.4s bptt=43.8s elapsed=25771s]
  heads (3/11 clipped)   trunk |g|=1392 lim=1500 x1.00
          reach x9  |g|=    5843 lim=  3000 x0.51          move x2  |g|=    2130 lim=  1000 x0.47  
        descend x3  |g|=    1061 lim=  1500 x1.00   push_drawer x1  |g|=    1048 lim=  1000 x0.95  
          swing x1  |g|=    1028 lim=  2000 x1.00   pull_drawer x1  |g|=     906 lim=  1000 x1.00  
    slide_close x1  |g|=     659 lim=  1000 x1.00         grasp x8  |g|=     580 lim=  1000 x1.00  
     slide_open x1  |g|=     391 lim=  1000 x1.00       release x1  |g|=     243 lim=   500 x1.00  
           turn x1  |g|=     182 lim=  1500 x1.00  
    reach           rew=   5.815  ph=0  success=8/20 (40%) streak=0  | Reach=40%/0.0385
    cube_stacking   rew= 102.701  ph=4  success=6/20 (30%) streak=0  | Reach=95%/0.0315  Descend=100%/0.0196  Grasp=95%/0.0209  Move=95%/0.0462  Release=100%/0.0853
    pick_and_place  rew=  94.064  ph=3  success=6/20 (30%) streak=0  | Reach=100%/0.0191  Descend=100%/0.0162  Grasp=100%/0.0149  Move=30%/0.0505
  ✓ drawer_open     rew= 133.072  ph=2  success=20/20 (100%) streak=11  | Reach=100%/0.0139  Grasp=100%/0.0110  Pull=100%/0.0015
  ✓ drawer_close    rew=  94.114  ph=2  success=20/20 (100%) streak=5  | Reach=35%/0.0425  Grasp=35%/0.0473  Push=100%/0.0021
  ✓ window_open     rew= 112.992  ph=2  success=19/20 (95%) streak=4  | Reach=60%/0.0304  Grasp=75%/0.0300  Slide=95%/0.0106
    window_close    rew= 100.357  ph=2  success=19/20 (95%) streak=2  | Reach=70%/0.0314  Grasp=80%/0.0235  Slide=95%/0.0106
    dial_turn       rew=  93.544  ph=3  success=0/20 (0%) streak=0  | Reach=100%/0.0152  Descend=55%/0.0294  Grasp=45%/0.0309  Turn=0%/1.0483
    door_open       rew= 155.919  ph=2  success=18/20 (90%) streak=3  | Reach=80%/0.0331  Grasp=80%/0.0358  Swing=90%/0.0692
  ✓ saved vision_all_balance_{params,obs_rms,opt}.pkl + _{learning,gradients}.png at iter 450

Iter  455:  Σrew=920.333  grad=5145.0(max 5854 of 3)  [phase1=21.2s bptt=43.6s elapsed=26116s]
  heads (5/11 clipped)   trunk |g|=1483 lim=1500 x1.00
          reach x9  |g|=    4521 lim=  3000 x0.66          move x2  |g|=    3332 lim=  1000 x0.30  
    pull_drawer x1  |g|=    3088 lim=  1000 x0.32         swing x1  |g|=    1156 lim=  2000 x1.00  
    push_drawer x1  |g|=    1146 lim=  1000 x0.87         grasp x8  |g|=    1027 lim=  1000 x0.97  
    slide_close x1  |g|=     973 lim=  1000 x1.00       descend x3  |g|=     538 lim=  1500 x1.00  
     slide_open x1  |g|=     355 lim=  1000 x1.00       release x1  |g|=     331 lim=   500 x1.00  
           turn x1  |g|=     188 lim=  1500 x1.00  
    reach           rew=   4.278  ph=0  success=8/20 (40%) streak=0  | Reach=40%/0.0376
    cube_stacking   rew= 106.298  ph=4  success=8/20 (40%) streak=0  | Reach=85%/0.0344  Descend=75%/0.0278  Grasp=75%/0.0311  Move=75%/0.0708  Release=100%/0.1042
    pick_and_place  rew=  93.791  ph=3  success=10/20 (50%) streak=0  | Reach=100%/0.0248  Descend=100%/0.0123  Grasp=100%/0.0107  Move=50%/0.0370
    drawer_open     rew= 131.486  ph=2  success=9/20 (45%) streak=0  | Reach=85%/0.0238  Grasp=100%/0.0221  Pull=45%/0.0690
  ✓ drawer_close    rew= 123.080  ph=2  success=19/20 (95%) streak=6  | Reach=60%/0.0376  Grasp=65%/0.0344  Push=95%/0.0032
  ✓ window_open     rew= 100.081  ph=2  success=16/20 (80%) streak=5  | Reach=35%/0.0642  Grasp=45%/0.0672  Slide=80%/0.0369
    window_close    rew=  93.563  ph=2  success=16/20 (80%) streak=3  | Reach=45%/0.0372  Grasp=80%/0.0293  Slide=80%/0.0398
    dial_turn       rew=  88.924  ph=3  success=2/20 (10%) streak=0  | Reach=100%/0.0112  Descend=100%/0.0152  Grasp=100%/0.0131  Turn=10%/0.7929
  ✓ door_open       rew= 178.832  ph=2  success=19/20 (95%) streak=4  | Reach=60%/0.0320  Grasp=55%/0.0320  Swing=95%/0.0345

Iter  460:  Σrew=848.655  grad=7345.2(max 9093 of 3)  [phase1=21.0s bptt=43.9s elapsed=26460s]
  heads (6/11 clipped)   trunk |g|=1976 lim=1500 x0.76
          reach x9  |g|=    8281 lim=  3000 x0.36       descend x3  |g|=    4128 lim=  1500 x0.36  
    pull_drawer x1  |g|=    2275 lim=  1000 x0.44         grasp x8  |g|=    1931 lim=  1000 x0.52  
           move x2  |g|=    1758 lim=  1000 x0.57   push_drawer x1  |g|=    1751 lim=  1000 x0.57  
          swing x1  |g|=     470 lim=  2000 x1.00   slide_close x1  |g|=     411 lim=  1000 x1.00  
     slide_open x1  |g|=     295 lim=  1000 x1.00       release x1  |g|=     247 lim=   500 x1.00  
           turn x1  |g|=      28 lim=  1500 x1.00  
    reach           rew=   2.837  ph=0  success=8/20 (40%) streak=0  | Reach=40%/0.0403
    cube_stacking   rew=  97.911  ph=4  success=8/20 (40%) streak=0  | Reach=90%/0.0309  Descend=100%/0.0165  Grasp=100%/0.0161  Move=80%/0.0483  Release=100%/0.0863
    pick_and_place  rew=  90.384  ph=3  success=8/20 (40%) streak=0  | Reach=100%/0.0243  Descend=100%/0.0158  Grasp=95%/0.0148  Move=40%/0.0496
    drawer_open     rew= 118.979  ph=2  success=18/20 (90%) streak=1  | Reach=95%/0.0143  Grasp=95%/0.0109  Pull=90%/0.0052
  ✓ drawer_close    rew=  95.239  ph=2  success=19/20 (95%) streak=7  | Reach=55%/0.0294  Grasp=60%/0.0338  Push=95%/0.0018
    window_open     rew=  99.722  ph=2  success=10/20 (50%) streak=0  | Reach=55%/0.0535  Grasp=70%/0.0472  Slide=50%/0.0567
  ✓ window_close    rew=  99.965  ph=2  success=17/20 (85%) streak=4  | Reach=45%/0.0392  Grasp=80%/0.0329  Slide=85%/0.0230
    dial_turn       rew=  82.763  ph=3  success=2/20 (10%) streak=0  | Reach=100%/0.0154  Descend=95%/0.0146  Grasp=100%/0.0152  Turn=10%/0.7974
  ✓ door_open       rew= 160.854  ph=2  success=17/20 (85%) streak=5  | Reach=85%/0.0246  Grasp=80%/0.0269  Swing=85%/0.0604

Iter  465:  Σrew=878.377  grad=5619.0(max 6103 of 3)  [phase1=21.4s bptt=43.7s elapsed=26803s]
  heads (5/11 clipped)   trunk |g|=1467 lim=1500 x1.00
          reach x9  |g|=    4853 lim=  3000 x0.62       descend x3  |g|=    3517 lim=  1500 x0.43  
          swing x1  |g|=    1882 lim=  2000 x1.00   slide_close x1  |g|=    1731 lim=  1000 x0.58  
           move x2  |g|=    1580 lim=  1000 x0.63   pull_drawer x1  |g|=    1284 lim=  1000 x0.78  
          grasp x8  |g|=     964 lim=  1000 x1.00    slide_open x1  |g|=     939 lim=  1000 x1.00  
    push_drawer x1  |g|=     524 lim=  1000 x1.00          turn x1  |g|=     200 lim=  1500 x1.00  
        release x1  |g|=     101 lim=   500 x1.00  
    reach           rew=   6.021  ph=0  success=6/20 (30%) streak=0  | Reach=30%/0.0396
    cube_stacking   rew= 110.842  ph=4  success=13/20 (65%) streak=0  | Reach=95%/0.0317  Descend=100%/0.0191  Grasp=100%/0.0111  Move=95%/0.0286  Release=100%/0.0513
    pick_and_place  rew=  88.011  ph=3  success=9/20 (45%) streak=0  | Reach=85%/0.0278  Descend=100%/0.0146  Grasp=100%/0.0136  Move=45%/0.0581
    drawer_open     rew= 124.160  ph=2  success=19/20 (95%) streak=2  | Reach=90%/0.0183  Grasp=100%/0.0147  Pull=95%/0.0089
  ✓ drawer_close    rew= 138.048  ph=2  success=19/20 (95%) streak=8  | Reach=80%/0.0252  Grasp=90%/0.0194  Push=95%/0.0055
    window_open     rew= 100.821  ph=2  success=14/20 (70%) streak=0  | Reach=50%/0.0354  Grasp=75%/0.0248  Slide=70%/0.0529
  ✓ window_close    rew=  92.191  ph=2  success=16/20 (80%) streak=5  | Reach=45%/0.0386  Grasp=60%/0.0370  Slide=80%/0.0295
    dial_turn       rew=  74.032  ph=3  success=0/20 (0%) streak=0  | Reach=100%/0.0147  Descend=95%/0.0145  Grasp=95%/0.0124  Turn=0%/1.2185
  ✓ door_open       rew= 144.250  ph=2  success=16/20 (80%) streak=6  | Reach=70%/0.0514  Grasp=75%/0.0487  Swing=80%/0.1053

Iter  470:  Σrew=938.729  grad=6208.2(max 7973 of 3)  [phase1=21.4s bptt=43.9s elapsed=27137s]
  heads (3/11 clipped)   trunk |g|=1592 lim=1500 x0.94
          reach x9  |g|=    7339 lim=  3000 x0.41          move x2  |g|=    2377 lim=  1000 x0.42  
    pull_drawer x1  |g|=    1539 lim=  1000 x0.65       descend x3  |g|=    1406 lim=  1500 x1.00  
          swing x1  |g|=    1224 lim=  2000 x1.00         grasp x8  |g|=     848 lim=  1000 x1.00  
    push_drawer x1  |g|=     681 lim=  1000 x1.00    slide_open x1  |g|=     663 lim=  1000 x1.00  
    slide_close x1  |g|=     226 lim=  1000 x1.00       release x1  |g|=     148 lim=   500 x1.00  
           turn x1  |g|=     142 lim=  1500 x1.00  
    reach           rew=   8.787  ph=0  success=11/20 (55%) streak=0  | Reach=55%/0.0351
    cube_stacking   rew= 115.738  ph=4  success=12/20 (60%) streak=0  | Reach=100%/0.0330  Descend=95%/0.0179  Grasp=100%/0.0164  Move=85%/0.0415  Release=100%/0.0690
    pick_and_place  rew=  98.104  ph=3  success=9/20 (45%) streak=0  | Reach=80%/0.0300  Descend=100%/0.0116  Grasp=100%/0.0081  Move=45%/0.0305
    drawer_open     rew= 130.936  ph=2  success=15/20 (75%) streak=0  | Reach=90%/0.0196  Grasp=95%/0.0164  Pull=75%/0.0281
  ✓ drawer_close    rew= 105.787  ph=2  success=18/20 (90%) streak=9  | Reach=45%/0.0426  Grasp=45%/0.0420  Push=90%/0.0079
    window_open     rew= 115.278  ph=2  success=15/20 (75%) streak=0  | Reach=40%/0.0435  Grasp=60%/0.0458  Slide=75%/0.0411
  ✓ window_close    rew=  96.520  ph=2  success=18/20 (90%) streak=6  | Reach=40%/0.0560  Grasp=40%/0.0689  Slide=90%/0.0221
    dial_turn       rew=  94.074  ph=3  success=2/20 (10%) streak=0  | Reach=100%/0.0113  Descend=100%/0.0101  Grasp=100%/0.0071  Turn=10%/0.6981
  ✓ door_open       rew= 173.504  ph=2  success=18/20 (90%) streak=7  | Reach=95%/0.0229  Grasp=95%/0.0208  Swing=90%/0.0693

Iter  475:  Σrew=879.933  grad=5821.7(max 7875 of 3)  [phase1=21.0s bptt=43.9s elapsed=27481s]
  heads (2/11 clipped)   trunk |g|=1645 lim=1500 x0.91
          reach x9  |g|=    5712 lim=  3000 x0.53          move x2  |g|=    4911 lim=  1000 x0.20  
    pull_drawer x1  |g|=     904 lim=  1000 x1.00       descend x3  |g|=     875 lim=  1500 x1.00  
          swing x1  |g|=     863 lim=  2000 x1.00         grasp x8  |g|=     702 lim=  1000 x1.00  
    push_drawer x1  |g|=     702 lim=  1000 x1.00   slide_close x1  |g|=     616 lim=  1000 x1.00  
     slide_open x1  |g|=     540 lim=  1000 x1.00          turn x1  |g|=     251 lim=  1500 x1.00  
        release x1  |g|=     206 lim=   500 x1.00  
    reach           rew=   5.826  ph=0  success=6/20 (30%) streak=0  | Reach=30%/0.0354
    cube_stacking   rew= 102.084  ph=4  success=4/20 (20%) streak=0  | Reach=100%/0.0311  Descend=80%/0.0277  Grasp=80%/0.0231  Move=75%/0.0641  Release=100%/0.1153
    pick_and_place  rew=  89.861  ph=3  success=4/20 (20%) streak=0  | Reach=90%/0.0285  Descend=80%/0.0274  Grasp=75%/0.0240  Move=20%/0.0859
    drawer_open     rew= 132.361  ph=2  success=16/20 (80%) streak=1  | Reach=65%/0.0274  Grasp=90%/0.0243  Pull=80%/0.0127
  ✓ drawer_close    rew= 104.677  ph=2  success=20/20 (100%) streak=10  | Reach=35%/0.0414  Grasp=55%/0.0423  Push=100%/0.0004
    window_open     rew= 114.626  ph=2  success=18/20 (90%) streak=1  | Reach=35%/0.0570  Grasp=70%/0.0564  Slide=90%/0.0167
    window_close    rew=  93.185  ph=2  success=7/20 (35%) streak=0  | Reach=20%/0.0443  Grasp=55%/0.0318  Slide=35%/0.1008
    dial_turn       rew=  88.469  ph=3  success=1/20 (5%) streak=0  | Reach=95%/0.0174  Descend=95%/0.0131  Grasp=95%/0.0141  Turn=5%/1.0865
  ✓ door_open       rew= 148.846  ph=2  success=18/20 (90%) streak=8  | Reach=70%/0.0372  Grasp=75%/0.0289  Swing=90%/0.0625

Iter  480:  Σrew=848.668  grad=5011.1(max 7195 of 3)  [phase1=21.5s bptt=43.9s elapsed=27824s]
  heads (5/11 clipped)   trunk |g|=1375 lim=1500 x1.00
          reach x9  |g|=    4569 lim=  3000 x0.66          move x2  |g|=    4444 lim=  1000 x0.23  
        descend x3  |g|=    2962 lim=  1500 x0.51   push_drawer x1  |g|=    1280 lim=  1000 x0.78  
    pull_drawer x1  |g|=    1003 lim=  1000 x1.00         grasp x8  |g|=     870 lim=  1000 x1.00  
          swing x1  |g|=     514 lim=  2000 x1.00    slide_open x1  |g|=     466 lim=  1000 x1.00  
        release x1  |g|=     352 lim=   500 x1.00   slide_close x1  |g|=     232 lim=  1000 x1.00  
           turn x1  |g|=     158 lim=  1500 x1.00  
    reach           rew=   4.542  ph=0  success=5/20 (25%) streak=0  | Reach=25%/0.0394
    cube_stacking   rew= 107.275  ph=4  success=10/20 (50%) streak=0  | Reach=85%/0.0371  Descend=80%/0.0267  Grasp=85%/0.0209  Move=70%/0.0594  Release=100%/0.0873
    pick_and_place  rew=  96.619  ph=3  success=9/20 (45%) streak=0  | Reach=75%/0.0216  Descend=100%/0.0120  Grasp=95%/0.0090  Move=45%/0.0363
    drawer_open     rew= 129.791  ph=2  success=19/20 (95%) streak=2  | Reach=100%/0.0114  Grasp=100%/0.0057  Pull=95%/0.0031
    drawer_close    rew= 108.364  ph=2  success=15/20 (75%) streak=0  | Reach=25%/0.0512  Grasp=30%/0.0465  Push=75%/0.0092
    window_open     rew=  92.474  ph=2  success=19/20 (95%) streak=2  | Reach=45%/0.0675  Grasp=65%/0.0642  Slide=95%/0.0127
    window_close    rew=  70.121  ph=2  success=9/20 (45%) streak=0  | Reach=60%/0.0377  Grasp=70%/0.0318  Slide=45%/0.1027
    dial_turn       rew=  89.558  ph=3  success=1/20 (5%) streak=0  | Reach=100%/0.0144  Descend=95%/0.0173  Grasp=90%/0.0165  Turn=5%/0.6933
  ✓ door_open       rew= 149.923  ph=2  success=18/20 (90%) streak=9  | Reach=55%/0.0472  Grasp=60%/0.0550  Swing=90%/0.0503

Iter  485:  Σrew=921.685  grad=10002.7(max 15321 of 3)  [phase1=31.0s bptt=43.7s elapsed=28167s]
  heads (4/11 clipped)   trunk |g|=2495 lim=1500 x0.60
          reach x9  |g|=   14841 lim=  3000 x0.20       descend x3  |g|=    1977 lim=  1500 x0.76  
           move x2  |g|=    1670 lim=  1000 x0.60   pull_drawer x1  |g|=    1471 lim=  1000 x0.68  
          grasp x8  |g|=     819 lim=  1000 x1.00   slide_close x1  |g|=     757 lim=  1000 x1.00  
          swing x1  |g|=     576 lim=  2000 x1.00       release x1  |g|=     352 lim=   500 x1.00  
     slide_open x1  |g|=     243 lim=  1000 x1.00   push_drawer x1  |g|=     159 lim=  1000 x1.00  
           turn x1  |g|=      84 lim=  1500 x1.00  
    reach           rew=   3.210  ph=0  success=11/20 (55%) streak=0  | Reach=55%/0.0320
    cube_stacking   rew= 114.403  ph=4  success=8/20 (40%) streak=0  | Reach=95%/0.0268  Descend=95%/0.0172  Grasp=90%/0.0119  Move=90%/0.0437  Release=100%/0.0923
    pick_and_place  rew=  93.576  ph=3  success=7/20 (35%) streak=0  | Reach=90%/0.0274  Descend=80%/0.0254  Grasp=75%/0.0264  Move=35%/0.0701
    drawer_open     rew= 131.688  ph=2  success=20/20 (100%) streak=3  | Reach=80%/0.0259  Grasp=95%/0.0243  Pull=100%/0.0015
    drawer_close    rew=  74.073  ph=2  success=20/20 (100%) streak=1  | Reach=10%/0.0588  Grasp=10%/0.0630  Push=100%/0.0011
    window_open     rew= 113.811  ph=2  success=18/20 (90%) streak=3  | Reach=50%/0.0327  Grasp=80%/0.0257  Slide=90%/0.0171
    window_close    rew= 110.239  ph=2  success=13/20 (65%) streak=0  | Reach=55%/0.0264  Grasp=75%/0.0196  Slide=65%/0.0611
    dial_turn       rew=  93.201  ph=3  success=5/20 (25%) streak=0  | Reach=60%/0.0272  Descend=40%/0.0300  Grasp=30%/0.0306  Turn=25%/0.6558
  ✓ door_open       rew= 187.484  ph=2  success=19/20 (95%) streak=10  | Reach=70%/0.0293  Grasp=80%/0.0274  Swing=95%/0.0314

Iter  490:  Σrew=862.751  grad=5042.2(max 5718 of 3)  [phase1=21.1s bptt=43.8s elapsed=28500s]
  heads (3/11 clipped)   trunk |g|=1413 lim=1500 x1.00
          reach x9  |g|=    4917 lim=  3000 x0.61          move x2  |g|=    2709 lim=  1000 x0.37  
        descend x3  |g|=    1387 lim=  1500 x1.00         grasp x8  |g|=    1177 lim=  1000 x0.85  
    push_drawer x1  |g|=     893 lim=  1000 x1.00   pull_drawer x1  |g|=     823 lim=  1000 x1.00  
          swing x1  |g|=     589 lim=  2000 x1.00   slide_close x1  |g|=     447 lim=  1000 x1.00  
     slide_open x1  |g|=     269 lim=  1000 x1.00          turn x1  |g|=     190 lim=  1500 x1.00  
        release x1  |g|=     137 lim=   500 x1.00  
    reach           rew=   5.018  ph=0  success=7/20 (35%) streak=0  | Reach=35%/0.0365
    cube_stacking   rew= 102.130  ph=4  success=4/20 (20%) streak=0  | Reach=90%/0.0325  Descend=90%/0.0187  Grasp=95%/0.0148  Move=95%/0.0383  Release=100%/0.0957
    pick_and_place  rew=  98.427  ph=3  success=3/20 (15%) streak=0  | Reach=100%/0.0228  Descend=100%/0.0166  Grasp=90%/0.0214  Move=15%/0.0763
  ✓ drawer_open     rew= 135.391  ph=2  success=20/20 (100%) streak=4  | Reach=100%/0.0134  Grasp=100%/0.0080  Pull=100%/0.0028
    drawer_close    rew=  88.186  ph=2  success=20/20 (100%) streak=2  | Reach=40%/0.0347  Grasp=45%/0.0414  Push=100%/0.0016
  ✓ window_open     rew=  97.063  ph=2  success=17/20 (85%) streak=4  | Reach=5%/0.0701  Grasp=35%/0.0948  Slide=85%/0.0153
    window_close    rew=  83.545  ph=2  success=12/20 (60%) streak=0  | Reach=60%/0.0306  Grasp=80%/0.0219  Slide=60%/0.0709
    dial_turn       rew=  86.052  ph=3  success=2/20 (10%) streak=0  | Reach=100%/0.0153  Descend=100%/0.0116  Grasp=100%/0.0098  Turn=10%/0.7034
  ✓ door_open       rew= 166.939  ph=2  success=17/20 (85%) streak=11  | Reach=60%/0.0430  Grasp=45%/0.0489  Swing=85%/0.0544

Iter  495:  Σrew=903.392  grad=4278.7(max 5445 of 3)  [phase1=20.7s bptt=43.9s elapsed=28843s]
  heads (5/11 clipped)   trunk |g|=1694 lim=1500 x0.89
          reach x9  |g|=    4033 lim=  3000 x0.74          move x2  |g|=    3815 lim=  1000 x0.26  
        descend x3  |g|=    1888 lim=  1500 x0.79   pull_drawer x1  |g|=    1871 lim=  1000 x0.53  
    push_drawer x1  |g|=    1064 lim=  1000 x0.94    slide_open x1  |g|=     852 lim=  1000 x1.00  
          swing x1  |g|=     746 lim=  2000 x1.00         grasp x8  |g|=     715 lim=  1000 x1.00  
    slide_close x1  |g|=     251 lim=  1000 x1.00       release x1  |g|=     106 lim=   500 x1.00  
           turn x1  |g|=      25 lim=  1500 x1.00  
    reach           rew=   5.649  ph=0  success=6/20 (30%) streak=0  | Reach=30%/0.0354
    cube_stacking   rew= 116.120  ph=4  success=10/20 (50%) streak=0  | Reach=100%/0.0226  Descend=100%/0.0099  Grasp=100%/0.0073  Move=100%/0.0167  Release=100%/0.0548
    pick_and_place  rew=  97.173  ph=3  success=10/20 (50%) streak=0  | Reach=85%/0.0284  Descend=100%/0.0112  Grasp=100%/0.0061  Move=50%/0.0354
  ✓ drawer_open     rew= 111.768  ph=2  success=18/20 (90%) streak=5  | Reach=100%/0.0099  Grasp=100%/0.0094  Pull=90%/0.0162
    drawer_close    rew= 140.937  ph=2  success=18/20 (90%) streak=3  | Reach=75%/0.0273  Grasp=75%/0.0259  Push=90%/0.0073
  ✓ window_open     rew= 102.797  ph=2  success=18/20 (90%) streak=5  | Reach=30%/0.0525  Grasp=65%/0.0473  Slide=90%/0.0152
    window_close    rew=  91.733  ph=2  success=11/20 (55%) streak=0  | Reach=55%/0.0430  Grasp=70%/0.0385  Slide=55%/0.0820
    dial_turn       rew=  88.823  ph=3  success=0/20 (0%) streak=0  | Reach=100%/0.0135  Descend=100%/0.0085  Grasp=100%/0.0075  Turn=0%/0.6323
  ✓ door_open       rew= 148.392  ph=2  success=16/20 (80%) streak=12  | Reach=80%/0.0340  Grasp=75%/0.0312  Swing=80%/0.1315

Iter  500:  Σrew=932.772  grad=4417.1(max 4764 of 3)  [phase1=30.6s bptt=43.8s elapsed=29186s]
  heads (4/11 clipped)   trunk |g|=1502 lim=1500 x1.00
          reach x9  |g|=    3201 lim=  3000 x0.94          move x2  |g|=    3134 lim=  1000 x0.32  
        descend x3  |g|=    2426 lim=  1500 x0.62   push_drawer x1  |g|=    1245 lim=  1000 x0.80  
    pull_drawer x1  |g|=     896 lim=  1000 x1.00         grasp x8  |g|=     817 lim=  1000 x1.00  
          swing x1  |g|=     805 lim=  2000 x1.00   slide_close x1  |g|=     369 lim=  1000 x1.00  
     slide_open x1  |g|=     299 lim=  1000 x1.00          turn x1  |g|=     211 lim=  1500 x1.00  
        release x1  |g|=     168 lim=   500 x1.00  
    reach           rew=   5.722  ph=0  success=8/20 (40%) streak=0  | Reach=40%/0.0393
    cube_stacking   rew= 115.680  ph=4  success=14/20 (70%) streak=0  | Reach=100%/0.0281  Descend=100%/0.0123  Grasp=100%/0.0078  Move=100%/0.0203  Release=100%/0.0466
    pick_and_place  rew=  98.026  ph=3  success=10/20 (50%) streak=0  | Reach=100%/0.0204  Descend=100%/0.0138  Grasp=95%/0.0112  Move=50%/0.0346
  ✓ drawer_open     rew= 130.419  ph=2  success=18/20 (90%) streak=6  | Reach=90%/0.0211  Grasp=100%/0.0191  Pull=90%/0.0065
  ✓ drawer_close    rew= 106.312  ph=2  success=20/20 (100%) streak=4  | Reach=50%/0.0357  Grasp=60%/0.0355  Push=100%/0.0005
  ✓ window_open     rew= 105.308  ph=2  success=19/20 (95%) streak=6  | Reach=45%/0.0423  Grasp=85%/0.0368  Slide=95%/0.0024
    window_close    rew= 109.005  ph=2  success=14/20 (70%) streak=0  | Reach=60%/0.0412  Grasp=70%/0.0358  Slide=70%/0.0547
    dial_turn       rew=  90.397  ph=3  success=2/20 (10%) streak=0  | Reach=90%/0.0191  Descend=85%/0.0246  Grasp=75%/0.0288  Turn=10%/1.3412
  ✓ door_open       rew= 171.903  ph=2  success=18/20 (90%) streak=13  | Reach=70%/0.0335  Grasp=75%/0.0307  Swing=90%/0.0448
  ✓ saved vision_all_balance_{params,obs_rms,opt}.pkl + _{learning,gradients}.png at iter 500

Iter  505:  Σrew=924.649  grad=5150.3(max 8251 of 3)  [phase1=21.5s bptt=43.8s elapsed=29528s]
  heads (5/11 clipped)   trunk |g|=1525 lim=1500 x0.98
          reach x9  |g|=    7969 lim=  3000 x0.38          move x2  |g|=    2199 lim=  1000 x0.45  
        descend x3  |g|=    2105 lim=  1500 x0.71   pull_drawer x1  |g|=    1708 lim=  1000 x0.59  
    push_drawer x1  |g|=    1363 lim=  1000 x0.73         swing x1  |g|=     941 lim=  2000 x1.00  
          grasp x8  |g|=     681 lim=  1000 x1.00    slide_open x1  |g|=     332 lim=  1000 x1.00  
    slide_close x1  |g|=     312 lim=  1000 x1.00       release x1  |g|=     246 lim=   500 x1.00  
           turn x1  |g|=     153 lim=  1500 x1.00  
    reach           rew=   9.923  ph=0  success=13/20 (65%) streak=0  | Reach=65%/0.0291
    cube_stacking   rew= 111.412  ph=4  success=17/20 (85%) streak=1  | Reach=85%/0.0313  Descend=100%/0.0138  Grasp=100%/0.0085  Move=100%/0.0160  Release=100%/0.0324
    pick_and_place  rew=  94.223  ph=3  success=1/20 (5%) streak=0  | Reach=90%/0.0263  Descend=100%/0.0155  Grasp=100%/0.0128  Move=5%/0.0535
  ✓ drawer_open     rew= 134.759  ph=2  success=20/20 (100%) streak=7  | Reach=100%/0.0113  Grasp=100%/0.0072  Pull=100%/0.0017
  ✓ drawer_close    rew= 106.176  ph=2  success=18/20 (90%) streak=5  | Reach=35%/0.0448  Grasp=45%/0.0459  Push=90%/0.0049
  ✓ window_open     rew= 113.881  ph=2  success=18/20 (90%) streak=7  | Reach=60%/0.0357  Grasp=90%/0.0248  Slide=90%/0.0195
    window_close    rew= 106.070  ph=2  success=18/20 (90%) streak=1  | Reach=35%/0.0492  Grasp=50%/0.0542  Slide=90%/0.0201
    dial_turn       rew=  96.846  ph=3  success=1/20 (5%) streak=0  | Reach=100%/0.0149  Descend=90%/0.0224  Grasp=100%/0.0195  Turn=5%/0.7093
  ✓ door_open       rew= 151.358  ph=2  success=16/20 (80%) streak=14  | Reach=50%/0.0411  Grasp=55%/0.0427  Swing=80%/0.0568

Iter  510:  Σrew=912.956  grad=8396.9(max 10070 of 3)  [phase1=21.0s bptt=43.8s elapsed=29872s]
  heads (5/11 clipped)   trunk |g|=1955 lim=1500 x0.77
          reach x9  |g|=    9707 lim=  3000 x0.31          move x2  |g|=    4177 lim=  1000 x0.24  
        descend x3  |g|=    1906 lim=  1500 x0.79         grasp x8  |g|=    1484 lim=  1000 x0.67  
    pull_drawer x1  |g|=    1393 lim=  1000 x0.72   push_drawer x1  |g|=     642 lim=  1000 x1.00  
          swing x1  |g|=     593 lim=  2000 x1.00   slide_close x1  |g|=     571 lim=  1000 x1.00  
     slide_open x1  |g|=     392 lim=  1000 x1.00          turn x1  |g|=     170 lim=  1500 x1.00  
        release x1  |g|=      58 lim=   500 x1.00  
    reach           rew=   3.388  ph=0  success=3/20 (15%) streak=0  | Reach=15%/0.0502
    cube_stacking   rew= 120.540  ph=4  success=15/20 (75%) streak=0  | Reach=95%/0.0365  Descend=100%/0.0157  Grasp=100%/0.0130  Move=100%/0.0158  Release=100%/0.0419
    pick_and_place  rew=  94.364  ph=3  success=10/20 (50%) streak=0  | Reach=100%/0.0266  Descend=100%/0.0119  Grasp=100%/0.0077  Move=50%/0.0392
  ✓ drawer_open     rew= 130.012  ph=2  success=20/20 (100%) streak=8  | Reach=100%/0.0112  Grasp=100%/0.0060  Pull=100%/0.0010
  ✓ drawer_close    rew=  96.214  ph=2  success=17/20 (85%) streak=6  | Reach=40%/0.0444  Grasp=40%/0.0438  Push=85%/0.0079
  ✓ window_open     rew= 115.136  ph=2  success=19/20 (95%) streak=8  | Reach=50%/0.0277  Grasp=95%/0.0145  Slide=95%/0.0108
    window_close    rew= 101.722  ph=2  success=16/20 (80%) streak=2  | Reach=35%/0.0517  Grasp=80%/0.0454  Slide=80%/0.0399
    dial_turn       rew=  96.324  ph=3  success=5/20 (25%) streak=0  | Reach=100%/0.0171  Descend=100%/0.0083  Grasp=100%/0.0060  Turn=25%/0.4991
    door_open       rew= 155.255  ph=2  success=15/20 (75%) streak=0  | Reach=55%/0.0492  Grasp=65%/0.0541  Swing=75%/0.0999

Iter  515:  Σrew=874.769  grad=5894.4(max 7921 of 3)  [phase1=20.8s bptt=43.8s elapsed=30214s]
  heads (6/11 clipped)   trunk |g|=1641 lim=1500 x0.91
          reach x9  |g|=    7279 lim=  3000 x0.41       descend x3  |g|=    3913 lim=  1500 x0.38  
    pull_drawer x1  |g|=    2459 lim=  1000 x0.41         swing x1  |g|=    1871 lim=  2000 x1.00  
           move x2  |g|=    1732 lim=  1000 x0.58         grasp x8  |g|=    1211 lim=  1000 x0.83  
    push_drawer x1  |g|=    1029 lim=  1000 x0.97          turn x1  |g|=     441 lim=  1500 x1.00  
    slide_close x1  |g|=     440 lim=  1000 x1.00    slide_open x1  |g|=     319 lim=  1000 x1.00  
        release x1  |g|=     211 lim=   500 x1.00  
    reach           rew=   7.021  ph=0  success=10/20 (50%) streak=0  | Reach=50%/0.0372
    cube_stacking   rew= 112.242  ph=4  success=13/20 (65%) streak=0  | Reach=100%/0.0243  Descend=95%/0.0149  Grasp=95%/0.0126  Move=95%/0.0214  Release=100%/0.0540
    pick_and_place  rew=  90.667  ph=3  success=3/20 (15%) streak=0  | Reach=100%/0.0212  Descend=100%/0.0207  Grasp=85%/0.0283  Move=15%/0.0894
  ✓ drawer_open     rew= 134.038  ph=2  success=20/20 (100%) streak=9  | Reach=100%/0.0091  Grasp=100%/0.0046  Pull=100%/0.0008
  ✓ drawer_close    rew=  87.924  ph=2  success=19/20 (95%) streak=7  | Reach=35%/0.0391  Grasp=30%/0.0509  Push=95%/0.0030
    window_open     rew= 102.827  ph=2  success=13/20 (65%) streak=0  | Reach=35%/0.0562  Grasp=40%/0.0510  Slide=65%/0.0322
    window_close    rew=  91.150  ph=2  success=16/20 (80%) streak=3  | Reach=80%/0.0335  Grasp=65%/0.0348  Slide=80%/0.0274
    dial_turn       rew=  91.603  ph=3  success=0/20 (0%) streak=0  | Reach=100%/0.0136  Descend=100%/0.0153  Grasp=95%/0.0197  Turn=0%/1.1118
    door_open       rew= 157.297  ph=2  success=15/20 (75%) streak=0  | Reach=70%/0.0289  Grasp=70%/0.0331  Swing=75%/0.0757

Iter  520:  Σrew=942.612  grad=5102.9(max 6759 of 3)  [phase1=21.8s bptt=43.9s elapsed=30551s]
  heads (4/11 clipped)   trunk |g|=1224 lim=1500 x1.00
          reach x9  |g|=    6591 lim=  3000 x0.46          move x2  |g|=    3807 lim=  1000 x0.26  
    pull_drawer x1  |g|=    1417 lim=  1000 x0.71       descend x3  |g|=    1367 lim=  1500 x1.00  
          swing x1  |g|=    1244 lim=  2000 x1.00   push_drawer x1  |g|=    1024 lim=  1000 x0.98  
    slide_close x1  |g|=     757 lim=  1000 x1.00         grasp x8  |g|=     744 lim=  1000 x1.00  
     slide_open x1  |g|=     289 lim=  1000 x1.00       release x1  |g|=     203 lim=   500 x1.00  
           turn x1  |g|=     112 lim=  1500 x1.00  
    reach           rew=   4.113  ph=0  success=6/20 (30%) streak=0  | Reach=30%/0.0382
    cube_stacking   rew= 116.815  ph=4  success=3/20 (15%) streak=0  | Reach=100%/0.0246  Descend=100%/0.0133  Grasp=100%/0.0087  Move=100%/0.0620  Release=100%/0.1065
    pick_and_place  rew=  96.707  ph=3  success=8/20 (40%) streak=0  | Reach=100%/0.0143  Descend=100%/0.0119  Grasp=100%/0.0080  Move=40%/0.0351
  ✓ drawer_open     rew= 136.158  ph=2  success=20/20 (100%) streak=10  | Reach=100%/0.0122  Grasp=100%/0.0087  Pull=100%/0.0041
  ✓ drawer_close    rew= 129.444  ph=2  success=20/20 (100%) streak=8  | Reach=80%/0.0208  Grasp=85%/0.0138  Push=100%/0.0005
    window_open     rew= 104.228  ph=2  success=17/20 (85%) streak=1  | Reach=50%/0.0391  Grasp=70%/0.0358  Slide=85%/0.0310
    window_close    rew=  92.492  ph=2  success=12/20 (60%) streak=0  | Reach=70%/0.0264  Grasp=90%/0.0173  Slide=60%/0.0763
    dial_turn       rew=  83.870  ph=3  success=1/20 (5%) streak=0  | Reach=100%/0.0102  Descend=100%/0.0112  Grasp=100%/0.0098  Turn=5%/0.8294
    door_open       rew= 178.784  ph=2  success=20/20 (100%) streak=1  | Reach=75%/0.0309  Grasp=75%/0.0312  Swing=100%/0.0007

Iter  525:  Σrew=930.911  grad=4361.2(max 5601 of 3)  [phase1=21.2s bptt=43.8s elapsed=30895s]
  heads (4/11 clipped)   trunk |g|=1298 lim=1500 x1.00
          reach x9  |g|=    4496 lim=  3000 x0.67          move x2  |g|=    3357 lim=  1000 x0.30  
    pull_drawer x1  |g|=    2238 lim=  1000 x0.45       descend x3  |g|=    1621 lim=  1500 x0.93  
          swing x1  |g|=    1155 lim=  2000 x1.00   push_drawer x1  |g|=     685 lim=  1000 x1.00  
          grasp x8  |g|=     648 lim=  1000 x1.00    slide_open x1  |g|=     422 lim=  1000 x1.00  
    slide_close x1  |g|=     252 lim=  1000 x1.00          turn x1  |g|=     241 lim=  1500 x1.00  
        release x1  |g|=     133 lim=   500 x1.00  
    reach           rew=   3.486  ph=0  success=6/20 (30%) streak=0  | Reach=30%/0.0391
    cube_stacking   rew= 102.841  ph=4  success=2/20 (10%) streak=0  | Reach=100%/0.0299  Descend=100%/0.0219  Grasp=90%/0.0184  Move=85%/0.0605  Release=100%/0.1201
    pick_and_place  rew=  94.217  ph=3  success=7/20 (35%) streak=0  | Reach=95%/0.0234  Descend=100%/0.0111  Grasp=100%/0.0088  Move=35%/0.0502
  ✓ drawer_open     rew= 131.621  ph=2  success=19/20 (95%) streak=11  | Reach=95%/0.0145  Grasp=100%/0.0115  Pull=95%/0.0042
  ✓ drawer_close    rew= 125.317  ph=2  success=18/20 (90%) streak=9  | Reach=50%/0.0399  Grasp=55%/0.0339  Push=90%/0.0066
    window_open     rew= 111.952  ph=2  success=16/20 (80%) streak=2  | Reach=25%/0.0518  Grasp=70%/0.0519  Slide=80%/0.0260
    window_close    rew=  87.785  ph=2  success=18/20 (90%) streak=1  | Reach=55%/0.0298  Grasp=60%/0.0276  Slide=90%/0.0137
    dial_turn       rew=  92.369  ph=3  success=3/20 (15%) streak=0  | Reach=100%/0.0133  Descend=85%/0.0164  Grasp=90%/0.0143  Turn=15%/0.8032
    door_open       rew= 181.322  ph=2  success=20/20 (100%) streak=2  | Reach=90%/0.0192  Grasp=95%/0.0142  Swing=100%/0.0011

Iter  530:  Σrew=908.508  grad=5732.4(max 7608 of 3)  [phase1=21.3s bptt=43.8s elapsed=31240s]
  heads (5/11 clipped)   trunk |g|=1397 lim=1500 x1.00
          reach x9  |g|=    6864 lim=  3000 x0.44          move x2  |g|=    2279 lim=  1000 x0.44  
        descend x3  |g|=    1597 lim=  1500 x0.94   pull_drawer x1  |g|=    1576 lim=  1000 x0.63  
    push_drawer x1  |g|=    1109 lim=  1000 x0.90         swing x1  |g|=    1046 lim=  2000 x1.00  
          grasp x8  |g|=     659 lim=  1000 x1.00   slide_close x1  |g|=     276 lim=  1000 x1.00  
     slide_open x1  |g|=     150 lim=  1000 x1.00          turn x1  |g|=     111 lim=  1500 x1.00  
        release x1  |g|=      94 lim=   500 x1.00  
    reach           rew=   4.818  ph=0  success=6/20 (30%) streak=0  | Reach=30%/0.0352
    cube_stacking   rew= 112.452  ph=4  success=3/20 (15%) streak=0  | Reach=100%/0.0242  Descend=100%/0.0158  Grasp=95%/0.0194  Move=90%/0.0417  Release=100%/0.1142
    pick_and_place  rew=  97.831  ph=3  success=7/20 (35%) streak=0  | Reach=100%/0.0214  Descend=100%/0.0143  Grasp=95%/0.0150  Move=35%/0.0462
  ✓ drawer_open     rew= 132.295  ph=2  success=20/20 (100%) streak=12  | Reach=100%/0.0139  Grasp=100%/0.0103  Pull=100%/0.0007
  ✓ drawer_close    rew=  98.342  ph=2  success=19/20 (95%) streak=10  | Reach=45%/0.0371  Grasp=45%/0.0372  Push=95%/0.0019
    window_open     rew= 113.874  ph=2  success=20/20 (100%) streak=3  | Reach=65%/0.0347  Grasp=85%/0.0435  Slide=100%/0.0042
    window_close    rew= 102.948  ph=2  success=13/20 (65%) streak=0  | Reach=50%/0.0379  Grasp=75%/0.0377  Slide=65%/0.0526
    dial_turn       rew=  89.911  ph=3  success=6/20 (30%) streak=0  | Reach=100%/0.0141  Descend=100%/0.0089  Grasp=100%/0.0081  Turn=30%/0.5144
    door_open       rew= 156.038  ph=2  success=18/20 (90%) streak=3  | Reach=75%/0.0372  Grasp=75%/0.0365  Swing=90%/0.0338

Iter  535:  Σrew=895.863  grad=4561.6(max 5492 of 3)  [phase1=21.1s bptt=43.7s elapsed=31584s]
  heads (6/11 clipped)   trunk |g|=1731 lim=1500 x0.87
          reach x9  |g|=    3678 lim=  3000 x0.82          move x2  |g|=    3338 lim=  1000 x0.30  
    push_drawer x1  |g|=    2426 lim=  1000 x0.41       descend x3  |g|=    2243 lim=  1500 x0.67  
    pull_drawer x1  |g|=    1990 lim=  1000 x0.50         swing x1  |g|=    1607 lim=  2000 x1.00  
          grasp x8  |g|=    1186 lim=  1000 x0.84       release x1  |g|=     236 lim=   500 x1.00  
    slide_close x1  |g|=     213 lim=  1000 x1.00    slide_open x1  |g|=     207 lim=  1000 x1.00  
           turn x1  |g|=     142 lim=  1500 x1.00  
    reach           rew=   6.890  ph=0  success=7/20 (35%) streak=0  | Reach=35%/0.0364
    cube_stacking   rew= 115.406  ph=4  success=15/20 (75%) streak=0  | Reach=95%/0.0202  Descend=100%/0.0110  Grasp=100%/0.0078  Move=100%/0.0163  Release=100%/0.0332
    pick_and_place  rew=  89.159  ph=3  success=5/20 (25%) streak=0  | Reach=95%/0.0275  Descend=95%/0.0179  Grasp=90%/0.0158  Move=25%/0.0608
  ✓ drawer_open     rew= 135.182  ph=2  success=20/20 (100%) streak=13  | Reach=100%/0.0106  Grasp=100%/0.0069  Pull=100%/0.0018
  ✓ drawer_close    rew= 123.103  ph=2  success=19/20 (95%) streak=11  | Reach=70%/0.0239  Grasp=75%/0.0237  Push=95%/0.0030
  ✓ window_open     rew= 107.468  ph=2  success=18/20 (90%) streak=4  | Reach=40%/0.0503  Grasp=75%/0.0268  Slide=90%/0.0040
    window_close    rew=  67.415  ph=2  success=10/20 (50%) streak=0  | Reach=50%/0.0329  Grasp=70%/0.0270  Slide=50%/0.0770
    dial_turn       rew=  88.888  ph=3  success=1/20 (5%) streak=0  | Reach=95%/0.0153  Descend=100%/0.0131  Grasp=90%/0.0139  Turn=5%/0.7849
  ✓ door_open       rew= 162.351  ph=2  success=16/20 (80%) streak=4  | Reach=60%/0.0346  Grasp=70%/0.0282  Swing=80%/0.0942

Iter  540:  Σrew=968.516  grad=4890.4(max 5647 of 3)  [phase1=20.7s bptt=43.8s elapsed=31918s]
  heads (4/11 clipped)   trunk |g|=1543 lim=1500 x0.97
          reach x9  |g|=    5150 lim=  3000 x0.58          move x2  |g|=    2017 lim=  1000 x0.50  
    pull_drawer x1  |g|=    1915 lim=  1000 x0.52         swing x1  |g|=    1170 lim=  2000 x1.00  
    push_drawer x1  |g|=    1093 lim=  1000 x0.91       descend x3  |g|=    1074 lim=  1500 x1.00  
          grasp x8  |g|=     638 lim=  1000 x1.00   slide_close x1  |g|=     342 lim=  1000 x1.00  
     slide_open x1  |g|=     293 lim=  1000 x1.00       release x1  |g|=     262 lim=   500 x1.00  
           turn x1  |g|=     121 lim=  1500 x1.00  
    reach           rew=   8.731  ph=0  success=13/20 (65%) streak=0  | Reach=65%/0.0284
    cube_stacking   rew= 118.272  ph=4  success=10/20 (50%) streak=0  | Reach=100%/0.0187  Descend=100%/0.0161  Grasp=100%/0.0129  Move=100%/0.0222  Release=100%/0.0652
    pick_and_place  rew=  99.534  ph=3  success=9/20 (45%) streak=0  | Reach=90%/0.0248  Descend=100%/0.0107  Grasp=100%/0.0071  Move=45%/0.0388
  ✓ drawer_open     rew= 135.843  ph=2  success=20/20 (100%) streak=14  | Reach=95%/0.0142  Grasp=100%/0.0115  Pull=100%/0.0016
  ✓ drawer_close    rew= 145.180  ph=2  success=20/20 (100%) streak=12  | Reach=85%/0.0202  Grasp=95%/0.0133  Push=100%/0.0013
  ✓ window_open     rew= 106.697  ph=2  success=19/20 (95%) streak=5  | Reach=55%/0.0363  Grasp=75%/0.0323  Slide=95%/0.0102
    window_close    rew=  95.056  ph=2  success=11/20 (55%) streak=0  | Reach=55%/0.0319  Grasp=85%/0.0236  Slide=55%/0.0845
    dial_turn       rew=  95.759  ph=3  success=7/20 (35%) streak=0  | Reach=100%/0.0130  Descend=85%/0.0159  Grasp=85%/0.0147  Turn=35%/0.7089
  ✓ door_open       rew= 163.443  ph=2  success=16/20 (80%) streak=5  | Reach=75%/0.0333  Grasp=75%/0.0283  Swing=80%/0.0863

Iter  545:  Σrew=984.188  grad=6299.4(max 7361 of 3)  [phase1=21.2s bptt=43.9s elapsed=32261s]
  heads (6/11 clipped)   trunk |g|=1781 lim=1500 x0.84
          reach x9  |g|=    7007 lim=  3000 x0.43       descend x3  |g|=    4253 lim=  1500 x0.35  
           move x2  |g|=    3729 lim=  1000 x0.27   push_drawer x1  |g|=    1933 lim=  1000 x0.52  
          grasp x8  |g|=    1523 lim=  1000 x0.66   pull_drawer x1  |g|=    1242 lim=  1000 x0.81  
          swing x1  |g|=    1011 lim=  2000 x1.00   slide_close x1  |g|=     499 lim=  1000 x1.00  
     slide_open x1  |g|=     233 lim=  1000 x1.00       release x1  |g|=     185 lim=   500 x1.00  
           turn x1  |g|=     172 lim=  1500 x1.00  
    reach           rew=   4.937  ph=0  success=9/20 (45%) streak=0  | Reach=45%/0.0407
    cube_stacking   rew= 115.958  ph=4  success=11/20 (55%) streak=0  | Reach=100%/0.0275  Descend=100%/0.0112  Grasp=100%/0.0055  Move=100%/0.0242  Release=100%/0.0568
    pick_and_place  rew=  94.048  ph=3  success=8/20 (40%) streak=0  | Reach=100%/0.0176  Descend=100%/0.0111  Grasp=100%/0.0059  Move=40%/0.0378
  ✓ drawer_open     rew= 133.860  ph=2  success=19/20 (95%) streak=15  | Reach=95%/0.0181  Grasp=95%/0.0134  Pull=95%/0.0071
    drawer_close    rew= 128.958  ph=2  success=15/20 (75%) streak=0  | Reach=35%/0.0461  Grasp=45%/0.0407  Push=75%/0.0181
  ✓ window_open     rew= 115.815  ph=2  success=18/20 (90%) streak=6  | Reach=55%/0.0435  Grasp=85%/0.0354  Slide=90%/0.0131
    window_close    rew=  93.794  ph=2  success=14/20 (70%) streak=0  | Reach=75%/0.0259  Grasp=90%/0.0133  Slide=70%/0.0606
    dial_turn       rew=  97.405  ph=3  success=2/20 (10%) streak=0  | Reach=100%/0.0096  Descend=100%/0.0076  Grasp=100%/0.0071  Turn=10%/0.6436
  ✓ door_open       rew= 199.412  ph=2  success=18/20 (90%) streak=6  | Reach=85%/0.0223  Grasp=85%/0.0182  Swing=90%/0.0578

Iter  550:  Σrew=880.698  grad=6717.4(max 8068 of 3)  [phase1=21.1s bptt=43.8s elapsed=32605s]
  heads (6/11 clipped)   trunk |g|=1658 lim=1500 x0.90
          reach x9  |g|=    7114 lim=  3000 x0.42          move x2  |g|=    3446 lim=  1000 x0.29  
          swing x1  |g|=    3398 lim=  2000 x0.59         grasp x8  |g|=    1797 lim=  1000 x0.56  
        descend x3  |g|=    1669 lim=  1500 x0.90   pull_drawer x1  |g|=    1649 lim=  1000 x0.61  
    push_drawer x1  |g|=     460 lim=  1000 x1.00   slide_close x1  |g|=     382 lim=  1000 x1.00  
     slide_open x1  |g|=     352 lim=  1000 x1.00       release x1  |g|=     276 lim=   500 x1.00  
           turn x1  |g|=      11 lim=  1500 x1.00  
    reach           rew=   5.471  ph=0  success=6/20 (30%) streak=0  | Reach=30%/0.0372
    cube_stacking   rew= 114.033  ph=4  success=17/20 (85%) streak=1  | Reach=100%/0.0285  Descend=100%/0.0109  Grasp=95%/0.0097  Move=95%/0.0290  Release=100%/0.0399
    pick_and_place  rew=  94.557  ph=3  success=8/20 (40%) streak=0  | Reach=95%/0.0261  Descend=100%/0.0116  Grasp=100%/0.0091  Move=40%/0.0470
  ✓ drawer_open     rew= 127.906  ph=2  success=20/20 (100%) streak=16  | Reach=95%/0.0155  Grasp=95%/0.0162  Pull=100%/0.0014
    drawer_close    rew=  85.627  ph=2  success=19/20 (95%) streak=1  | Reach=30%/0.0475  Grasp=30%/0.0495  Push=95%/0.0037
    window_open     rew= 102.069  ph=2  success=13/20 (65%) streak=0  | Reach=25%/0.0463  Grasp=50%/0.0412  Slide=65%/0.0530
    window_close    rew=  87.710  ph=2  success=12/20 (60%) streak=0  | Reach=70%/0.0283  Grasp=80%/0.0189  Slide=60%/0.0727
    dial_turn       rew=  79.748  ph=3  success=3/20 (15%) streak=0  | Reach=100%/0.0115  Descend=100%/0.0087  Grasp=100%/0.0084  Turn=15%/0.8416
  ✓ door_open       rew= 183.578  ph=2  success=20/20 (100%) streak=7  | Reach=80%/0.0201  Grasp=85%/0.0148  Swing=100%/0.0008
  ✓ saved vision_all_balance_{params,obs_rms,opt}.pkl + _{learning,gradients}.png at iter 550

Iter  555:  Σrew=934.292  grad=5655.2(max 8030 of 3)  [phase1=21.2s bptt=43.8s elapsed=32948s]
  heads (4/11 clipped)   trunk |g|=1534 lim=1500 x0.98
          reach x9  |g|=    7836 lim=  3000 x0.38   pull_drawer x1  |g|=    1996 lim=  1000 x0.50  
           move x2  |g|=    1677 lim=  1000 x0.60       descend x3  |g|=    1536 lim=  1500 x0.98  
          swing x1  |g|=     946 lim=  2000 x1.00         grasp x8  |g|=     563 lim=  1000 x1.00  
     slide_open x1  |g|=     467 lim=  1000 x1.00   slide_close x1  |g|=     310 lim=  1000 x1.00  
    push_drawer x1  |g|=     303 lim=  1000 x1.00       release x1  |g|=     286 lim=   500 x1.00  
           turn x1  |g|=      65 lim=  1500 x1.00  
    reach           rew=   7.496  ph=0  success=11/20 (55%) streak=0  | Reach=55%/0.0290
    cube_stacking   rew= 110.300  ph=4  success=16/20 (80%) streak=2  | Reach=95%/0.0254  Descend=100%/0.0117  Grasp=100%/0.0081  Move=95%/0.0230  Release=100%/0.0321
    pick_and_place  rew=  96.497  ph=3  success=5/20 (25%) streak=0  | Reach=95%/0.0203  Descend=100%/0.0097  Grasp=100%/0.0080  Move=25%/0.0447
  ✓ drawer_open     rew= 137.000  ph=2  success=20/20 (100%) streak=17  | Reach=100%/0.0100  Grasp=100%/0.0042  Pull=100%/0.0022
    drawer_close    rew= 102.593  ph=2  success=15/20 (75%) streak=0  | Reach=15%/0.0558  Grasp=15%/0.0583  Push=75%/0.0131
    window_open     rew= 112.411  ph=2  success=14/20 (70%) streak=0  | Reach=30%/0.0437  Grasp=85%/0.0225  Slide=70%/0.0472
    window_close    rew= 102.305  ph=2  success=16/20 (80%) streak=1  | Reach=35%/0.0557  Grasp=60%/0.0545  Slide=80%/0.0331
    dial_turn       rew=  88.696  ph=3  success=3/20 (15%) streak=0  | Reach=100%/0.0124  Descend=100%/0.0092  Grasp=100%/0.0083  Turn=15%/0.7590
  ✓ door_open       rew= 176.994  ph=2  success=18/20 (90%) streak=8  | Reach=90%/0.0230  Grasp=90%/0.0209  Swing=90%/0.0274

Iter  560:  Σrew=942.430  grad=5139.0(max 6384 of 3)  [phase1=21.5s bptt=43.9s elapsed=33292s]
  heads (5/11 clipped)   trunk |g|=1524 lim=1500 x0.98
          reach x9  |g|=    5700 lim=  3000 x0.53       descend x3  |g|=    2213 lim=  1500 x0.68  
    pull_drawer x1  |g|=    1511 lim=  1000 x0.66          move x2  |g|=    1088 lim=  1000 x0.92  
    push_drawer x1  |g|=    1033 lim=  1000 x0.97         swing x1  |g|=     702 lim=  2000 x1.00  
          grasp x8  |g|=     622 lim=  1000 x1.00   slide_close x1  |g|=     579 lim=  1000 x1.00  
     slide_open x1  |g|=     342 lim=  1000 x1.00       release x1  |g|=     237 lim=   500 x1.00  
           turn x1  |g|=      88 lim=  1500 x1.00  
    reach           rew=   7.052  ph=0  success=7/20 (35%) streak=0  | Reach=35%/0.0407
    cube_stacking   rew= 117.603  ph=4  success=8/20 (40%) streak=0  | Reach=80%/0.0392  Descend=75%/0.0253  Grasp=75%/0.0240  Move=60%/0.0706  Release=100%/0.1028
    pick_and_place  rew=  98.379  ph=3  success=7/20 (35%) streak=0  | Reach=85%/0.0311  Descend=90%/0.0180  Grasp=85%/0.0181  Move=35%/0.0459
    drawer_open     rew= 135.402  ph=2  success=9/20 (45%) streak=0  | Reach=5%/0.0459  Grasp=20%/0.0362  Pull=45%/0.0594
    drawer_close    rew=  99.244  ph=2  success=19/20 (95%) streak=1  | Reach=40%/0.0416  Grasp=45%/0.0420  Push=95%/0.0067
    window_open     rew= 114.615  ph=2  success=19/20 (95%) streak=1  | Reach=25%/0.0806  Grasp=45%/0.0945  Slide=95%/0.0099
    window_close    rew= 114.250  ph=2  success=16/20 (80%) streak=2  | Reach=65%/0.0283  Grasp=95%/0.0142  Slide=80%/0.0270
    dial_turn       rew=  79.984  ph=3  success=0/20 (0%) streak=0  | Reach=95%/0.0161  Descend=95%/0.0135  Grasp=100%/0.0132  Turn=0%/1.1418
    door_open       rew= 175.901  ph=2  success=15/20 (75%) streak=0  | Reach=5%/0.0560  Grasp=15%/0.0543  Swing=75%/0.0953

Iter  565:  Σrew=882.830  grad=6798.4(max 8695 of 3)  [phase1=30.7s bptt=43.7s elapsed=33634s]
  heads (4/11 clipped)   trunk |g|=2024 lim=1500 x0.74
          reach x9  |g|=    8139 lim=  3000 x0.37       descend x3  |g|=    2972 lim=  1500 x0.50  
    pull_drawer x1  |g|=    1854 lim=  1000 x0.54          move x2  |g|=    1822 lim=  1000 x0.55  
     slide_open x1  |g|=     879 lim=  1000 x1.00         grasp x8  |g|=     591 lim=  1000 x1.00  
          swing x1  |g|=     363 lim=  2000 x1.00       release x1  |g|=     161 lim=   500 x1.00  
    slide_close x1  |g|=     124 lim=  1000 x1.00   push_drawer x1  |g|=      54 lim=  1000 x1.00  
           turn x1  |g|=       8 lim=  1500 x1.00  
    reach           rew=   5.672  ph=0  success=8/20 (40%) streak=0  | Reach=40%/0.0334
    cube_stacking   rew= 112.072  ph=4  success=15/20 (75%) streak=0  | Reach=100%/0.0267  Descend=95%/0.0140  Grasp=100%/0.0113  Move=95%/0.0271  Release=100%/0.0488
    pick_and_place  rew= 100.763  ph=3  success=8/20 (40%) streak=0  | Reach=95%/0.0166  Descend=100%/0.0112  Grasp=100%/0.0069  Move=40%/0.0328
    drawer_open     rew= 131.692  ph=2  success=20/20 (100%) streak=1  | Reach=95%/0.0180  Grasp=95%/0.0172  Pull=100%/0.0011
    drawer_close    rew=  60.443  ph=2  success=20/20 (100%) streak=2  | Reach=0%/0.0581  Grasp=0%/0.0711  Push=100%/0.0007
    window_open     rew= 125.500  ph=2  success=20/20 (100%) streak=2  | Reach=70%/0.0292  Grasp=90%/0.0196  Slide=100%/0.0013
    window_close    rew= 110.219  ph=2  success=16/20 (80%) streak=3  | Reach=75%/0.0248  Grasp=90%/0.0154  Slide=80%/0.0422
    dial_turn       rew=  76.216  ph=3  success=0/20 (0%) streak=0  | Reach=100%/0.0166  Descend=50%/0.0306  Grasp=10%/0.0427  Turn=0%/1.2718
    door_open       rew= 160.253  ph=2  success=17/20 (85%) streak=1  | Reach=80%/0.0359  Grasp=70%/0.0352  Swing=85%/0.0762

Iter  570:  Σrew=938.061  grad=7654.0(max 11899 of 3)  [phase1=21.2s bptt=43.8s elapsed=33968s]
  heads (5/11 clipped)   trunk |g|=2243 lim=1500 x0.67
          reach x9  |g|=   11387 lim=  3000 x0.26         swing x1  |g|=    2336 lim=  2000 x0.86  
           move x2  |g|=    1894 lim=  1000 x0.53       descend x3  |g|=    1423 lim=  1500 x1.00  
    pull_drawer x1  |g|=    1360 lim=  1000 x0.74   push_drawer x1  |g|=    1030 lim=  1000 x0.97  
          grasp x8  |g|=     820 lim=  1000 x1.00   slide_close x1  |g|=     389 lim=  1000 x1.00  
     slide_open x1  |g|=     334 lim=  1000 x1.00       release x1  |g|=     156 lim=   500 x1.00  
           turn x1  |g|=      34 lim=  1500 x1.00  
    reach           rew=   5.922  ph=0  success=7/20 (35%) streak=0  | Reach=35%/0.0388
    cube_stacking   rew= 120.104  ph=4  success=8/20 (40%) streak=0  | Reach=95%/0.0266  Descend=95%/0.0171  Grasp=95%/0.0128  Move=95%/0.0318  Release=100%/0.0642
    pick_and_place  rew=  94.169  ph=3  success=7/20 (35%) streak=0  | Reach=90%/0.0264  Descend=100%/0.0131  Grasp=95%/0.0117  Move=35%/0.0486
    drawer_open     rew= 134.250  ph=2  success=15/20 (75%) streak=0  | Reach=100%/0.0143  Grasp=100%/0.0075  Pull=75%/0.0221
    drawer_close    rew= 101.128  ph=2  success=18/20 (90%) streak=3  | Reach=45%/0.0375  Grasp=45%/0.0413  Push=90%/0.0064
    window_open     rew= 109.533  ph=2  success=14/20 (70%) streak=0  | Reach=30%/0.0529  Grasp=65%/0.0498  Slide=70%/0.0561
  ✓ window_close    rew= 116.751  ph=2  success=18/20 (90%) streak=4  | Reach=60%/0.0329  Grasp=90%/0.0212  Slide=90%/0.0227
    dial_turn       rew=  77.420  ph=3  success=1/20 (5%) streak=0  | Reach=100%/0.0128  Descend=100%/0.0092  Grasp=100%/0.0090  Turn=5%/1.0219
    door_open       rew= 178.784  ph=2  success=20/20 (100%) streak=2  | Reach=90%/0.0196  Grasp=95%/0.0172  Swing=100%/0.0015

Iter  575:  Σrew=913.331  grad=5392.1(max 6459 of 3)  [phase1=21.5s bptt=43.7s elapsed=34312s]
  heads (4/11 clipped)   trunk |g|=1285 lim=1500 x1.00
          reach x9  |g|=    6319 lim=  3000 x0.47       descend x3  |g|=    3171 lim=  1500 x0.47  
          swing x1  |g|=    2681 lim=  2000 x0.75          move x2  |g|=    1632 lim=  1000 x0.61  
          grasp x8  |g|=     894 lim=  1000 x1.00   pull_drawer x1  |g|=     726 lim=  1000 x1.00  
    push_drawer x1  |g|=     587 lim=  1000 x1.00   slide_close x1  |g|=     447 lim=  1000 x1.00  
     slide_open x1  |g|=     345 lim=  1000 x1.00       release x1  |g|=      71 lim=   500 x1.00  
           turn x1  |g|=      67 lim=  1500 x1.00  
    reach           rew=   5.296  ph=0  success=10/20 (50%) streak=0  | Reach=50%/0.0351
    cube_stacking   rew= 115.139  ph=4  success=5/20 (25%) streak=0  | Reach=95%/0.0299  Descend=95%/0.0174  Grasp=90%/0.0127  Move=95%/0.0300  Release=100%/0.0825
    pick_and_place  rew=  97.891  ph=3  success=7/20 (35%) streak=0  | Reach=95%/0.0219  Descend=100%/0.0114  Grasp=100%/0.0063  Move=35%/0.0408
    drawer_open     rew= 134.609  ph=2  success=20/20 (100%) streak=1  | Reach=100%/0.0108  Grasp=100%/0.0085  Pull=100%/0.0006
    drawer_close    rew=  93.349  ph=2  success=14/20 (70%) streak=0  | Reach=5%/0.0581  Grasp=10%/0.0630  Push=70%/0.0189
    window_open     rew= 121.903  ph=2  success=19/20 (95%) streak=1  | Reach=55%/0.0583  Grasp=70%/0.0600  Slide=95%/0.0053
    window_close    rew= 109.743  ph=2  success=13/20 (65%) streak=0  | Reach=40%/0.0370  Grasp=65%/0.0292  Slide=65%/0.0626
    dial_turn       rew=  77.737  ph=3  success=0/20 (0%) streak=0  | Reach=100%/0.0122  Descend=100%/0.0094  Grasp=100%/0.0072  Turn=0%/1.1939
    door_open       rew= 157.666  ph=2  success=18/20 (90%) streak=3  | Reach=70%/0.0309  Grasp=75%/0.0294  Swing=90%/0.0380

Iter  580:  Σrew=939.375  grad=9258.9(max 13125 of 3)  [phase1=20.9s bptt=43.8s elapsed=34655s]
  heads (4/11 clipped)   trunk |g|=2378 lim=1500 x0.63
          reach x9  |g|=   12592 lim=  3000 x0.24       descend x3  |g|=    2589 lim=  1500 x0.58  
           move x2  |g|=    2435 lim=  1000 x0.41   pull_drawer x1  |g|=    1944 lim=  1000 x0.51  
          grasp x8  |g|=     865 lim=  1000 x1.00          turn x1  |g|=     556 lim=  1500 x1.00  
          swing x1  |g|=     526 lim=  2000 x1.00   push_drawer x1  |g|=     451 lim=  1000 x1.00  
    slide_close x1  |g|=     392 lim=  1000 x1.00    slide_open x1  |g|=     247 lim=  1000 x1.00  
        release x1  |g|=      95 lim=   500 x1.00  
    reach           rew=   5.818  ph=0  success=8/20 (40%) streak=0  | Reach=40%/0.0378
    cube_stacking   rew= 111.795  ph=4  success=8/20 (40%) streak=0  | Reach=100%/0.0266  Descend=100%/0.0084  Grasp=100%/0.0072  Move=95%/0.0264  Release=100%/0.0737
    pick_and_place  rew= 102.194  ph=3  success=11/20 (55%) streak=0  | Reach=95%/0.0216  Descend=100%/0.0139  Grasp=100%/0.0111  Move=55%/0.0325
    drawer_open     rew= 137.226  ph=2  success=20/20 (100%) streak=2  | Reach=100%/0.0095  Grasp=100%/0.0087  Pull=100%/0.0012
    drawer_close    rew=  82.636  ph=2  success=20/20 (100%) streak=1  | Reach=25%/0.0486  Grasp=25%/0.0545  Push=100%/0.0013
    window_open     rew= 109.828  ph=2  success=18/20 (90%) streak=2  | Reach=30%/0.0379  Grasp=100%/0.0139  Slide=90%/0.0124
    window_close    rew= 114.479  ph=2  success=10/20 (50%) streak=0  | Reach=45%/0.0419  Grasp=55%/0.0343  Slide=50%/0.0952
    dial_turn       rew=  88.169  ph=3  success=2/20 (10%) streak=0  | Reach=100%/0.0112  Descend=100%/0.0119  Grasp=100%/0.0144  Turn=10%/1.0967
  ✓ door_open       rew= 187.230  ph=2  success=19/20 (95%) streak=4  | Reach=85%/0.0231  Grasp=90%/0.0194  Swing=95%/0.0344

Iter  585:  Σrew=916.350  grad=6987.2(max 9006 of 3)  [phase1=21.1s bptt=43.7s elapsed=34988s]
  heads (4/11 clipped)   trunk |g|=1755 lim=1500 x0.85
          reach x9  |g|=    8788 lim=  3000 x0.34         swing x1  |g|=    2584 lim=  2000 x0.77  
           move x2  |g|=    1916 lim=  1000 x0.52       descend x3  |g|=    1305 lim=  1500 x1.00  
    pull_drawer x1  |g|=    1289 lim=  1000 x0.78         grasp x8  |g|=     550 lim=  1000 x1.00  
    push_drawer x1  |g|=     526 lim=  1000 x1.00   slide_close x1  |g|=     408 lim=  1000 x1.00  
     slide_open x1  |g|=     199 lim=  1000 x1.00       release x1  |g|=     184 lim=   500 x1.00  
           turn x1  |g|=      35 lim=  1500 x1.00  
    reach           rew=   4.174  ph=0  success=9/20 (45%) streak=0  | Reach=45%/0.0345
    cube_stacking   rew= 113.570  ph=4  success=15/20 (75%) streak=0  | Reach=80%/0.0333  Descend=95%/0.0133  Grasp=95%/0.0083  Move=95%/0.0268  Release=100%/0.0418
    pick_and_place  rew= 101.768  ph=3  success=11/20 (55%) streak=0  | Reach=100%/0.0228  Descend=100%/0.0112  Grasp=100%/0.0088  Move=55%/0.0330
    drawer_open     rew= 135.670  ph=2  success=19/20 (95%) streak=3  | Reach=100%/0.0094  Grasp=100%/0.0048  Pull=95%/0.0080
    drawer_close    rew=  98.471  ph=2  success=18/20 (90%) streak=2  | Reach=45%/0.0384  Grasp=35%/0.0444  Push=90%/0.0045
    window_open     rew= 107.596  ph=2  success=16/20 (80%) streak=3  | Reach=65%/0.0446  Grasp=80%/0.0371  Slide=80%/0.0407
    window_close    rew= 118.091  ph=2  success=19/20 (95%) streak=1  | Reach=90%/0.0173  Grasp=100%/0.0101  Slide=95%/0.0105
    dial_turn       rew=  80.292  ph=3  success=0/20 (0%) streak=0  | Reach=100%/0.0116  Descend=100%/0.0068  Grasp=100%/0.0057  Turn=0%/1.1670
  ✓ door_open       rew= 156.719  ph=2  success=18/20 (90%) streak=5  | Reach=80%/0.0379  Grasp=80%/0.0346  Swing=90%/0.0744

Iter  590:  Σrew=960.555  grad=6277.0(max 8235 of 3)  [phase1=20.9s bptt=43.9s elapsed=35331s]
  heads (5/11 clipped)   trunk |g|=1712 lim=1500 x0.88
          reach x9  |g|=    7785 lim=  3000 x0.39   pull_drawer x1  |g|=    2212 lim=  1000 x0.45  
           move x2  |g|=    1991 lim=  1000 x0.50       descend x3  |g|=    1706 lim=  1500 x0.88  
          swing x1  |g|=    1539 lim=  2000 x1.00         grasp x8  |g|=    1295 lim=  1000 x0.77  
           turn x1  |g|=     973 lim=  1500 x1.00   push_drawer x1  |g|=     858 lim=  1000 x1.00  
    slide_close x1  |g|=     393 lim=  1000 x1.00    slide_open x1  |g|=     188 lim=  1000 x1.00  
        release x1  |g|=      87 lim=   500 x1.00  
    reach           rew=   7.238  ph=0  success=9/20 (45%) streak=0  | Reach=45%/0.0341
    cube_stacking   rew= 116.397  ph=4  success=7/20 (35%) streak=0  | Reach=100%/0.0232  Descend=100%/0.0190  Grasp=100%/0.0186  Move=90%/0.0390  Release=100%/0.0842
    pick_and_place  rew= 101.879  ph=3  success=8/20 (40%) streak=0  | Reach=100%/0.0184  Descend=100%/0.0192  Grasp=90%/0.0182  Move=40%/0.0564
  ✓ drawer_open     rew= 136.049  ph=2  success=19/20 (95%) streak=4  | Reach=100%/0.0102  Grasp=100%/0.0086  Pull=95%/0.0077
    drawer_close    rew= 113.660  ph=2  success=20/20 (100%) streak=3  | Reach=55%/0.0382  Grasp=65%/0.0317  Push=100%/0.0023
  ✓ window_open     rew= 121.172  ph=2  success=20/20 (100%) streak=4  | Reach=40%/0.0442  Grasp=75%/0.0347  Slide=100%/0.0019
    window_close    rew= 104.536  ph=2  success=14/20 (70%) streak=0  | Reach=85%/0.0227  Grasp=85%/0.0223  Slide=70%/0.0424
    dial_turn       rew=  92.026  ph=3  success=2/20 (10%) streak=0  | Reach=100%/0.0115  Descend=95%/0.0126  Grasp=95%/0.0128  Turn=10%/0.7516
    door_open       rew= 167.597  ph=2  success=10/20 (50%) streak=0  | Reach=35%/0.0473  Grasp=45%/0.0400  Swing=50%/0.3196

Iter  595:  Σrew=939.761  grad=6137.3(max 9323 of 3)  [phase1=21.0s bptt=43.9s elapsed=35674s]
  heads (5/11 clipped)   trunk |g|=1766 lim=1500 x0.85
          reach x9  |g|=    8935 lim=  3000 x0.34   slide_close x1  |g|=    1654 lim=  1000 x0.60  
    push_drawer x1  |g|=    1351 lim=  1000 x0.74          move x2  |g|=    1345 lim=  1000 x0.74  
          grasp x8  |g|=    1057 lim=  1000 x0.95         swing x1  |g|=    1048 lim=  2000 x1.00  
        descend x3  |g|=     950 lim=  1500 x1.00    slide_open x1  |g|=     566 lim=  1000 x1.00  
    pull_drawer x1  |g|=     461 lim=  1000 x1.00          turn x1  |g|=     440 lim=  1500 x1.00  
        release x1  |g|=     243 lim=   500 x1.00  
    reach           rew=   6.940  ph=0  success=9/20 (45%) streak=0  | Reach=45%/0.0360
    cube_stacking   rew= 123.218  ph=4  success=9/20 (45%) streak=0  | Reach=100%/0.0276  Descend=100%/0.0131  Grasp=100%/0.0073  Move=100%/0.0189  Release=100%/0.0639
    pick_and_place  rew= 100.407  ph=3  success=10/20 (50%) streak=0  | Reach=100%/0.0205  Descend=100%/0.0117  Grasp=100%/0.0086  Move=50%/0.0368
  ✓ drawer_open     rew= 124.918  ph=2  success=19/20 (95%) streak=5  | Reach=90%/0.0153  Grasp=90%/0.0114  Pull=95%/0.0064
  ✓ drawer_close    rew= 122.991  ph=2  success=20/20 (100%) streak=4  | Reach=65%/0.0264  Grasp=75%/0.0227  Push=100%/0.0013
    window_open     rew= 125.551  ph=2  success=14/20 (70%) streak=0  | Reach=50%/0.0358  Grasp=50%/0.0317  Slide=70%/0.0586
    window_close    rew= 108.427  ph=2  success=16/20 (80%) streak=1  | Reach=80%/0.0206  Grasp=85%/0.0157  Slide=80%/0.0407
    dial_turn       rew=  96.376  ph=3  success=2/20 (10%) streak=0  | Reach=100%/0.0095  Descend=100%/0.0097  Grasp=100%/0.0106  Turn=10%/0.8951
    door_open       rew= 130.933  ph=2  success=15/20 (75%) streak=0  | Reach=55%/0.0472  Grasp=40%/0.0633  Swing=75%/0.1188

Iter  600:  Σrew=963.517  grad=6200.5(max 7698 of 3)  [phase1=31.0s bptt=43.7s elapsed=36018s]
  heads (6/11 clipped)   trunk |g|=1839 lim=1500 x0.82
          reach x9  |g|=    6089 lim=  3000 x0.49          move x2  |g|=    4485 lim=  1000 x0.22  
        descend x3  |g|=    3160 lim=  1500 x0.47   pull_drawer x1  |g|=    2588 lim=  1000 x0.39  
          swing x1  |g|=    1473 lim=  2000 x1.00   push_drawer x1  |g|=    1361 lim=  1000 x0.73  
          grasp x8  |g|=    1154 lim=  1000 x0.87    slide_open x1  |g|=     596 lim=  1000 x1.00  
    slide_close x1  |g|=     491 lim=  1000 x1.00          turn x1  |g|=     307 lim=  1500 x1.00  
        release x1  |g|=     276 lim=   500 x1.00  
    reach           rew=   8.202  ph=0  success=4/20 (20%) streak=0  | Reach=20%/0.0414
    cube_stacking   rew= 116.307  ph=4  success=5/20 (25%) streak=0  | Reach=85%/0.0415  Descend=80%/0.0310  Grasp=85%/0.0287  Move=55%/0.0815  Release=100%/0.1225
    pick_and_place  rew= 103.885  ph=3  success=12/20 (60%) streak=0  | Reach=85%/0.0250  Descend=100%/0.0121  Grasp=100%/0.0084  Move=60%/0.0292
  ✓ drawer_open     rew= 137.900  ph=2  success=20/20 (100%) streak=6  | Reach=100%/0.0085  Grasp=100%/0.0050  Pull=100%/0.0005
  ✓ drawer_close    rew= 112.717  ph=2  success=20/20 (100%) streak=5  | Reach=75%/0.0271  Grasp=70%/0.0252  Push=100%/0.0006
    window_open     rew= 107.829  ph=2  success=17/20 (85%) streak=1  | Reach=50%/0.0542  Grasp=60%/0.0516  Slide=85%/0.0239
    window_close    rew= 121.287  ph=2  success=18/20 (90%) streak=2  | Reach=55%/0.0285  Grasp=90%/0.0149  Slide=90%/0.0205
    dial_turn       rew=  96.639  ph=3  success=1/20 (5%) streak=0  | Reach=100%/0.0129  Descend=100%/0.0094  Grasp=100%/0.0083  Turn=5%/0.7163
    door_open       rew= 158.751  ph=2  success=18/20 (90%) streak=1  | Reach=70%/0.0290  Grasp=80%/0.0236  Swing=90%/0.0531
  ✓ saved vision_all_balance_{params,obs_rms,opt}.pkl + _{learning,gradients}.png at iter 600

Iter  605:  Σrew=930.215  grad=4586.5(max 5838 of 3)  [phase1=21.3s bptt=44.1s elapsed=36360s]
  heads (5/11 clipped)   trunk |g|=1521 lim=1500 x0.99
           move x2  |g|=    4142 lim=  1000 x0.24         reach x9  |g|=    3467 lim=  3000 x0.87  
        descend x3  |g|=    2936 lim=  1500 x0.51   pull_drawer x1  |g|=    2851 lim=  1000 x0.35  
          swing x1  |g|=    1643 lim=  2000 x1.00         grasp x8  |g|=    1230 lim=  1000 x0.81  
    push_drawer x1  |g|=     639 lim=  1000 x1.00   slide_close x1  |g|=     307 lim=  1000 x1.00  
           turn x1  |g|=     288 lim=  1500 x1.00    slide_open x1  |g|=     182 lim=  1000 x1.00  
        release x1  |g|=     121 lim=   500 x1.00  
    reach           rew=   5.291  ph=0  success=5/20 (25%) streak=0  | Reach=25%/0.0371
    cube_stacking   rew= 113.301  ph=4  success=13/20 (65%) streak=0  | Reach=100%/0.0266  Descend=100%/0.0132  Grasp=100%/0.0093  Move=95%/0.0237  Release=100%/0.0464
    pick_and_place  rew= 103.424  ph=3  success=12/20 (60%) streak=0  | Reach=95%/0.0256  Descend=100%/0.0191  Grasp=100%/0.0157  Move=60%/0.0448
  ✓ drawer_open     rew= 130.478  ph=2  success=20/20 (100%) streak=7  | Reach=100%/0.0099  Grasp=100%/0.0083  Pull=100%/0.0009
  ✓ drawer_close    rew= 103.842  ph=2  success=18/20 (90%) streak=6  | Reach=35%/0.0443  Grasp=40%/0.0487  Push=90%/0.0073
    window_open     rew= 122.601  ph=2  success=20/20 (100%) streak=2  | Reach=65%/0.0295  Grasp=75%/0.0222  Slide=100%/0.0012
    window_close    rew= 102.138  ph=2  success=18/20 (90%) streak=3  | Reach=80%/0.0216  Grasp=90%/0.0188  Slide=90%/0.0202
    dial_turn       rew=  98.123  ph=3  success=0/20 (0%) streak=0  | Reach=100%/0.0122  Descend=100%/0.0128  Grasp=95%/0.0156  Turn=0%/0.6902
    door_open       rew= 151.017  ph=2  success=13/20 (65%) streak=0  | Reach=70%/0.0292  Grasp=70%/0.0296  Swing=65%/0.1760

Iter  610:  Σrew=937.126  grad=6355.1(max 9391 of 3)  [phase1=21.0s bptt=43.8s elapsed=36703s]
  heads (4/11 clipped)   trunk |g|=1950 lim=1500 x0.77
           move x2  |g|=    6742 lim=  1000 x0.15         reach x9  |g|=    6011 lim=  3000 x0.50  
        descend x3  |g|=    3847 lim=  1500 x0.39   pull_drawer x1  |g|=    1964 lim=  1000 x0.51  
          grasp x8  |g|=     868 lim=  1000 x1.00         swing x1  |g|=     854 lim=  2000 x1.00  
    slide_close x1  |g|=     541 lim=  1000 x1.00          turn x1  |g|=     473 lim=  1500 x1.00  
    push_drawer x1  |g|=     372 lim=  1000 x1.00    slide_open x1  |g|=     321 lim=  1000 x1.00  
        release x1  |g|=     263 lim=   500 x1.00  
    reach           rew=   8.197  ph=0  success=9/20 (45%) streak=0  | Reach=45%/0.0324
    cube_stacking   rew= 105.692  ph=4  success=14/20 (70%) streak=0  | Reach=95%/0.0281  Descend=95%/0.0182  Grasp=95%/0.0129  Move=90%/0.0313  Release=100%/0.0478
    pick_and_place  rew=  99.031  ph=3  success=9/20 (45%) streak=0  | Reach=90%/0.0194  Descend=100%/0.0171  Grasp=100%/0.0135  Move=45%/0.0412
  ✓ drawer_open     rew= 132.219  ph=2  success=20/20 (100%) streak=8  | Reach=100%/0.0099  Grasp=100%/0.0067  Pull=100%/0.0004
  ✓ drawer_close    rew= 111.514  ph=2  success=18/20 (90%) streak=7  | Reach=55%/0.0341  Grasp=70%/0.0272  Push=90%/0.0041
    window_open     rew= 104.840  ph=2  success=17/20 (85%) streak=3  | Reach=70%/0.0336  Grasp=95%/0.0225  Slide=85%/0.0290
  ✓ window_close    rew= 122.815  ph=2  success=19/20 (95%) streak=4  | Reach=90%/0.0190  Grasp=100%/0.0084  Slide=95%/0.0103
    dial_turn       rew=  99.319  ph=3  success=0/20 (0%) streak=0  | Reach=100%/0.0118  Descend=90%/0.0243  Grasp=70%/0.0273  Turn=0%/0.8972
    door_open       rew= 153.498  ph=2  success=17/20 (85%) streak=1  | Reach=75%/0.0295  Grasp=90%/0.0213  Swing=85%/0.0724

Iter  615:  Σrew=923.552  grad=6837.9(max 8486 of 3)  [phase1=30.9s bptt=43.8s elapsed=37045s]
  heads (4/11 clipped)   trunk |g|=1895 lim=1500 x0.79
          reach x9  |g|=    5889 lim=  3000 x0.51         swing x1  |g|=    5662 lim=  2000 x0.35  
           move x2  |g|=    3035 lim=  1000 x0.33       descend x3  |g|=    1462 lim=  1500 x1.00  
    push_drawer x1  |g|=    1135 lim=  1000 x0.88         grasp x8  |g|=     651 lim=  1000 x1.00  
    pull_drawer x1  |g|=     497 lim=  1000 x1.00       release x1  |g|=     354 lim=   500 x1.00  
     slide_open x1  |g|=     259 lim=  1000 x1.00   slide_close x1  |g|=     232 lim=  1000 x1.00  
           turn x1  |g|=      44 lim=  1500 x1.00  
    reach           rew=   6.794  ph=0  success=9/20 (45%) streak=0  | Reach=45%/0.0334
    cube_stacking   rew= 121.297  ph=4  success=12/20 (60%) streak=0  | Reach=100%/0.0247  Descend=95%/0.0176  Grasp=90%/0.0162  Move=90%/0.0303  Release=100%/0.0588
    pick_and_place  rew= 100.166  ph=3  success=9/20 (45%) streak=0  | Reach=100%/0.0160  Descend=100%/0.0095  Grasp=100%/0.0043  Move=45%/0.0372
  ✓ drawer_open     rew= 138.593  ph=2  success=20/20 (100%) streak=9  | Reach=100%/0.0089  Grasp=100%/0.0042  Pull=100%/0.0028
  ✓ drawer_close    rew=  99.700  ph=2  success=20/20 (100%) streak=8  | Reach=35%/0.0409  Grasp=45%/0.0423  Push=100%/0.0007
  ✓ window_open     rew= 114.410  ph=2  success=19/20 (95%) streak=4  | Reach=70%/0.0412  Grasp=80%/0.0366  Slide=95%/0.0119
    window_close    rew= 110.008  ph=2  success=14/20 (70%) streak=0  | Reach=45%/0.0336  Grasp=70%/0.0293  Slide=70%/0.0608
    dial_turn       rew=  88.316  ph=3  success=0/20 (0%) streak=0  | Reach=100%/0.0115  Descend=100%/0.0058  Grasp=100%/0.0052  Turn=0%/0.9466
    door_open       rew= 144.267  ph=2  success=15/20 (75%) streak=0  | Reach=70%/0.0423  Grasp=80%/0.0408  Swing=75%/0.1233

Iter  620:  Σrew=951.301  grad=5567.2(max 6181 of 3)  [phase1=20.7s bptt=43.7s elapsed=37379s]
  heads (7/11 clipped)   trunk |g|=1847 lim=1500 x0.81
          reach x9  |g|=    5738 lim=  3000 x0.52   pull_drawer x1  |g|=    3550 lim=  1000 x0.28  
           move x2  |g|=    2811 lim=  1000 x0.36         swing x1  |g|=    2486 lim=  2000 x0.80  
        descend x3  |g|=    1845 lim=  1500 x0.81         grasp x8  |g|=    1815 lim=  1000 x0.55  
    push_drawer x1  |g|=    1273 lim=  1000 x0.79   slide_close x1  |g|=     772 lim=  1000 x1.00  
        release x1  |g|=     303 lim=   500 x1.00    slide_open x1  |g|=     245 lim=  1000 x1.00  
           turn x1  |g|=     103 lim=  1500 x1.00  
    reach           rew=   4.033  ph=0  success=8/20 (40%) streak=0  | Reach=40%/0.0343
    cube_stacking   rew= 119.970  ph=4  success=18/20 (90%) streak=1  | Reach=100%/0.0220  Descend=100%/0.0097  Grasp=100%/0.0062  Move=100%/0.0148  Release=100%/0.0318
    pick_and_place  rew= 101.559  ph=3  success=8/20 (40%) streak=0  | Reach=100%/0.0157  Descend=100%/0.0078  Grasp=100%/0.0047  Move=40%/0.0363
  ✓ drawer_open     rew= 134.880  ph=2  success=20/20 (100%) streak=10  | Reach=100%/0.0097  Grasp=100%/0.0051  Pull=100%/0.0009
  ✓ drawer_close    rew= 120.001  ph=2  success=19/20 (95%) streak=9  | Reach=45%/0.0331  Grasp=50%/0.0371  Push=95%/0.0036
  ✓ window_open     rew= 117.931  ph=2  success=19/20 (95%) streak=5  | Reach=70%/0.0243  Grasp=95%/0.0117  Slide=95%/0.0100
    window_close    rew= 100.289  ph=2  success=17/20 (85%) streak=1  | Reach=90%/0.0199  Grasp=90%/0.0122  Slide=85%/0.0289
    dial_turn       rew=  88.586  ph=3  success=0/20 (0%) streak=0  | Reach=100%/0.0100  Descend=100%/0.0082  Grasp=100%/0.0086  Turn=0%/1.2779
    door_open       rew= 164.053  ph=2  success=15/20 (75%) streak=0  | Reach=80%/0.0386  Grasp=75%/0.0359  Swing=75%/0.1301

Iter  625:  Σrew=955.786  grad=4690.1(max 5651 of 3)  [phase1=21.1s bptt=43.8s elapsed=37723s]
  heads (6/11 clipped)   trunk |g|=1603 lim=1500 x0.94
          reach x9  |g|=    4320 lim=  3000 x0.69       descend x3  |g|=    2104 lim=  1500 x0.71  
           move x2  |g|=    2087 lim=  1000 x0.48   pull_drawer x1  |g|=    1511 lim=  1000 x0.66  
    push_drawer x1  |g|=    1302 lim=  1000 x0.77         grasp x8  |g|=    1301 lim=  1000 x0.77  
          swing x1  |g|=     985 lim=  2000 x1.00    slide_open x1  |g|=     391 lim=  1000 x1.00  
    slide_close x1  |g|=     175 lim=  1000 x1.00       release x1  |g|=      91 lim=   500 x1.00  
           turn x1  |g|=      59 lim=  1500 x1.00  
    reach           rew=   6.531  ph=0  success=11/20 (55%) streak=0  | Reach=55%/0.0305
    cube_stacking   rew= 120.869  ph=4  success=19/20 (95%) streak=2  | Reach=100%/0.0252  Descend=100%/0.0150  Grasp=100%/0.0086  Move=100%/0.0114  Release=100%/0.0229
    pick_and_place  rew= 103.949  ph=3  success=6/20 (30%) streak=0  | Reach=75%/0.0327  Descend=90%/0.0246  Grasp=90%/0.0227  Move=30%/0.0709
  ✓ drawer_open     rew= 131.094  ph=2  success=20/20 (100%) streak=11  | Reach=95%/0.0143  Grasp=95%/0.0145  Pull=100%/0.0015
  ✓ drawer_close    rew= 130.706  ph=2  success=20/20 (100%) streak=10  | Reach=70%/0.0300  Grasp=80%/0.0293  Push=100%/0.0005
  ✓ window_open     rew= 122.876  ph=2  success=17/20 (85%) streak=6  | Reach=65%/0.0317  Grasp=75%/0.0334  Slide=85%/0.0322
    window_close    rew= 101.161  ph=2  success=17/20 (85%) streak=2  | Reach=60%/0.0256  Grasp=80%/0.0235  Slide=85%/0.0222
    dial_turn       rew=  82.068  ph=3  success=0/20 (0%) streak=0  | Reach=100%/0.0163  Descend=85%/0.0253  Grasp=85%/0.0261  Turn=0%/1.3342
    door_open       rew= 156.532  ph=2  success=15/20 (75%) streak=0  | Reach=40%/0.0320  Grasp=40%/0.0392  Swing=75%/0.1476

Iter  630:  Σrew=953.037  grad=7617.9(max 9856 of 3)  [phase1=30.7s bptt=43.9s elapsed=38066s]
  heads (6/11 clipped)   trunk |g|=1965 lim=1500 x0.76
          reach x9  |g|=    9661 lim=  3000 x0.31          move x2  |g|=    5160 lim=  1000 x0.19  
          swing x1  |g|=    5031 lim=  2000 x0.40   pull_drawer x1  |g|=    2208 lim=  1000 x0.45  
        descend x3  |g|=    1655 lim=  1500 x0.91   push_drawer x1  |g|=    1301 lim=  1000 x0.77  
          grasp x8  |g|=     681 lim=  1000 x1.00    slide_open x1  |g|=     325 lim=  1000 x1.00  
        release x1  |g|=     208 lim=   500 x1.00   slide_close x1  |g|=     151 lim=  1000 x1.00  
           turn x1  |g|=      51 lim=  1500 x1.00  
    reach           rew=   6.006  ph=0  success=9/20 (45%) streak=0  | Reach=45%/0.0358
    cube_stacking   rew= 113.732  ph=4  success=14/20 (70%) streak=0  | Reach=95%/0.0266  Descend=100%/0.0128  Grasp=100%/0.0082  Move=95%/0.0257  Release=100%/0.0492
    pick_and_place  rew= 103.728  ph=3  success=6/20 (30%) streak=0  | Reach=80%/0.0274  Descend=85%/0.0232  Grasp=85%/0.0208  Move=30%/0.0656
  ✓ drawer_open     rew= 136.996  ph=2  success=17/20 (85%) streak=12  | Reach=100%/0.0134  Grasp=90%/0.0108  Pull=85%/0.0182
  ✓ drawer_close    rew= 111.541  ph=2  success=19/20 (95%) streak=11  | Reach=50%/0.0345  Grasp=55%/0.0360  Push=95%/0.0029
  ✓ window_open     rew= 115.999  ph=2  success=17/20 (85%) streak=7  | Reach=35%/0.0603  Grasp=55%/0.0663  Slide=85%/0.0181
    window_close    rew= 114.853  ph=2  success=16/20 (80%) streak=3  | Reach=90%/0.0191  Grasp=95%/0.0124  Slide=80%/0.0388
    dial_turn       rew=  83.210  ph=3  success=1/20 (5%) streak=0  | Reach=100%/0.0142  Descend=95%/0.0199  Grasp=100%/0.0178  Turn=5%/0.8170
    door_open       rew= 166.972  ph=2  success=17/20 (85%) streak=1  | Reach=60%/0.0348  Grasp=70%/0.0321  Swing=85%/0.1098

Iter  635:  Σrew=937.983  grad=9799.3(max 10887 of 3)  [phase1=21.2s bptt=43.8s elapsed=38399s]
  heads (4/11 clipped)   trunk |g|=2416 lim=1500 x0.62
          reach x9  |g|=    9944 lim=  3000 x0.30          move x2  |g|=    7716 lim=  1000 x0.13  
    pull_drawer x1  |g|=    3092 lim=  1000 x0.32       descend x3  |g|=    1899 lim=  1500 x0.79  
          swing x1  |g|=    1356 lim=  2000 x1.00         grasp x8  |g|=     883 lim=  1000 x1.00  
           turn x1  |g|=     677 lim=  1500 x1.00   push_drawer x1  |g|=     656 lim=  1000 x1.00  
     slide_open x1  |g|=     404 lim=  1000 x1.00       release x1  |g|=     216 lim=   500 x1.00  
    slide_close x1  |g|=     118 lim=  1000 x1.00  
    reach           rew=   9.173  ph=0  success=12/20 (60%) streak=0  | Reach=60%/0.0289
    cube_stacking   rew= 120.208  ph=4  success=17/20 (85%) streak=1  | Reach=95%/0.0258  Descend=95%/0.0145  Grasp=95%/0.0118  Move=95%/0.0168  Release=100%/0.0339
    pick_and_place  rew= 103.196  ph=3  success=11/20 (55%) streak=0  | Reach=95%/0.0254  Descend=90%/0.0157  Grasp=100%/0.0133  Move=55%/0.0352
  ✓ drawer_open     rew= 128.672  ph=2  success=19/20 (95%) streak=13  | Reach=100%/0.0172  Grasp=100%/0.0193  Pull=95%/0.0030
  ✓ drawer_close    rew= 120.667  ph=2  success=19/20 (95%) streak=12  | Reach=65%/0.0295  Grasp=65%/0.0345  Push=95%/0.0043
  ✓ window_open     rew= 114.259  ph=2  success=17/20 (85%) streak=8  | Reach=50%/0.0384  Grasp=80%/0.0337  Slide=85%/0.0228
  ✓ window_close    rew=  86.134  ph=2  success=19/20 (95%) streak=4  | Reach=55%/0.0253  Grasp=70%/0.0207  Slide=95%/0.0040
    dial_turn       rew=  93.297  ph=3  success=0/20 (0%) streak=0  | Reach=100%/0.0139  Descend=100%/0.0123  Grasp=100%/0.0141  Turn=0%/1.2437
    door_open       rew= 162.377  ph=2  success=17/20 (85%) streak=2  | Reach=55%/0.0381  Grasp=65%/0.0350  Swing=85%/0.0971

Iter  640:  Σrew=920.048  grad=8375.7(max 15220 of 3)  [phase1=21.1s bptt=43.8s elapsed=38743s]
  heads (6/11 clipped)   trunk |g|=2542 lim=1500 x0.59
          reach x9  |g|=   14479 lim=  3000 x0.21          move x2  |g|=    3835 lim=  1000 x0.26  
    pull_drawer x1  |g|=    2822 lim=  1000 x0.35       descend x3  |g|=    1996 lim=  1500 x0.75  
    push_drawer x1  |g|=    1208 lim=  1000 x0.83         grasp x8  |g|=    1156 lim=  1000 x0.86  
          swing x1  |g|=    1144 lim=  2000 x1.00   slide_close x1  |g|=     420 lim=  1000 x1.00  
        release x1  |g|=     255 lim=   500 x1.00    slide_open x1  |g|=     138 lim=  1000 x1.00  
           turn x1  |g|=      55 lim=  1500 x1.00  
    reach           rew=  10.513  ph=0  success=12/20 (60%) streak=0  | Reach=60%/0.0277
    cube_stacking   rew= 106.530  ph=4  success=13/20 (65%) streak=0  | Reach=80%/0.0414  Descend=90%/0.0260  Grasp=90%/0.0225  Move=90%/0.0382  Release=100%/0.0588
    pick_and_place  rew= 100.871  ph=3  success=14/20 (70%) streak=0  | Reach=100%/0.0227  Descend=100%/0.0128  Grasp=100%/0.0096  Move=70%/0.0269
    drawer_open     rew= 135.350  ph=2  success=15/20 (75%) streak=0  | Reach=95%/0.0166  Grasp=100%/0.0121  Pull=75%/0.0356
  ✓ drawer_close    rew= 128.994  ph=2  success=20/20 (100%) streak=13  | Reach=60%/0.0280  Grasp=75%/0.0213  Push=100%/0.0024
  ✓ window_open     rew= 105.804  ph=2  success=17/20 (85%) streak=9  | Reach=30%/0.0948  Grasp=45%/0.0992  Slide=85%/0.0324
  ✓ window_close    rew= 113.267  ph=2  success=17/20 (85%) streak=5  | Reach=80%/0.0206  Grasp=100%/0.0102  Slide=85%/0.0290
    dial_turn       rew=  78.747  ph=3  success=0/20 (0%) streak=0  | Reach=100%/0.0089  Descend=100%/0.0083  Grasp=100%/0.0063  Turn=0%/1.3125
    door_open       rew= 139.973  ph=2  success=14/20 (70%) streak=0  | Reach=60%/0.0339  Grasp=65%/0.0302  Swing=70%/0.1535

⚠ iter 642 chunk 1/3: non-finite grads — update skipped (1 in a row, 6 total). Weights and ObsRMS left untouched.

Iter  645:  Σrew=930.769  grad=5895.3(max 7921 of 3)  [phase1=20.9s bptt=43.7s elapsed=39086s]
  heads (5/11 clipped)   trunk |g|=2136 lim=1500 x0.70
          reach x9  |g|=    7677 lim=  3000 x0.39          move x2  |g|=    4977 lim=  1000 x0.20  
        descend x3  |g|=    1704 lim=  1500 x0.88   pull_drawer x1  |g|=    1249 lim=  1000 x0.80  
          grasp x8  |g|=    1173 lim=  1000 x0.85    slide_open x1  |g|=     527 lim=  1000 x1.00  
    slide_close x1  |g|=     505 lim=  1000 x1.00         swing x1  |g|=     408 lim=  2000 x1.00  
    push_drawer x1  |g|=     257 lim=  1000 x1.00          turn x1  |g|=     249 lim=  1500 x1.00  
        release x1  |g|=     208 lim=   500 x1.00  
    reach           rew=   6.750  ph=0  success=7/20 (35%) streak=0  | Reach=35%/0.0386
    cube_stacking   rew= 121.353  ph=4  success=18/20 (90%) streak=1  | Reach=100%/0.0241  Descend=100%/0.0089  Grasp=100%/0.0055  Move=100%/0.0166  Release=100%/0.0245
    pick_and_place  rew= 103.987  ph=3  success=11/20 (55%) streak=0  | Reach=95%/0.0168  Descend=100%/0.0098  Grasp=100%/0.0050  Move=55%/0.0322
    drawer_open     rew= 137.619  ph=2  success=19/20 (95%) streak=1  | Reach=100%/0.0075  Grasp=100%/0.0059  Pull=95%/0.0035
  ✓ drawer_close    rew= 110.474  ph=2  success=18/20 (90%) streak=14  | Reach=40%/0.0380  Grasp=45%/0.0401  Push=90%/0.0053
  ✓ window_open     rew= 118.396  ph=2  success=20/20 (100%) streak=10  | Reach=40%/0.0568  Grasp=55%/0.0667  Slide=100%/0.0024
    window_close    rew=  91.244  ph=2  success=14/20 (70%) streak=0  | Reach=65%/0.0267  Grasp=60%/0.0311  Slide=70%/0.0512
    dial_turn       rew=  87.561  ph=3  success=3/20 (15%) streak=0  | Reach=100%/0.0094  Descend=100%/0.0140  Grasp=100%/0.0152  Turn=15%/0.7571
    door_open       rew= 153.385  ph=2  success=16/20 (80%) streak=1  | Reach=75%/0.0373  Grasp=80%/0.0310  Swing=80%/0.0738

Iter  650:  Σrew=985.220  grad=6813.1(max 10315 of 3)  [phase1=20.7s bptt=43.8s elapsed=39420s]
  heads (3/11 clipped)   trunk |g|=1450 lim=1500 x1.00
          reach x9  |g|=   10028 lim=  3000 x0.30       descend x3  |g|=    2560 lim=  1500 x0.59  
    pull_drawer x1  |g|=    1409 lim=  1000 x0.71          move x2  |g|=     892 lim=  1000 x1.00  
    push_drawer x1  |g|=     881 lim=  1000 x1.00         swing x1  |g|=     784 lim=  2000 x1.00  
          grasp x8  |g|=     752 lim=  1000 x1.00   slide_close x1  |g|=     514 lim=  1000 x1.00  
     slide_open x1  |g|=     170 lim=  1000 x1.00          turn x1  |g|=     152 lim=  1500 x1.00  
        release x1  |g|=      82 lim=   500 x1.00  
    reach           rew=   9.090  ph=0  success=12/20 (60%) streak=0  | Reach=60%/0.0284
    cube_stacking   rew= 128.031  ph=4  success=18/20 (90%) streak=2  | Reach=100%/0.0230  Descend=100%/0.0091  Grasp=100%/0.0051  Move=100%/0.0085  Release=100%/0.0266
    pick_and_place  rew= 106.032  ph=3  success=10/20 (50%) streak=0  | Reach=100%/0.0131  Descend=100%/0.0089  Grasp=100%/0.0068  Move=50%/0.0325
    drawer_open     rew= 136.583  ph=2  success=20/20 (100%) streak=2  | Reach=100%/0.0124  Grasp=100%/0.0083  Pull=100%/0.0030
  ✓ drawer_close    rew= 116.710  ph=2  success=20/20 (100%) streak=15  | Reach=65%/0.0258  Grasp=70%/0.0239  Push=100%/0.0010
  ✓ window_open     rew= 113.848  ph=2  success=18/20 (90%) streak=11  | Reach=45%/0.0594  Grasp=70%/0.0486  Slide=90%/0.0194
    window_close    rew= 119.278  ph=2  success=19/20 (95%) streak=1  | Reach=80%/0.0254  Grasp=95%/0.0146  Slide=95%/0.0105
    dial_turn       rew=  81.976  ph=3  success=1/20 (5%) streak=0  | Reach=100%/0.0141  Descend=100%/0.0143  Grasp=95%/0.0163  Turn=5%/0.9306
    door_open       rew= 173.673  ph=2  success=18/20 (90%) streak=2  | Reach=80%/0.0249  Grasp=85%/0.0257  Swing=90%/0.0458
  ✓ saved vision_all_balance_{params,obs_rms,opt}.pkl + _{learning,gradients}.png at iter 650

Iter  655:  Σrew=947.487  grad=8435.2(max 9658 of 3)  [phase1=20.8s bptt=43.8s elapsed=39763s]
  heads (5/11 clipped)   trunk |g|=2589 lim=1500 x0.58
          reach x9  |g|=    9386 lim=  3000 x0.32          move x2  |g|=    6814 lim=  1000 x0.15  
        descend x3  |g|=    2648 lim=  1500 x0.57   pull_drawer x1  |g|=    1267 lim=  1000 x0.79  
          grasp x8  |g|=    1218 lim=  1000 x0.82   push_drawer x1  |g|=     907 lim=  1000 x1.00  
          swing x1  |g|=     649 lim=  2000 x1.00   slide_close x1  |g|=     532 lim=  1000 x1.00  
     slide_open x1  |g|=     394 lim=  1000 x1.00       release x1  |g|=     353 lim=   500 x1.00  
           turn x1  |g|=     126 lim=  1500 x1.00  
    reach           rew=  11.186  ph=0  success=17/20 (85%) streak=1  | Reach=85%/0.0231
    cube_stacking   rew= 118.175  ph=4  success=12/20 (60%) streak=0  | Reach=95%/0.0238  Descend=100%/0.0149  Grasp=100%/0.0091  Move=90%/0.0371  Release=100%/0.0628
    pick_and_place  rew= 105.186  ph=3  success=11/20 (55%) streak=0  | Reach=100%/0.0213  Descend=100%/0.0119  Grasp=100%/0.0064  Move=55%/0.0293
    drawer_open     rew= 138.484  ph=2  success=19/20 (95%) streak=3  | Reach=100%/0.0145  Grasp=100%/0.0070  Pull=95%/0.0104
  ✓ drawer_close    rew= 113.980  ph=2  success=19/20 (95%) streak=16  | Reach=50%/0.0310  Grasp=65%/0.0290  Push=95%/0.0021
  ✓ window_open     rew= 124.771  ph=2  success=20/20 (100%) streak=12  | Reach=35%/0.0729  Grasp=50%/0.0864  Slide=100%/0.0022
    window_close    rew=  95.206  ph=2  success=9/20 (45%) streak=0  | Reach=55%/0.0385  Grasp=45%/0.0407  Slide=45%/0.1054
    dial_turn       rew=  82.361  ph=3  success=2/20 (10%) streak=0  | Reach=100%/0.0101  Descend=100%/0.0107  Grasp=100%/0.0083  Turn=10%/1.0217
    door_open       rew= 158.136  ph=2  success=17/20 (85%) streak=3  | Reach=65%/0.0328  Grasp=55%/0.0320  Swing=85%/0.0856

Iter  660:  Σrew=905.279  grad=9216.2(max 14086 of 3)  [phase1=21.2s bptt=43.7s elapsed=40106s]
  heads (4/11 clipped)   trunk |g|=2812 lim=1500 x0.53
          reach x9  |g|=   13573 lim=  3000 x0.22          move x2  |g|=    3893 lim=  1000 x0.26  
        descend x3  |g|=    3604 lim=  1500 x0.42   pull_drawer x1  |g|=    2103 lim=  1000 x0.48  
          swing x1  |g|=    1424 lim=  2000 x1.00   push_drawer x1  |g|=     918 lim=  1000 x1.00  
          grasp x8  |g|=     906 lim=  1000 x1.00   slide_close x1  |g|=     423 lim=  1000 x1.00  
     slide_open x1  |g|=     253 lim=  1000 x1.00       release x1  |g|=     208 lim=   500 x1.00  
           turn x1  |g|=      50 lim=  1500 x1.00  
    reach           rew=   6.139  ph=0  success=6/20 (30%) streak=0  | Reach=30%/0.0372
    cube_stacking   rew= 115.406  ph=4  success=17/20 (85%) streak=1  | Reach=100%/0.0271  Descend=100%/0.0131  Grasp=95%/0.0095  Move=95%/0.0296  Release=100%/0.0409
    pick_and_place  rew= 103.244  ph=3  success=10/20 (50%) streak=0  | Reach=95%/0.0212  Descend=100%/0.0121  Grasp=100%/0.0073  Move=50%/0.0326
  ✓ drawer_open     rew= 134.627  ph=2  success=18/20 (90%) streak=4  | Reach=100%/0.0147  Grasp=100%/0.0163  Pull=90%/0.0115
  ✓ drawer_close    rew= 100.486  ph=2  success=20/20 (100%) streak=17  | Reach=55%/0.0371  Grasp=45%/0.0375  Push=100%/0.0005
  ✓ window_open     rew= 106.675  ph=2  success=17/20 (85%) streak=13  | Reach=25%/0.0362  Grasp=65%/0.0281  Slide=85%/0.0230
    window_close    rew=  99.655  ph=2  success=14/20 (70%) streak=0  | Reach=45%/0.0386  Grasp=55%/0.0387  Slide=70%/0.0508
    dial_turn       rew=  85.383  ph=3  success=0/20 (0%) streak=0  | Reach=100%/0.0109  Descend=100%/0.0090  Grasp=100%/0.0091  Turn=0%/1.2228
  ✓ door_open       rew= 153.665  ph=2  success=17/20 (85%) streak=4  | Reach=75%/0.0402  Grasp=80%/0.0394  Swing=85%/0.1040

⚠ iter 664 chunk 2/3: non-finite grads — update skipped (1 in a row, 7 total). Weights and ObsRMS left untouched.

Iter  665:  Σrew=890.011  grad=6125.9(max 6943 of 3)  [phase1=31.1s bptt=43.8s elapsed=40450s]
  heads (5/11 clipped)   trunk |g|=1790 lim=1500 x0.84
          reach x9  |g|=    5546 lim=  3000 x0.54          move x2  |g|=    4363 lim=  1000 x0.23  
        descend x3  |g|=    2004 lim=  1500 x0.75   pull_drawer x1  |g|=    1851 lim=  1000 x0.54  
    push_drawer x1  |g|=    1540 lim=  1000 x0.65         swing x1  |g|=    1221 lim=  2000 x1.00  
          grasp x8  |g|=     858 lim=  1000 x1.00       release x1  |g|=     352 lim=   500 x1.00  
     slide_open x1  |g|=     338 lim=  1000 x1.00   slide_close x1  |g|=     327 lim=  1000 x1.00  
           turn x1  |g|=      68 lim=  1500 x1.00  
    reach           rew=   5.624  ph=0  success=5/20 (25%) streak=0  | Reach=25%/0.0388
    cube_stacking   rew= 118.391  ph=4  success=11/20 (55%) streak=0  | Reach=100%/0.0244  Descend=90%/0.0159  Grasp=90%/0.0130  Move=90%/0.0327  Release=100%/0.0689
    pick_and_place  rew=  97.636  ph=3  success=7/20 (35%) streak=0  | Reach=90%/0.0242  Descend=95%/0.0140  Grasp=95%/0.0094  Move=35%/0.0476
  ✓ drawer_open     rew= 133.240  ph=2  success=20/20 (100%) streak=5  | Reach=100%/0.0162  Grasp=100%/0.0117  Pull=100%/0.0019
  ✓ drawer_close    rew= 132.814  ph=2  success=19/20 (95%) streak=18  | Reach=25%/0.0371  Grasp=40%/0.0359  Push=95%/0.0031
    window_open     rew= 112.085  ph=2  success=15/20 (75%) streak=0  | Reach=30%/0.0537  Grasp=25%/0.0493  Slide=75%/0.0341
    window_close    rew=  78.396  ph=2  success=14/20 (70%) streak=0  | Reach=30%/0.0537  Grasp=45%/0.0561  Slide=70%/0.0497
    dial_turn       rew=  84.751  ph=3  success=0/20 (0%) streak=0  | Reach=35%/0.0327  Descend=10%/0.0421  Grasp=5%/0.0479  Turn=0%/1.0832
    door_open       rew= 127.075  ph=2  success=14/20 (70%) streak=0  | Reach=30%/0.0647  Grasp=40%/0.0610  Swing=70%/0.1947

Iter  670:  Σrew=945.207  grad=4824.9(max 5512 of 3)  [phase1=20.8s bptt=43.8s elapsed=40784s]
  heads (5/11 clipped)   trunk |g|=1931 lim=1500 x0.78
          reach x9  |g|=    3871 lim=  3000 x0.77   pull_drawer x1  |g|=    2546 lim=  1000 x0.39  
           move x2  |g|=    2416 lim=  1000 x0.41       descend x3  |g|=    2228 lim=  1500 x0.67  
    push_drawer x1  |g|=    1774 lim=  1000 x0.56         swing x1  |g|=    1548 lim=  2000 x1.00  
          grasp x8  |g|=     512 lim=  1000 x1.00   slide_close x1  |g|=     322 lim=  1000 x1.00  
     slide_open x1  |g|=     272 lim=  1000 x1.00       release x1  |g|=     243 lim=   500 x1.00  
           turn x1  |g|=      41 lim=  1500 x1.00  
    reach           rew=  10.148  ph=0  success=11/20 (55%) streak=0  | Reach=55%/0.0300
    cube_stacking   rew= 118.443  ph=4  success=17/20 (85%) streak=1  | Reach=95%/0.0342  Descend=95%/0.0154  Grasp=95%/0.0103  Move=100%/0.0178  Release=100%/0.0383
    pick_and_place  rew= 105.119  ph=3  success=12/20 (60%) streak=0  | Reach=95%/0.0225  Descend=100%/0.0099  Grasp=100%/0.0075  Move=60%/0.0283
  ✓ drawer_open     rew= 136.888  ph=2  success=20/20 (100%) streak=6  | Reach=100%/0.0201  Grasp=100%/0.0169  Pull=100%/0.0027
  ✓ drawer_close    rew= 137.180  ph=2  success=17/20 (85%) streak=19  | Reach=65%/0.0272  Grasp=75%/0.0212  Push=85%/0.0064
    window_open     rew= 118.710  ph=2  success=18/20 (90%) streak=1  | Reach=60%/0.0260  Grasp=80%/0.0234  Slide=90%/0.0182
    window_close    rew= 116.693  ph=2  success=18/20 (90%) streak=1  | Reach=80%/0.0258  Grasp=95%/0.0138  Slide=90%/0.0141
    dial_turn       rew=  84.302  ph=3  success=0/20 (0%) streak=0  | Reach=100%/0.0187  Descend=100%/0.0169  Grasp=100%/0.0140  Turn=0%/1.2956
    door_open       rew= 117.724  ph=2  success=12/20 (60%) streak=0  | Reach=50%/0.0552  Grasp=30%/0.0561  Swing=60%/0.2449

Iter  675:  Σrew=938.892  grad=5260.2(max 7853 of 3)  [phase1=20.9s bptt=43.8s elapsed=41127s]
  heads (5/11 clipped)   trunk |g|=1703 lim=1500 x0.88
          reach x9  |g|=    6873 lim=  3000 x0.44          move x2  |g|=    3880 lim=  1000 x0.26  
    pull_drawer x1  |g|=    1603 lim=  1000 x0.62         swing x1  |g|=    1592 lim=  2000 x1.00  
        descend x3  |g|=    1552 lim=  1500 x0.97         grasp x8  |g|=    1095 lim=  1000 x0.91  
     slide_open x1  |g|=     849 lim=  1000 x1.00   push_drawer x1  |g|=     616 lim=  1000 x1.00  
    slide_close x1  |g|=     511 lim=  1000 x1.00       release x1  |g|=     271 lim=   500 x1.00  
           turn x1  |g|=      20 lim=  1500 x1.00  
    reach           rew=   9.248  ph=0  success=11/20 (55%) streak=0  | Reach=55%/0.0313
    cube_stacking   rew= 121.226  ph=4  success=13/20 (65%) streak=0  | Reach=100%/0.0223  Descend=100%/0.0085  Grasp=100%/0.0055  Move=100%/0.0133  Release=100%/0.0445
    pick_and_place  rew= 103.930  ph=3  success=3/20 (15%) streak=0  | Reach=100%/0.0163  Descend=100%/0.0089  Grasp=100%/0.0065  Move=15%/0.0476
  ✓ drawer_open     rew= 138.136  ph=2  success=19/20 (95%) streak=7  | Reach=100%/0.0117  Grasp=100%/0.0062  Pull=95%/0.0032
  ✓ drawer_close    rew= 104.255  ph=2  success=19/20 (95%) streak=20  | Reach=45%/0.0345  Grasp=50%/0.0356  Push=95%/0.0028
    window_open     rew= 114.001  ph=2  success=12/20 (60%) streak=0  | Reach=45%/0.0398  Grasp=65%/0.0385  Slide=60%/0.0491
    window_close    rew= 104.755  ph=2  success=17/20 (85%) streak=2  | Reach=70%/0.0297  Grasp=80%/0.0231  Slide=85%/0.0298
    dial_turn       rew=  80.883  ph=3  success=0/20 (0%) streak=0  | Reach=100%/0.0114  Descend=100%/0.0073  Grasp=100%/0.0101  Turn=0%/0.9864
    door_open       rew= 162.457  ph=2  success=16/20 (80%) streak=1  | Reach=70%/0.0345  Grasp=70%/0.0321  Swing=80%/0.1204

Iter  680:  Σrew=964.514  grad=7748.2(max 10536 of 3)  [phase1=20.9s bptt=43.8s elapsed=41470s]
  heads (4/11 clipped)   trunk |g|=2438 lim=1500 x0.62
          reach x9  |g|=   10162 lim=  3000 x0.30          move x2  |g|=    2516 lim=  1000 x0.40  
        descend x3  |g|=    1664 lim=  1500 x0.90   push_drawer x1  |g|=    1012 lim=  1000 x0.99  
    slide_close x1  |g|=     790 lim=  1000 x1.00         grasp x8  |g|=     682 lim=  1000 x1.00  
    pull_drawer x1  |g|=     553 lim=  1000 x1.00         swing x1  |g|=     432 lim=  2000 x1.00  
     slide_open x1  |g|=     412 lim=  1000 x1.00       release x1  |g|=     111 lim=   500 x1.00  
           turn x1  |g|=      81 lim=  1500 x1.00  
    reach           rew=   7.417  ph=0  success=9/20 (45%) streak=0  | Reach=45%/0.0306
    cube_stacking   rew= 125.642  ph=4  success=16/20 (80%) streak=1  | Reach=95%/0.0260  Descend=95%/0.0185  Grasp=95%/0.0167  Move=100%/0.0170  Release=100%/0.0390
    pick_and_place  rew= 103.799  ph=3  success=1/20 (5%) streak=0  | Reach=60%/0.0366  Descend=45%/0.0408  Grasp=30%/0.0457  Move=5%/0.1242
  ✓ drawer_open     rew= 133.322  ph=2  success=20/20 (100%) streak=8  | Reach=95%/0.0150  Grasp=95%/0.0109  Pull=100%/0.0027
    drawer_close    rew= 138.629  ph=2  success=15/20 (75%) streak=0  | Reach=30%/0.0422  Grasp=60%/0.0337  Push=75%/0.0144
    window_open     rew= 110.962  ph=2  success=18/20 (90%) streak=1  | Reach=60%/0.0367  Grasp=80%/0.0267  Slide=90%/0.0190
    window_close    rew= 123.560  ph=2  success=18/20 (90%) streak=3  | Reach=75%/0.0197  Grasp=95%/0.0133  Slide=90%/0.0196
    dial_turn       rew=  83.244  ph=3  success=0/20 (0%) streak=0  | Reach=85%/0.0243  Descend=70%/0.0277  Grasp=90%/0.0221  Turn=0%/1.1078
    door_open       rew= 137.940  ph=2  success=13/20 (65%) streak=0  | Reach=45%/0.0529  Grasp=55%/0.0529  Swing=65%/0.1799

Iter  685:  Σrew=941.307  grad=5993.9(max 7427 of 3)  [phase1=21.0s bptt=43.8s elapsed=41805s]
  heads (5/11 clipped)   trunk |g|=1578 lim=1500 x0.95
          reach x9  |g|=    5102 lim=  3000 x0.59          move x2  |g|=    4368 lim=  1000 x0.23  
    pull_drawer x1  |g|=    2711 lim=  1000 x0.37       descend x3  |g|=    2554 lim=  1500 x0.59  
    push_drawer x1  |g|=    1006 lim=  1000 x0.99         grasp x8  |g|=     853 lim=  1000 x1.00  
          swing x1  |g|=     386 lim=  2000 x1.00   slide_close x1  |g|=     305 lim=  1000 x1.00  
        release x1  |g|=     250 lim=   500 x1.00    slide_open x1  |g|=     152 lim=  1000 x1.00  
           turn x1  |g|=      42 lim=  1500 x1.00  
    reach           rew=   4.724  ph=0  success=9/20 (45%) streak=0  | Reach=45%/0.0367
    cube_stacking   rew= 117.231  ph=4  success=13/20 (65%) streak=0  | Reach=100%/0.0237  Descend=100%/0.0139  Grasp=100%/0.0117  Move=95%/0.0450  Release=100%/0.0560
    pick_and_place  rew= 104.389  ph=3  success=11/20 (55%) streak=0  | Reach=100%/0.0188  Descend=100%/0.0138  Grasp=100%/0.0122  Move=55%/0.0320
  ✓ drawer_open     rew= 132.410  ph=2  success=19/20 (95%) streak=9  | Reach=100%/0.0095  Grasp=100%/0.0063  Pull=95%/0.0097
    drawer_close    rew= 128.292  ph=2  success=19/20 (95%) streak=1  | Reach=75%/0.0267  Grasp=75%/0.0269  Push=95%/0.0035
    window_open     rew=  97.551  ph=2  success=19/20 (95%) streak=2  | Reach=50%/0.0554  Grasp=70%/0.0541  Slide=95%/0.0105
    window_close    rew=  92.898  ph=2  success=13/20 (65%) streak=0  | Reach=80%/0.0296  Grasp=90%/0.0258  Slide=65%/0.0673
    dial_turn       rew=  87.096  ph=3  success=0/20 (0%) streak=0  | Reach=100%/0.0087  Descend=100%/0.0111  Grasp=100%/0.0121  Turn=0%/0.7889
    door_open       rew= 176.717  ph=2  success=17/20 (85%) streak=1  | Reach=80%/0.0263  Grasp=80%/0.0212  Swing=85%/0.0815

Iter  690:  Σrew=964.912  grad=20755.4(max 47218 of 3)  [phase1=21.3s bptt=43.7s elapsed=42149s]
  heads (4/11 clipped)   trunk |g|=8409 lim=1500 x0.18
          reach x9  |g|=   46438 lim=  3000 x0.06          move x2  |g|=    4829 lim=  1000 x0.21  
        descend x3  |g|=    3328 lim=  1500 x0.45   pull_drawer x1  |g|=    2812 lim=  1000 x0.36  
          swing x1  |g|=    1181 lim=  2000 x1.00         grasp x8  |g|=     786 lim=  1000 x1.00  
           turn x1  |g|=     781 lim=  1500 x1.00   push_drawer x1  |g|=     629 lim=  1000 x1.00  
    slide_close x1  |g|=     393 lim=  1000 x1.00       release x1  |g|=     203 lim=   500 x1.00  
     slide_open x1  |g|=     180 lim=  1000 x1.00  
    reach           rew=   6.972  ph=0  success=8/20 (40%) streak=0  | Reach=40%/0.0335
    cube_stacking   rew= 114.125  ph=4  success=12/20 (60%) streak=0  | Reach=100%/0.0245  Descend=95%/0.0169  Grasp=100%/0.0120  Move=90%/0.0363  Release=100%/0.0696
    pick_and_place  rew= 108.843  ph=3  success=10/20 (50%) streak=0  | Reach=100%/0.0219  Descend=100%/0.0108  Grasp=100%/0.0075  Move=50%/0.0311
  ✓ drawer_open     rew= 138.148  ph=2  success=20/20 (100%) streak=10  | Reach=90%/0.0239  Grasp=100%/0.0228  Pull=100%/0.0001
    drawer_close    rew=  97.905  ph=2  success=20/20 (100%) streak=2  | Reach=40%/0.0385  Grasp=40%/0.0436  Push=100%/0.0011
    window_open     rew= 116.228  ph=2  success=16/20 (80%) streak=3  | Reach=60%/0.0659  Grasp=65%/0.0602  Slide=80%/0.0376
    window_close    rew= 117.423  ph=2  success=15/20 (75%) streak=0  | Reach=85%/0.0205  Grasp=95%/0.0118  Slide=75%/0.0483
    dial_turn       rew=  92.422  ph=3  success=5/20 (25%) streak=0  | Reach=100%/0.0142  Descend=95%/0.0110  Grasp=100%/0.0090  Turn=25%/0.5759
    door_open       rew= 172.846  ph=2  success=18/20 (90%) streak=2  | Reach=75%/0.0317  Grasp=85%/0.0255  Swing=90%/0.0400

Iter  695:  Σrew=940.148  grad=5539.6(max 6567 of 3)  [phase1=21.3s bptt=43.7s elapsed=42492s]
  heads (7/11 clipped)   trunk |g|=2354 lim=1500 x0.64
           move x2  |g|=    4198 lim=  1000 x0.24         reach x9  |g|=    4133 lim=  3000 x0.73  
    pull_drawer x1  |g|=    2281 lim=  1000 x0.44       descend x3  |g|=    1785 lim=  1500 x0.84  
           turn x1  |g|=    1673 lim=  1500 x0.90   push_drawer x1  |g|=    1358 lim=  1000 x0.74  
          swing x1  |g|=    1334 lim=  2000 x1.00         grasp x8  |g|=    1316 lim=  1000 x0.76  
     slide_open x1  |g|=     131 lim=  1000 x1.00   slide_close x1  |g|=     100 lim=  1000 x1.00  
        release x1  |g|=      91 lim=   500 x1.00  
    reach           rew=   9.195  ph=0  success=12/20 (60%) streak=0  | Reach=60%/0.0280
    cube_stacking   rew= 115.476  ph=4  success=15/20 (75%) streak=0  | Reach=95%/0.0246  Descend=100%/0.0136  Grasp=100%/0.0124  Move=100%/0.0185  Release=100%/0.0381
    pick_and_place  rew= 108.816  ph=3  success=16/20 (80%) streak=1  | Reach=100%/0.0172  Descend=100%/0.0112  Grasp=100%/0.0061  Move=80%/0.0216
  ✓ drawer_open     rew= 138.038  ph=2  success=20/20 (100%) streak=11  | Reach=100%/0.0078  Grasp=100%/0.0040  Pull=100%/0.0021
    drawer_close    rew= 130.734  ph=2  success=20/20 (100%) streak=3  | Reach=80%/0.0198  Grasp=80%/0.0174  Push=100%/0.0004
  ✓ window_open     rew= 105.303  ph=2  success=18/20 (90%) streak=4  | Reach=55%/0.0391  Grasp=75%/0.0331  Slide=90%/0.0170
    window_close    rew=  88.844  ph=2  success=13/20 (65%) streak=0  | Reach=65%/0.0437  Grasp=75%/0.0383  Slide=65%/0.0648
    dial_turn       rew= 104.360  ph=3  success=1/20 (5%) streak=0  | Reach=100%/0.0084  Descend=95%/0.0116  Grasp=95%/0.0127  Turn=5%/0.6880
    door_open       rew= 139.382  ph=2  success=14/20 (70%) streak=0  | Reach=75%/0.0455  Grasp=70%/0.0385  Swing=70%/0.1709

Iter  700:  Σrew=957.278  grad=5841.4(max 7704 of 3)  [phase1=30.9s bptt=43.8s elapsed=42835s]
  heads (7/11 clipped)   trunk |g|=2088 lim=1500 x0.72
          reach x9  |g|=    5598 lim=  3000 x0.54          move x2  |g|=    4015 lim=  1000 x0.25  
          swing x1  |g|=    2244 lim=  2000 x0.89       descend x3  |g|=    2003 lim=  1500 x0.75  
          grasp x8  |g|=    1845 lim=  1000 x0.54   push_drawer x1  |g|=    1653 lim=  1000 x0.60  
    pull_drawer x1  |g|=    1204 lim=  1000 x0.83       release x1  |g|=     270 lim=   500 x1.00  
     slide_open x1  |g|=     227 lim=  1000 x1.00   slide_close x1  |g|=     199 lim=  1000 x1.00  
           turn x1  |g|=      22 lim=  1500 x1.00  
    reach           rew=   7.279  ph=0  success=10/20 (50%) streak=0  | Reach=50%/0.0302
    cube_stacking   rew= 120.821  ph=4  success=10/20 (50%) streak=0  | Reach=100%/0.0232  Descend=100%/0.0085  Grasp=100%/0.0060  Move=100%/0.0164  Release=100%/0.0656
    pick_and_place  rew= 102.062  ph=3  success=10/20 (50%) streak=0  | Reach=95%/0.0189  Descend=100%/0.0091  Grasp=100%/0.0051  Move=50%/0.0362
  ✓ drawer_open     rew= 137.593  ph=2  success=20/20 (100%) streak=12  | Reach=50%/0.0298  Grasp=45%/0.0295  Pull=100%/0.0035
  ✓ drawer_close    rew= 129.965  ph=2  success=18/20 (90%) streak=4  | Reach=55%/0.0374  Grasp=60%/0.0383  Push=90%/0.0056
  ✓ window_open     rew= 119.532  ph=2  success=18/20 (90%) streak=5  | Reach=40%/0.0501  Grasp=70%/0.0376  Slide=90%/0.0142
    window_close    rew=  92.189  ph=2  success=14/20 (70%) streak=0  | Reach=70%/0.0259  Grasp=90%/0.0210  Slide=70%/0.0582
    dial_turn       rew=  76.332  ph=3  success=0/20 (0%) streak=0  | Reach=95%/0.0230  Descend=35%/0.0329  Grasp=10%/0.0351  Turn=0%/1.4886
    door_open       rew= 171.505  ph=2  success=18/20 (90%) streak=1  | Reach=65%/0.0352  Grasp=80%/0.0312  Swing=90%/0.0516
  ✓ saved vision_all_balance_{params,obs_rms,opt}.pkl + _{learning,gradients}.png at iter 700

Iter  705:  Σrew=951.139  grad=15463.8(max 30548 of 3)  [phase1=21.3s bptt=43.9s elapsed=43177s]
  heads (6/11 clipped)   trunk |g|=4987 lim=1500 x0.30
          reach x9  |g|=   30109 lim=  3000 x0.10       descend x3  |g|=    2878 lim=  1500 x0.52  
          swing x1  |g|=    2334 lim=  2000 x0.86          move x2  |g|=    2169 lim=  1000 x0.46  
    pull_drawer x1  |g|=    1234 lim=  1000 x0.81   push_drawer x1  |g|=    1050 lim=  1000 x0.95  
          grasp x8  |g|=     921 lim=  1000 x1.00    slide_open x1  |g|=     187 lim=  1000 x1.00  
        release x1  |g|=     160 lim=   500 x1.00   slide_close x1  |g|=     154 lim=  1000 x1.00  
           turn x1  |g|=      25 lim=  1500 x1.00  
    reach           rew=   6.080  ph=0  success=3/20 (15%) streak=0  | Reach=15%/0.0404
    cube_stacking   rew= 116.257  ph=4  success=15/20 (75%) streak=0  | Reach=95%/0.0262  Descend=100%/0.0117  Grasp=100%/0.0083  Move=95%/0.0191  Release=100%/0.0453
    pick_and_place  rew= 105.523  ph=3  success=12/20 (60%) streak=0  | Reach=90%/0.0260  Descend=100%/0.0115  Grasp=100%/0.0091  Move=60%/0.0272
  ✓ drawer_open     rew= 138.210  ph=2  success=20/20 (100%) streak=13  | Reach=100%/0.0084  Grasp=100%/0.0034  Pull=100%/0.0008
  ✓ drawer_close    rew= 120.742  ph=2  success=19/20 (95%) streak=5  | Reach=65%/0.0247  Grasp=65%/0.0293  Push=95%/0.0034
  ✓ window_open     rew= 118.104  ph=2  success=18/20 (90%) streak=6  | Reach=40%/0.0442  Grasp=55%/0.0416  Slide=90%/0.0158
    window_close    rew= 110.747  ph=2  success=17/20 (85%) streak=1  | Reach=55%/0.0285  Grasp=80%/0.0210  Slide=85%/0.0292
    dial_turn       rew=  72.808  ph=3  success=1/20 (5%) streak=0  | Reach=100%/0.0132  Descend=100%/0.0091  Grasp=100%/0.0060  Turn=5%/1.1616
    door_open       rew= 162.667  ph=2  success=14/20 (70%) streak=0  | Reach=35%/0.0472  Grasp=50%/0.0452  Swing=70%/0.0912

Iter  710:  Σrew=990.764  grad=8626.6(max 11302 of 3)  [phase1=21.3s bptt=43.7s elapsed=43520s]
  heads (5/11 clipped)   trunk |g|=2128 lim=1500 x0.70
          reach x9  |g|=   10618 lim=  3000 x0.28       descend x3  |g|=    3594 lim=  1500 x0.42  
    pull_drawer x1  |g|=    2736 lim=  1000 x0.37          move x2  |g|=    2521 lim=  1000 x0.40  
          swing x1  |g|=    1249 lim=  2000 x1.00         grasp x8  |g|=    1155 lim=  1000 x0.87  
    push_drawer x1  |g|=     830 lim=  1000 x1.00   slide_close x1  |g|=     537 lim=  1000 x1.00  
     slide_open x1  |g|=     164 lim=  1000 x1.00       release x1  |g|=      99 lim=   500 x1.00  
           turn x1  |g|=      31 lim=  1500 x1.00  
    reach           rew=   8.734  ph=0  success=11/20 (55%) streak=0  | Reach=55%/0.0332
    cube_stacking   rew= 126.066  ph=4  success=15/20 (75%) streak=0  | Reach=100%/0.0217  Descend=100%/0.0132  Grasp=95%/0.0099  Move=95%/0.0207  Release=100%/0.0449
    pick_and_place  rew= 105.928  ph=3  success=7/20 (35%) streak=0  | Reach=90%/0.0264  Descend=100%/0.0189  Grasp=95%/0.0177  Move=35%/0.0466
  ✓ drawer_open     rew= 135.524  ph=2  success=17/20 (85%) streak=14  | Reach=90%/0.0227  Grasp=100%/0.0206  Pull=85%/0.0118
  ✓ drawer_close    rew= 145.704  ph=2  success=18/20 (90%) streak=6  | Reach=95%/0.0129  Grasp=95%/0.0097  Push=90%/0.0058
    window_open     rew= 108.814  ph=2  success=15/20 (75%) streak=0  | Reach=55%/0.0390  Grasp=75%/0.0316  Slide=75%/0.0463
    window_close    rew= 113.291  ph=2  success=18/20 (90%) streak=2  | Reach=90%/0.0231  Grasp=95%/0.0142  Slide=90%/0.0173
    dial_turn       rew=  71.123  ph=3  success=0/20 (0%) streak=0  | Reach=95%/0.0210  Descend=40%/0.0304  Grasp=45%/0.0313  Turn=0%/1.2142
    door_open       rew= 175.581  ph=2  success=16/20 (80%) streak=1  | Reach=65%/0.0336  Grasp=65%/0.0336  Swing=80%/0.0695

Iter  715:  Σrew=995.009  grad=5245.1(max 6522 of 3)  [phase1=30.9s bptt=43.8s elapsed=43863s]
  heads (6/11 clipped)   trunk |g|=1931 lim=1500 x0.78
          reach x9  |g|=    5949 lim=  3000 x0.50       descend x3  |g|=    3181 lim=  1500 x0.47  
           move x2  |g|=    2358 lim=  1000 x0.42   pull_drawer x1  |g|=    1575 lim=  1000 x0.63  
          swing x1  |g|=    1470 lim=  2000 x1.00         grasp x8  |g|=    1353 lim=  1000 x0.74  
    push_drawer x1  |g|=    1177 lim=  1000 x0.85   slide_close x1  |g|=     998 lim=  1000 x1.00  
     slide_open x1  |g|=     167 lim=  1000 x1.00       release x1  |g|=      87 lim=   500 x1.00  
           turn x1  |g|=      21 lim=  1500 x1.00  
    reach           rew=   7.449  ph=0  success=8/20 (40%) streak=0  | Reach=40%/0.0340
    cube_stacking   rew= 127.514  ph=4  success=15/20 (75%) streak=0  | Reach=100%/0.0215  Descend=100%/0.0112  Grasp=100%/0.0065  Move=100%/0.0177  Release=100%/0.0388
    pick_and_place  rew= 106.232  ph=3  success=12/20 (60%) streak=0  | Reach=95%/0.0261  Descend=100%/0.0105  Grasp=100%/0.0071  Move=60%/0.0296
  ✓ drawer_open     rew= 131.201  ph=2  success=17/20 (85%) streak=15  | Reach=95%/0.0146  Grasp=100%/0.0071  Pull=85%/0.0251
  ✓ drawer_close    rew= 126.294  ph=2  success=20/20 (100%) streak=7  | Reach=80%/0.0227  Grasp=75%/0.0205  Push=100%/0.0003
    window_open     rew= 120.355  ph=2  success=18/20 (90%) streak=1  | Reach=80%/0.0247  Grasp=100%/0.0135  Slide=90%/0.0139
    window_close    rew= 112.413  ph=2  success=18/20 (90%) streak=3  | Reach=85%/0.0281  Grasp=90%/0.0180  Slide=90%/0.0198
    dial_turn       rew=  78.727  ph=3  success=0/20 (0%) streak=0  | Reach=100%/0.0116  Descend=95%/0.0096  Grasp=95%/0.0078  Turn=0%/1.4392
    door_open       rew= 184.825  ph=2  success=18/20 (90%) streak=2  | Reach=75%/0.0306  Grasp=75%/0.0232  Swing=90%/0.0664

Iter  720:  Σrew=941.596  grad=13321.2(max 26589 of 3)  [phase1=21.1s bptt=43.9s elapsed=44197s]
  heads (4/11 clipped)   trunk |g|=5222 lim=1500 x0.29
          reach x9  |g|=   25707 lim=  3000 x0.12       descend x3  |g|=    3045 lim=  1500 x0.49  
           move x2  |g|=    2387 lim=  1000 x0.42   pull_drawer x1  |g|=    1772 lim=  1000 x0.56  
          swing x1  |g|=    1130 lim=  2000 x1.00   push_drawer x1  |g|=     854 lim=  1000 x1.00  
          grasp x8  |g|=     628 lim=  1000 x1.00    slide_open x1  |g|=     364 lim=  1000 x1.00  
    slide_close x1  |g|=     314 lim=  1000 x1.00       release x1  |g|=     219 lim=   500 x1.00  
           turn x1  |g|=      11 lim=  1500 x1.00  
    reach           rew=   5.139  ph=0  success=3/20 (15%) streak=0  | Reach=15%/0.0403
    cube_stacking   rew= 127.185  ph=4  success=17/20 (85%) streak=1  | Reach=95%/0.0276  Descend=100%/0.0094  Grasp=100%/0.0047  Move=100%/0.0103  Release=100%/0.0305
    pick_and_place  rew= 104.247  ph=3  success=7/20 (35%) streak=0  | Reach=40%/0.0428  Descend=100%/0.0163  Grasp=95%/0.0109  Move=35%/0.0558
  ✓ drawer_open     rew= 139.371  ph=2  success=20/20 (100%) streak=16  | Reach=85%/0.0229  Grasp=95%/0.0181  Pull=100%/0.0009
  ✓ drawer_close    rew= 117.234  ph=2  success=20/20 (100%) streak=8  | Reach=60%/0.0293  Grasp=65%/0.0276  Push=100%/0.0008
    window_open     rew= 118.710  ph=2  success=10/20 (50%) streak=0  | Reach=25%/0.0675  Grasp=35%/0.0742  Slide=50%/0.0803
    window_close    rew= 110.944  ph=2  success=14/20 (70%) streak=0  | Reach=10%/0.0604  Grasp=20%/0.0588  Slide=70%/0.0490
    dial_turn       rew=  78.226  ph=3  success=0/20 (0%) streak=0  | Reach=100%/0.0140  Descend=100%/0.0060  Grasp=100%/0.0049  Turn=0%/1.3372
    door_open       rew= 140.541  ph=2  success=13/20 (65%) streak=0  | Reach=15%/0.0489  Grasp=25%/0.0452  Swing=65%/0.1200

Iter  725:  Σrew=919.244  grad=6554.6(max 8756 of 3)  [phase1=20.7s bptt=43.8s elapsed=44540s]
  heads (3/11 clipped)   trunk |g|=1449 lim=1500 x1.00
          reach x9  |g|=    8158 lim=  3000 x0.37          move x2  |g|=    2530 lim=  1000 x0.40  
        descend x3  |g|=    1470 lim=  1500 x1.00   pull_drawer x1  |g|=    1041 lim=  1000 x0.96  
    push_drawer x1  |g|=     983 lim=  1000 x1.00         grasp x8  |g|=     968 lim=  1000 x1.00  
          swing x1  |g|=     651 lim=  2000 x1.00   slide_close x1  |g|=     621 lim=  1000 x1.00  
     slide_open x1  |g|=     249 lim=  1000 x1.00       release x1  |g|=     106 lim=   500 x1.00  
           turn x1  |g|=       9 lim=  1500 x1.00  
    reach           rew=   6.967  ph=0  success=7/20 (35%) streak=0  | Reach=35%/0.0325
    cube_stacking   rew= 124.091  ph=4  success=15/20 (75%) streak=0  | Reach=95%/0.0273  Descend=95%/0.0160  Grasp=95%/0.0098  Move=100%/0.0221  Release=100%/0.0452
    pick_and_place  rew= 106.140  ph=3  success=10/20 (50%) streak=0  | Reach=90%/0.0294  Descend=100%/0.0154  Grasp=100%/0.0096  Move=50%/0.0364
  ✓ drawer_open     rew= 139.923  ph=2  success=20/20 (100%) streak=17  | Reach=100%/0.0150  Grasp=100%/0.0137  Pull=100%/0.0004
  ✓ drawer_close    rew= 112.542  ph=2  success=19/20 (95%) streak=9  | Reach=65%/0.0273  Grasp=55%/0.0331  Push=95%/0.0035
    window_open     rew= 106.819  ph=2  success=17/20 (85%) streak=1  | Reach=45%/0.0660  Grasp=55%/0.0730  Slide=85%/0.0287
    window_close    rew= 107.037  ph=2  success=13/20 (65%) streak=0  | Reach=55%/0.0448  Grasp=80%/0.0355  Slide=65%/0.0584
    dial_turn       rew=  77.776  ph=3  success=0/20 (0%) streak=0  | Reach=100%/0.0090  Descend=100%/0.0055  Grasp=100%/0.0063  Turn=0%/1.3196
    door_open       rew= 137.949  ph=2  success=14/20 (70%) streak=0  | Reach=75%/0.0434  Grasp=70%/0.0373  Swing=70%/0.1556

Iter  730:  Σrew=957.796  grad=6075.2(max 7526 of 3)  [phase1=30.6s bptt=43.8s elapsed=44883s]
  heads (4/11 clipped)   trunk |g|=1942 lim=1500 x0.77
          reach x9  |g|=    7095 lim=  3000 x0.42          move x2  |g|=    4713 lim=  1000 x0.21  
        descend x3  |g|=    2188 lim=  1500 x0.69   pull_drawer x1  |g|=    1354 lim=  1000 x0.74  
     slide_open x1  |g|=     937 lim=  1000 x1.00         swing x1  |g|=     773 lim=  2000 x1.00  
    push_drawer x1  |g|=     756 lim=  1000 x1.00         grasp x8  |g|=     717 lim=  1000 x1.00  
    slide_close x1  |g|=     497 lim=  1000 x1.00       release x1  |g|=     174 lim=   500 x1.00  
           turn x1  |g|=      12 lim=  1500 x1.00  
    reach           rew=   8.810  ph=0  success=13/20 (65%) streak=0  | Reach=65%/0.0280
    cube_stacking   rew= 122.446  ph=4  success=15/20 (75%) streak=0  | Reach=100%/0.0256  Descend=95%/0.0153  Grasp=95%/0.0132  Move=95%/0.0272  Release=100%/0.0470
    pick_and_place  rew= 102.102  ph=3  success=12/20 (60%) streak=0  | Reach=75%/0.0316  Descend=90%/0.0178  Grasp=100%/0.0183  Move=60%/0.0515
  ✓ drawer_open     rew= 132.122  ph=2  success=19/20 (95%) streak=18  | Reach=95%/0.0194  Grasp=95%/0.0140  Pull=95%/0.0090
  ✓ drawer_close    rew= 134.991  ph=2  success=16/20 (80%) streak=10  | Reach=50%/0.0413  Grasp=60%/0.0386  Push=80%/0.0132
    window_open     rew= 127.202  ph=2  success=18/20 (90%) streak=2  | Reach=45%/0.0477  Grasp=70%/0.0380  Slide=90%/0.0190
    window_close    rew= 121.202  ph=2  success=20/20 (100%) streak=1  | Reach=30%/0.0546  Grasp=45%/0.0661  Slide=100%/0.0021
    dial_turn       rew=  84.604  ph=3  success=0/20 (0%) streak=0  | Reach=100%/0.0141  Descend=100%/0.0134  Grasp=100%/0.0120  Turn=0%/1.4058
    door_open       rew= 124.317  ph=2  success=12/20 (60%) streak=0  | Reach=40%/0.0605  Grasp=50%/0.0524  Swing=60%/0.1943

Iter  735:  Σrew=898.085  grad=4509.9(max 6013 of 3)  [phase1=21.1s bptt=43.7s elapsed=45216s]
  heads (3/11 clipped)   trunk |g|=1297 lim=1500 x1.00
          reach x9  |g|=    5810 lim=  3000 x0.52          move x2  |g|=    2952 lim=  1000 x0.34  
        descend x3  |g|=    2393 lim=  1500 x0.63         grasp x8  |g|=     634 lim=  1000 x1.00  
    pull_drawer x1  |g|=     629 lim=  1000 x1.00         swing x1  |g|=     568 lim=  2000 x1.00  
    push_drawer x1  |g|=     523 lim=  1000 x1.00    slide_open x1  |g|=     276 lim=  1000 x1.00  
    slide_close x1  |g|=     167 lim=  1000 x1.00       release x1  |g|=     111 lim=   500 x1.00  
           turn x1  |g|=      15 lim=  1500 x1.00  
    reach           rew=   4.639  ph=0  success=4/20 (20%) streak=0  | Reach=20%/0.0437
    cube_stacking   rew= 117.469  ph=4  success=16/20 (80%) streak=1  | Reach=95%/0.0277  Descend=95%/0.0156  Grasp=95%/0.0124  Move=95%/0.0169  Release=100%/0.0307
    pick_and_place  rew= 106.492  ph=3  success=9/20 (45%) streak=0  | Reach=100%/0.0168  Descend=100%/0.0080  Grasp=100%/0.0041  Move=45%/0.0386
  ✓ drawer_open     rew= 140.679  ph=2  success=20/20 (100%) streak=19  | Reach=100%/0.0092  Grasp=100%/0.0039  Pull=100%/0.0009
  ✓ drawer_close    rew= 111.162  ph=2  success=16/20 (80%) streak=11  | Reach=15%/0.0541  Grasp=30%/0.0526  Push=80%/0.0136
    window_open     rew= 102.731  ph=2  success=15/20 (75%) streak=0  | Reach=70%/0.0425  Grasp=80%/0.0429  Slide=75%/0.0407
    window_close    rew=  96.113  ph=2  success=14/20 (70%) streak=0  | Reach=75%/0.0231  Grasp=85%/0.0225  Slide=70%/0.0543
    dial_turn       rew=  82.080  ph=3  success=0/20 (0%) streak=0  | Reach=100%/0.0077  Descend=100%/0.0059  Grasp=100%/0.0044  Turn=0%/1.2729
    door_open       rew= 136.721  ph=2  success=14/20 (70%) streak=0  | Reach=50%/0.0499  Grasp=55%/0.0527  Swing=70%/0.1451

Iter  740:  Σrew=957.913  grad=6095.9(max 7237 of 3)  [phase1=20.6s bptt=43.8s elapsed=45558s]
  heads (3/11 clipped)   trunk |g|=1771 lim=1500 x0.85
          reach x9  |g|=    6780 lim=  3000 x0.44          move x2  |g|=    4762 lim=  1000 x0.21  
        descend x3  |g|=    2650 lim=  1500 x0.57         swing x1  |g|=    1088 lim=  2000 x1.00  
    push_drawer x1  |g|=     691 lim=  1000 x1.00         grasp x8  |g|=     544 lim=  1000 x1.00  
    pull_drawer x1  |g|=     540 lim=  1000 x1.00   slide_close x1  |g|=     518 lim=  1000 x1.00  
     slide_open x1  |g|=     289 lim=  1000 x1.00       release x1  |g|=     101 lim=   500 x1.00  
           turn x1  |g|=       6 lim=  1500 x1.00  
    reach           rew=   8.692  ph=0  success=9/20 (45%) streak=0  | Reach=45%/0.0335
    cube_stacking   rew= 124.312  ph=4  success=15/20 (75%) streak=0  | Reach=100%/0.0195  Descend=100%/0.0105  Grasp=100%/0.0060  Move=100%/0.0161  Release=100%/0.0346
    pick_and_place  rew= 105.600  ph=3  success=11/20 (55%) streak=0  | Reach=100%/0.0159  Descend=100%/0.0103  Grasp=95%/0.0081  Move=55%/0.0395
  ✓ drawer_open     rew= 133.679  ph=2  success=19/20 (95%) streak=20  | Reach=100%/0.0078  Grasp=100%/0.0058  Pull=95%/0.0085
  ✓ drawer_close    rew= 118.329  ph=2  success=19/20 (95%) streak=12  | Reach=60%/0.0292  Grasp=70%/0.0263  Push=95%/0.0022
    window_open     rew= 113.147  ph=2  success=18/20 (90%) streak=1  | Reach=75%/0.0417  Grasp=85%/0.0367  Slide=90%/0.0183
    window_close    rew= 125.936  ph=2  success=18/20 (90%) streak=1  | Reach=90%/0.0188  Grasp=100%/0.0097  Slide=90%/0.0176
    dial_turn       rew=  84.772  ph=3  success=0/20 (0%) streak=0  | Reach=100%/0.0079  Descend=100%/0.0067  Grasp=100%/0.0047  Turn=0%/1.2085
    door_open       rew= 143.446  ph=2  success=16/20 (80%) streak=1  | Reach=55%/0.0469  Grasp=55%/0.0395  Swing=80%/0.1228

Iter  745:  Σrew=978.995  grad=4593.4(max 5930 of 3)  [phase1=30.7s bptt=43.8s elapsed=45901s]
  heads (5/11 clipped)   trunk |g|=1631 lim=1500 x0.92
          reach x9  |g|=    4577 lim=  3000 x0.66   pull_drawer x1  |g|=    2374 lim=  1000 x0.42  
           move x2  |g|=    2200 lim=  1000 x0.45       descend x3  |g|=    2161 lim=  1500 x0.69  
          swing x1  |g|=    1285 lim=  2000 x1.00         grasp x8  |g|=    1115 lim=  1000 x0.90  
    slide_close x1  |g|=     635 lim=  1000 x1.00   push_drawer x1  |g|=     464 lim=  1000 x1.00  
     slide_open x1  |g|=     386 lim=  1000 x1.00       release x1  |g|=     240 lim=   500 x1.00  
           turn x1  |g|=       8 lim=  1500 x1.00  
    reach           rew=   5.333  ph=0  success=11/20 (55%) streak=0  | Reach=55%/0.0304
    cube_stacking   rew= 119.873  ph=4  success=11/20 (55%) streak=0  | Reach=95%/0.0253  Descend=95%/0.0123  Grasp=100%/0.0069  Move=95%/0.0289  Release=100%/0.0407
    pick_and_place  rew= 106.618  ph=3  success=13/20 (65%) streak=0  | Reach=95%/0.0179  Descend=100%/0.0094  Grasp=100%/0.0036  Move=65%/0.0277
  ✓ drawer_open     rew= 136.169  ph=2  success=20/20 (100%) streak=21  | Reach=100%/0.0086  Grasp=100%/0.0083  Pull=100%/0.0005
  ✓ drawer_close    rew= 115.314  ph=2  success=19/20 (95%) streak=13  | Reach=55%/0.0299  Grasp=55%/0.0340  Push=95%/0.0027
    window_open     rew= 112.901  ph=2  success=18/20 (90%) streak=2  | Reach=70%/0.0412  Grasp=50%/0.0409  Slide=90%/0.0195
    window_close    rew= 124.842  ph=2  success=14/20 (70%) streak=0  | Reach=85%/0.0207  Grasp=85%/0.0150  Slide=70%/0.0418
    dial_turn       rew=  79.308  ph=3  success=0/20 (0%) streak=0  | Reach=100%/0.0074  Descend=100%/0.0085  Grasp=100%/0.0086  Turn=0%/1.1649
    door_open       rew= 178.637  ph=2  success=18/20 (90%) streak=2  | Reach=75%/0.0302  Grasp=75%/0.0299  Swing=90%/0.0189

Iter  750:  Σrew=961.042  grad=8113.3(max 12356 of 3)  [phase1=20.8s bptt=43.6s elapsed=46236s]
  heads (4/11 clipped)   trunk |g|=2628 lim=1500 x0.57
          reach x9  |g|=   11916 lim=  3000 x0.25          move x2  |g|=    3640 lim=  1000 x0.27  
          swing x1  |g|=    1841 lim=  2000 x1.00       descend x3  |g|=    1819 lim=  1500 x0.82  
    pull_drawer x1  |g|=    1357 lim=  1000 x0.74         grasp x8  |g|=     648 lim=  1000 x1.00  
    push_drawer x1  |g|=     370 lim=  1000 x1.00    slide_open x1  |g|=     322 lim=  1000 x1.00  
    slide_close x1  |g|=     201 lim=  1000 x1.00       release x1  |g|=     194 lim=   500 x1.00  
           turn x1  |g|=      15 lim=  1500 x1.00  
    reach           rew=   8.938  ph=0  success=11/20 (55%) streak=0  | Reach=55%/0.0341
    cube_stacking   rew= 119.301  ph=4  success=11/20 (55%) streak=0  | Reach=90%/0.0398  Descend=75%/0.0296  Grasp=60%/0.0304  Move=80%/0.0632  Release=100%/0.0873
    pick_and_place  rew= 105.646  ph=3  success=10/20 (50%) streak=0  | Reach=90%/0.0305  Descend=90%/0.0183  Grasp=95%/0.0122  Move=50%/0.0509
  ✓ drawer_open     rew= 135.268  ph=2  success=20/20 (100%) streak=22  | Reach=100%/0.0206  Grasp=100%/0.0201  Pull=100%/0.0013
  ✓ drawer_close    rew= 101.999  ph=2  success=18/20 (90%) streak=14  | Reach=50%/0.0329  Grasp=55%/0.0370  Push=90%/0.0041
    window_open     rew= 122.531  ph=2  success=19/20 (95%) streak=3  | Reach=50%/0.0556  Grasp=70%/0.0538  Slide=95%/0.0099
    window_close    rew= 117.206  ph=2  success=9/20 (45%) streak=0  | Reach=50%/0.0342  Grasp=55%/0.0311  Slide=45%/0.1058
    dial_turn       rew=  85.361  ph=3  success=1/20 (5%) streak=0  | Reach=100%/0.0174  Descend=100%/0.0172  Grasp=100%/0.0145  Turn=5%/0.9906
    door_open       rew= 164.793  ph=2  success=17/20 (85%) streak=3  | Reach=75%/0.0355  Grasp=70%/0.0403  Swing=85%/0.0437
  ✓ saved vision_all_balance_{params,obs_rms,opt}.pkl + _{learning,gradients}.png at iter 750

Iter  755:  Σrew=943.190  grad=6363.1(max 8145 of 3)  [phase1=21.1s bptt=43.9s elapsed=46581s]
  heads (3/11 clipped)   trunk |g|=1641 lim=1500 x0.91
          reach x9  |g|=    7813 lim=  3000 x0.38          move x2  |g|=    3739 lim=  1000 x0.27  
        descend x3  |g|=    1451 lim=  1500 x1.00         swing x1  |g|=    1105 lim=  2000 x1.00  
    push_drawer x1  |g|=    1078 lim=  1000 x0.93   pull_drawer x1  |g|=     816 lim=  1000 x1.00  
          grasp x8  |g|=     633 lim=  1000 x1.00   slide_close x1  |g|=     531 lim=  1000 x1.00  
     slide_open x1  |g|=     275 lim=  1000 x1.00       release x1  |g|=     193 lim=   500 x1.00  
           turn x1  |g|=      20 lim=  1500 x1.00  
    reach           rew=   5.176  ph=0  success=7/20 (35%) streak=0  | Reach=35%/0.0403
    cube_stacking   rew= 120.083  ph=4  success=17/20 (85%) streak=1  | Reach=95%/0.0270  Descend=100%/0.0104  Grasp=100%/0.0064  Move=100%/0.0123  Release=100%/0.0220
    pick_and_place  rew= 105.783  ph=3  success=16/20 (80%) streak=1  | Reach=90%/0.0259  Descend=100%/0.0120  Grasp=100%/0.0084  Move=80%/0.0255
  ✓ drawer_open     rew= 140.690  ph=2  success=20/20 (100%) streak=23  | Reach=100%/0.0116  Grasp=100%/0.0062  Pull=100%/0.0018
  ✓ drawer_close    rew=  99.595  ph=2  success=19/20 (95%) streak=15  | Reach=55%/0.0357  Grasp=50%/0.0339  Push=95%/0.0030
  ✓ window_open     rew= 111.517  ph=2  success=18/20 (90%) streak=4  | Reach=55%/0.0463  Grasp=75%/0.0426  Slide=90%/0.0139
    window_close    rew= 116.230  ph=2  success=14/20 (70%) streak=0  | Reach=80%/0.0242  Grasp=90%/0.0134  Slide=70%/0.0507
    dial_turn       rew=  84.172  ph=3  success=0/20 (0%) streak=0  | Reach=100%/0.0085  Descend=100%/0.0106  Grasp=100%/0.0105  Turn=0%/1.4000
    door_open       rew= 159.943  ph=2  success=15/20 (75%) streak=0  | Reach=45%/0.0597  Grasp=60%/0.0515  Swing=75%/0.1233

Iter  760:  Σrew=885.773  grad=4158.1(max 4488 of 3)  [phase1=20.8s bptt=43.7s elapsed=46923s]
  heads (5/11 clipped)   trunk |g|=1133 lim=1500 x1.00
          reach x9  |g|=    3556 lim=  3000 x0.84   pull_drawer x1  |g|=    3108 lim=  1000 x0.32  
          swing x1  |g|=    2567 lim=  2000 x0.78       descend x3  |g|=    2274 lim=  1500 x0.66  
           move x2  |g|=    1915 lim=  1000 x0.52   slide_close x1  |g|=     870 lim=  1000 x1.00  
          grasp x8  |g|=     527 lim=  1000 x1.00    slide_open x1  |g|=     381 lim=  1000 x1.00  
    push_drawer x1  |g|=     333 lim=  1000 x1.00       release x1  |g|=      90 lim=   500 x1.00  
           turn x1  |g|=      13 lim=  1500 x1.00  
    reach           rew=  10.269  ph=0  success=14/20 (70%) streak=0  | Reach=70%/0.0270
    cube_stacking   rew= 124.079  ph=4  success=13/20 (65%) streak=0  | Reach=95%/0.0240  Descend=95%/0.0118  Grasp=95%/0.0068  Move=100%/0.0116  Release=100%/0.0520
    pick_and_place  rew= 106.964  ph=3  success=11/20 (55%) streak=0  | Reach=95%/0.0221  Descend=95%/0.0124  Grasp=90%/0.0120  Move=55%/0.0420
  ✓ drawer_open     rew= 140.153  ph=2  success=20/20 (100%) streak=24  | Reach=100%/0.0137  Grasp=100%/0.0044  Pull=100%/0.0015
  ✓ drawer_close    rew=  81.814  ph=2  success=20/20 (100%) streak=16  | Reach=25%/0.0485  Grasp=25%/0.0480  Push=100%/0.0008
    window_open     rew=  79.254  ph=2  success=12/20 (60%) streak=0  | Reach=45%/0.0701  Grasp=70%/0.0656  Slide=60%/0.0690
    window_close    rew= 114.226  ph=2  success=18/20 (90%) streak=1  | Reach=85%/0.0250  Grasp=85%/0.0276  Slide=90%/0.0191
    dial_turn       rew=  84.839  ph=3  success=0/20 (0%) streak=0  | Reach=100%/0.0111  Descend=100%/0.0062  Grasp=100%/0.0059  Turn=0%/1.3918
    door_open       rew= 144.176  ph=2  success=16/20 (80%) streak=1  | Reach=60%/0.0493  Grasp=65%/0.0466  Swing=80%/0.0956

⚠ iter 764 chunk 3/3: non-finite grads — update skipped (1 in a row, 8 total). Weights and ObsRMS left untouched.

Iter  765:  Σrew=982.454  grad=5572.1(max 6196 of 3)  [phase1=30.6s bptt=43.7s elapsed=47267s]
  heads (5/11 clipped)   trunk |g|=1496 lim=1500 x1.00
          reach x9  |g|=    5515 lim=  3000 x0.54       descend x3  |g|=    4930 lim=  1500 x0.30  
           move x2  |g|=    2450 lim=  1000 x0.41   pull_drawer x1  |g|=    1389 lim=  1000 x0.72  
          grasp x8  |g|=    1007 lim=  1000 x0.99   slide_close x1  |g|=     788 lim=  1000 x1.00  
          swing x1  |g|=     592 lim=  2000 x1.00    slide_open x1  |g|=     422 lim=  1000 x1.00  
    push_drawer x1  |g|=     347 lim=  1000 x1.00       release x1  |g|=     240 lim=   500 x1.00  
           turn x1  |g|=       4 lim=  1500 x1.00  
    reach           rew=   4.883  ph=0  success=4/20 (20%) streak=0  | Reach=20%/0.0380
    cube_stacking   rew= 128.975  ph=4  success=19/20 (95%) streak=1  | Reach=100%/0.0204  Descend=100%/0.0078  Grasp=100%/0.0059  Move=100%/0.0114  Release=100%/0.0230
    pick_and_place  rew= 103.139  ph=3  success=9/20 (45%) streak=0  | Reach=80%/0.0246  Descend=100%/0.0117  Grasp=100%/0.0068  Move=45%/0.0333
  ✓ drawer_open     rew= 139.765  ph=2  success=19/20 (95%) streak=25  | Reach=100%/0.0169  Grasp=95%/0.0185  Pull=95%/0.0103
  ✓ drawer_close    rew= 115.116  ph=2  success=19/20 (95%) streak=17  | Reach=60%/0.0325  Grasp=60%/0.0359  Push=95%/0.0026
    window_open     rew= 134.044  ph=2  success=19/20 (95%) streak=1  | Reach=85%/0.0220  Grasp=95%/0.0101  Slide=95%/0.0095
    window_close    rew= 115.485  ph=2  success=19/20 (95%) streak=2  | Reach=85%/0.0178  Grasp=100%/0.0101  Slide=95%/0.0123
    dial_turn       rew=  77.906  ph=3  success=0/20 (0%) streak=0  | Reach=100%/0.0103  Descend=100%/0.0159  Grasp=100%/0.0179  Turn=0%/1.5135
    door_open       rew= 163.141  ph=2  success=16/20 (80%) streak=2  | Reach=75%/0.0362  Grasp=80%/0.0304  Swing=80%/0.1014

Iter  770:  Σrew=966.251  grad=5536.1(max 5818 of 3)  [phase1=21.4s bptt=43.7s elapsed=47601s]
  heads (5/11 clipped)   trunk |g|=1412 lim=1500 x1.00
          reach x9  |g|=    5248 lim=  3000 x0.57          move x2  |g|=    2350 lim=  1000 x0.43  
        descend x3  |g|=    2258 lim=  1500 x0.66         swing x1  |g|=    1497 lim=  2000 x1.00  
    pull_drawer x1  |g|=    1290 lim=  1000 x0.78   push_drawer x1  |g|=    1042 lim=  1000 x0.96  
          grasp x8  |g|=     889 lim=  1000 x1.00    slide_open x1  |g|=     532 lim=  1000 x1.00  
    slide_close x1  |g|=     332 lim=  1000 x1.00       release x1  |g|=     200 lim=   500 x1.00  
           turn x1  |g|=      10 lim=  1500 x1.00  
    reach           rew=   3.197  ph=0  success=5/20 (25%) streak=0  | Reach=25%/0.0377
    cube_stacking   rew= 120.963  ph=4  success=16/20 (80%) streak=2  | Reach=100%/0.0246  Descend=100%/0.0120  Grasp=100%/0.0089  Move=100%/0.0127  Release=100%/0.0353
    pick_and_place  rew= 105.303  ph=3  success=11/20 (55%) streak=0  | Reach=90%/0.0292  Descend=100%/0.0157  Grasp=100%/0.0130  Move=55%/0.0425
  ✓ drawer_open     rew= 135.643  ph=2  success=16/20 (80%) streak=26  | Reach=95%/0.0212  Grasp=95%/0.0197  Pull=80%/0.0254
    drawer_close    rew= 152.916  ph=2  success=12/20 (60%) streak=0  | Reach=25%/0.0495  Grasp=40%/0.0465  Push=60%/0.0290
    window_open     rew=  94.098  ph=2  success=16/20 (80%) streak=2  | Reach=50%/0.0543  Grasp=75%/0.0410  Slide=80%/0.0384
    window_close    rew= 111.355  ph=2  success=16/20 (80%) streak=3  | Reach=50%/0.0426  Grasp=60%/0.0489  Slide=80%/0.0312
    dial_turn       rew=  82.920  ph=3  success=0/20 (0%) streak=0  | Reach=100%/0.0117  Descend=100%/0.0127  Grasp=100%/0.0089  Turn=0%/1.2168
    door_open       rew= 159.857  ph=2  success=15/20 (75%) streak=0  | Reach=70%/0.0469  Grasp=70%/0.0464  Swing=75%/0.1659

Iter  775:  Σrew=954.464  grad=6467.2(max 12983 of 3)  [phase1=20.8s bptt=43.9s elapsed=47944s]
  heads (3/11 clipped)   trunk |g|=3104 lim=1500 x0.48
          reach x9  |g|=   12462 lim=  3000 x0.24       descend x3  |g|=    1905 lim=  1500 x0.79  
           move x2  |g|=    1586 lim=  1000 x0.63         swing x1  |g|=    1405 lim=  2000 x1.00  
          grasp x8  |g|=     817 lim=  1000 x1.00   push_drawer x1  |g|=     657 lim=  1000 x1.00  
    slide_close x1  |g|=     457 lim=  1000 x1.00    slide_open x1  |g|=     432 lim=  1000 x1.00  
    pull_drawer x1  |g|=     379 lim=  1000 x1.00       release x1  |g|=     146 lim=   500 x1.00  
           turn x1  |g|=      25 lim=  1500 x1.00  
    reach           rew=   7.434  ph=0  success=8/20 (40%) streak=0  | Reach=40%/0.0394
    cube_stacking   rew= 122.432  ph=4  success=8/20 (40%) streak=0  | Reach=100%/0.0233  Descend=100%/0.0128  Grasp=100%/0.0056  Move=100%/0.0241  Release=100%/0.0651
    pick_and_place  rew= 104.652  ph=3  success=10/20 (50%) streak=0  | Reach=100%/0.0244  Descend=100%/0.0116  Grasp=100%/0.0064  Move=50%/0.0331
  ✓ drawer_open     rew= 139.137  ph=2  success=18/20 (90%) streak=27  | Reach=100%/0.0160  Grasp=100%/0.0105  Pull=90%/0.0110
    drawer_close    rew= 106.150  ph=2  success=20/20 (100%) streak=1  | Reach=60%/0.0336  Grasp=65%/0.0291  Push=100%/0.0005
    window_open     rew= 101.047  ph=2  success=16/20 (80%) streak=3  | Reach=60%/0.0610  Grasp=70%/0.0601  Slide=80%/0.0384
  ✓ window_close    rew= 123.242  ph=2  success=18/20 (90%) streak=4  | Reach=90%/0.0246  Grasp=95%/0.0169  Slide=90%/0.0195
    dial_turn       rew=  85.129  ph=3  success=1/20 (5%) streak=0  | Reach=100%/0.0113  Descend=100%/0.0071  Grasp=100%/0.0056  Turn=5%/1.1817
    door_open       rew= 165.241  ph=2  success=15/20 (75%) streak=0  | Reach=70%/0.0395  Grasp=75%/0.0362  Swing=75%/0.1215

Iter  780:  Σrew=979.850  grad=7839.5(max 12024 of 3)  [phase1=20.7s bptt=43.8s elapsed=48288s]
  heads (6/11 clipped)   trunk |g|=2803 lim=1500 x0.54
          reach x9  |g|=   11576 lim=  3000 x0.26          move x2  |g|=    2622 lim=  1000 x0.38  
    pull_drawer x1  |g|=    2123 lim=  1000 x0.47       descend x3  |g|=    2030 lim=  1500 x0.74  
          grasp x8  |g|=    1692 lim=  1000 x0.59         swing x1  |g|=    1583 lim=  2000 x1.00  
    push_drawer x1  |g|=    1203 lim=  1000 x0.83   slide_close x1  |g|=     416 lim=  1000 x1.00  
        release x1  |g|=     203 lim=   500 x1.00    slide_open x1  |g|=     153 lim=  1000 x1.00  
           turn x1  |g|=      35 lim=  1500 x1.00  
    reach           rew=   3.330  ph=0  success=11/20 (55%) streak=0  | Reach=55%/0.0327
    cube_stacking   rew= 122.907  ph=4  success=7/20 (35%) streak=0  | Reach=100%/0.0271  Descend=100%/0.0179  Grasp=90%/0.0248  Move=70%/0.0696  Release=100%/0.1002
    pick_and_place  rew= 108.585  ph=3  success=13/20 (65%) streak=0  | Reach=100%/0.0170  Descend=100%/0.0111  Grasp=100%/0.0095  Move=65%/0.0265
    drawer_open     rew= 138.529  ph=2  success=12/20 (60%) streak=0  | Reach=75%/0.0230  Grasp=100%/0.0137  Pull=60%/0.0561
    drawer_close    rew= 133.766  ph=2  success=20/20 (100%) streak=2  | Reach=85%/0.0218  Grasp=85%/0.0167  Push=100%/0.0007
    window_open     rew=  85.684  ph=2  success=13/20 (65%) streak=0  | Reach=65%/0.0708  Grasp=70%/0.0670  Slide=65%/0.0619
  ✓ window_close    rew= 116.943  ph=2  success=18/20 (90%) streak=5  | Reach=90%/0.0197  Grasp=90%/0.0163  Slide=90%/0.0198
    dial_turn       rew=  83.205  ph=3  success=0/20 (0%) streak=0  | Reach=100%/0.0180  Descend=90%/0.0250  Grasp=90%/0.0263  Turn=0%/1.2611
    door_open       rew= 186.903  ph=2  success=20/20 (100%) streak=1  | Reach=70%/0.0280  Grasp=75%/0.0199  Swing=100%/0.0006

Iter  785:  Σrew=935.343  grad=6978.5(max 9690 of 3)  [phase1=20.4s bptt=43.7s elapsed=48621s]
  heads (4/11 clipped)   trunk |g|=1815 lim=1500 x0.83
          reach x9  |g|=    9486 lim=  3000 x0.32          move x2  |g|=    3959 lim=  1000 x0.25  
        descend x3  |g|=    2728 lim=  1500 x0.55   pull_drawer x1  |g|=    2429 lim=  1000 x0.41  
          grasp x8  |g|=     908 lim=  1000 x1.00         swing x1  |g|=     733 lim=  2000 x1.00  
    push_drawer x1  |g|=     378 lim=  1000 x1.00       release x1  |g|=     294 lim=   500 x1.00  
    slide_close x1  |g|=     255 lim=  1000 x1.00    slide_open x1  |g|=     172 lim=  1000 x1.00  
           turn x1  |g|=      32 lim=  1500 x1.00  
    reach           rew=   8.888  ph=0  success=11/20 (55%) streak=0  | Reach=55%/0.0333
    cube_stacking   rew= 127.979  ph=4  success=7/20 (35%) streak=0  | Reach=100%/0.0257  Descend=100%/0.0209  Grasp=90%/0.0226  Move=80%/0.0708  Release=100%/0.1072
    pick_and_place  rew= 110.355  ph=3  success=15/20 (75%) streak=0  | Reach=100%/0.0185  Descend=100%/0.0130  Grasp=100%/0.0110  Move=75%/0.0234
    drawer_open     rew= 139.852  ph=2  success=20/20 (100%) streak=1  | Reach=100%/0.0133  Grasp=100%/0.0082  Pull=100%/0.0013
    drawer_close    rew=  80.743  ph=2  success=19/20 (95%) streak=3  | Reach=30%/0.0421  Grasp=35%/0.0451  Push=95%/0.0046
    window_open     rew= 111.830  ph=2  success=17/20 (85%) streak=1  | Reach=55%/0.0460  Grasp=80%/0.0354  Slide=85%/0.0258
  ✓ window_close    rew= 107.928  ph=2  success=16/20 (80%) streak=6  | Reach=90%/0.0254  Grasp=95%/0.0161  Slide=80%/0.0363
    dial_turn       rew=  87.385  ph=3  success=0/20 (0%) streak=0  | Reach=100%/0.0088  Descend=100%/0.0110  Grasp=100%/0.0123  Turn=0%/1.3495
    door_open       rew= 160.382  ph=2  success=16/20 (80%) streak=2  | Reach=80%/0.0423  Grasp=80%/0.0335  Swing=80%/0.1222


⚠ Interrupted at iter 787 — saving before exit...

Training stopped: interrupted (Ctrl+C) after 787 iters, 48764.4s this run  (8 non-finite iterations skipped)
  ✓ saved vision_all_balance_{params,obs_rms,opt}.pkl + _{learning,gradients}.png at iter 787 (final)

######################################################################
# run started 2026-09-21 20:01:41
# train_primitives_vision.py --tasks reach,cube_stacking,pick_and_place,drawer_open,drawer_close,window_open,window_close,dial_turn,door_open --grad-groups 9 --task-minibatch 3 --out-prefix vision_all_balance --balance-tasks 0.99 --resume vision_all_balance
######################################################################
======================================================================
JOINT VISION-PRIMITIVE TRAINING — robosuite
  Tasks: reach, cube_stacking, pick_and_place, drawer_open, drawer_close, window_open, window_close, dial_turn, door_open
  Batch: {'reach': 20, 'cube_stacking': 20, 'pick_and_place': 20, 'drawer_open': 20, 'drawer_close': 20, 'window_open': 20, 'window_close': 20, 'dial_turn': 20, 'door_open': 20}
  Proprio dim: 31 (shared trunk)
  Viewer: off  (multi-task run)
  Saving to vision_all_balance_*  every 50 iters
======================================================================

[1] DINOv3 backbone (shared)...
  DINOv3: 64x64 → 4x4 patches, dim=768

[2] Shared primitive policy...

  Primitive Policy:
    Projection: 768 → 128 (1 camera) → spatial softmax → 256
    Trunk: 287 → 256 → 256 (shared)
    Heads (14), 2 hidden layer(s), width by usage:
      reach          256 → 224 → 224 → 8    109,768 params
      descend        256 → 112 → 112 → 8     42,344 params
      grasp          256 → 192 → 192 → 8     87,944 params
      move           256 → 96 → 96 → 8     34,760 params
      release        256 → 80 → 80 → 8     27,688 params
      align          256 → 32 → 32 → 8      9,544 params
      insert         256 → 32 → 32 → 8      9,544 params
      pull_drawer    256 → 32 → 32 → 8      9,544 params
      push_drawer    256 → 32 → 32 → 8      9,544 params
      push_object    256 → 32 → 32 → 8      9,544 params
      slide_open     256 → 32 → 32 → 8      9,544 params
      slide_close    256 → 32 → 32 → 8      9,544 params
      turn           256 → 32 → 32 → 8      9,544 params
      swing          256 → 32 → 32 → 8      9,544 params
    Shared: 239,038   Heads: 388,400   Total trainable: 627,438

######################################################################
# run started 2026-09-21 20:03:34
# train_primitives_vision.py --tasks reach,cube_stacking,pick_and_place,drawer_open,drawer_close,window_open,window_close,dial_turn,door_open --grad-groups 9 --task-minibatch 3 --out-prefix vision_all_balance --balance-tasks 0.99 --resume vision_all_balance
######################################################################
======================================================================
JOINT VISION-PRIMITIVE TRAINING — robosuite
  Tasks: reach, cube_stacking, pick_and_place, drawer_open, drawer_close, window_open, window_close, dial_turn, door_open
  Batch: {'reach': 20, 'cube_stacking': 20, 'pick_and_place': 20, 'drawer_open': 20, 'drawer_close': 20, 'window_open': 20, 'window_close': 20, 'dial_turn': 20, 'door_open': 20}
  Proprio dim: 31 (shared trunk)
  Viewer: off  (multi-task run)
  Saving to vision_all_balance_*  every 50 iters
======================================================================

[1] DINOv3 backbone (shared)...
  DINOv3: 64x64 → 4x4 patches, dim=768

[2] Shared primitive policy...

  Primitive Policy:
    Projection: 768 → 256 (1 camera) → spatial softmax → 512
    Trunk: 543 → 384 → 384 (shared)
    Heads (14), 2 hidden layer(s), width by usage:
      reach          384 → 224 → 224 → 8    138,440 params
      descend        384 → 112 → 112 → 8     56,680 params
      grasp          384 → 192 → 192 → 8    112,520 params
      move           384 → 96 → 96 → 8     47,048 params
      release        384 → 80 → 80 → 8     37,928 params
      align          384 → 64 → 64 → 8     29,320 params
      insert         384 → 64 → 64 → 8     29,320 params
      pull_drawer    384 → 64 → 64 → 8     29,320 params
      push_drawer    384 → 64 → 64 → 8     29,320 params
      push_object    384 → 64 → 64 → 8     29,320 params
      slide_open     384 → 64 → 64 → 8     29,320 params
      slide_close    384 → 64 → 64 → 8     29,320 params
      turn           384 → 64 → 64 → 8     29,320 params
      swing          384 → 64 → 64 → 8     29,320 params
    Shared: 555,710   Heads: 656,496   Total trainable: 1,212,206
  resumed weights from vision_all_balance_params.pkl

[3] Building task 'reach' (reach env) ...

[1] Loading MuJoCo model: /home/emre/newton_diff_RL/MJX_Franka_DiffSim/assets/robosuite_reach.xml
  ee_site: 3
  hand_body: 13
  mocap_idx: 2
  nq=9, nu=9, nsite=9
  Steps: 35, Chunks: 7, Chunk size: 5
  Feature slots: 8, frame_dt: 0.0400s

[2] Creating MJWarp GPU renderer...
Warp 1.16.0 initialized:
   CUDA Toolkit 12.9, Driver 13.0
   Devices:
     "cpu"      : "x86_64"
     "cuda:0"   : "NVIDIA GeForce RTX 5060 Laptop GPU" (8 GiB, sm_120, mempool enabled)
   Kernel cache:
     /home/emre/.cache/warp/1.16.0
Module mujoco.mjx.third_party.mujoco_warp._src.render_util 97c6606 load on device 'cuda:0' took 5.17 ms  (cached)
Module mujoco.mjx.third_party.mujoco_warp._src.io 89aaeca load on device 'cuda:0' took 5.08 ms  (cached)
Module mujoco.mjx.third_party.mujoco_warp._src.bvh f2c5137 load on device 'cuda:0' took 1.23 ms  (cached)
  Camera: robot0_eye_in_hand → cam_id: 5
  Render context: nworld=20, 64x64
Module mujoco.mjx.warp.ffi 7a22eb4 load on device 'cuda:0' took 4.33 ms  (cached)
Module mujoco.mjx.third_party.mujoco_warp._src.smooth 47158eb load on device 'cuda:0' took 8.75 ms  (cached)
Module _nxn_broadphase__locals__kernel_3e896ca5 3e896ca load on device 'cuda:0' took 3.90 ms  (cached)
Module ccd_kernel_builder__locals__ccd_kernel_ef3754c3 ef3754c load on device 'cuda:0' took 1.72 ms  (cached)
Module ccd_kernel_builder__locals__ccd_kernel_ef3754c3 231e976 load on device 'cuda:0' took 59.80 ms  (cached)
Module _primitive_narrowphase__locals__primitive_narrowphase_caf42918 caf4291 load on device 'cuda:0' took 4.25 ms  (cached)
Module mujoco.mjx.third_party.mujoco_warp._src.constraint 36c8060 load on device 'cuda:0' took 0.41 ms  (cached)
Module _friction_dof__locals__kernel_a6ed3529 a6ed352 load on device 'cuda:0' took 2.49 ms  (cached)
Module _limit_slide_hinge__locals__kernel_56cb53b3 56cb53b load on device 'cuda:0' took 3.62 ms  (cached)
Module _efc_contact_init__locals__kernel_0bd15084 0bd1508 load on device 'cuda:0' took 0.56 ms  (cached)
Module _efc_contact_jac_dense__locals__kernel_f15eda8d 1ff2125 load on device 'cuda:0' took 0.83 ms  (cached)
Module _efc_contact_update__locals__kernel_8c34abe6 8c34abe load on device 'cuda:0' took 0.74 ms  (cached)
Module mujoco.mjx.third_party.mujoco_warp._src.forward 81c85c8 load on device 'cuda:0' took 2.29 ms  (cached)
Module mujoco.mjx.third_party.mujoco_warp._src.passive efc109c load on device 'cuda:0' took 1.29 ms  (cached)
Module mujoco.mjx.third_party.mujoco_warp._src.forward fc5c4e4 load on device 'cuda:0' took 1.39 ms  (cached)
Module _qfrc_smooth__locals__kernel_b98573a2 b98573a load on device 'cuda:0' took 0.54 ms  (cached)
Module mujoco.mjx.third_party.mujoco_warp._src.support ca784c5 load on device 'cuda:0' took 0.79 ms  (cached)
Module _tile_cholesky_factorize_solve_block__locals__kernel_8d2c83d3 bb4c15e load on device 'cuda:0' took 31.35 ms  (cached)
Module mujoco.mjx.third_party.mujoco_warp._src.solver 4a1f2fb load on device 'cuda:0' took 3.09 ms  (cached)
Module _solve_init_jaref_kernel__locals__kernel_4fe4ddfc 4fe4ddf load on device 'cuda:0' took 3.53 ms  (cached)
Module mul_m_kernel__locals___mul_m_dc7994af dc7994a load on device 'cuda:0' took 0.65 ms  (cached)
Module _update_constraint_efc__locals__kernel_34351367 3435136 load on device 'cuda:0' took 2.99 ms  (cached)
Module _update_constraint_init_qfrc_constraint_dense__locals__kernel_626172ab 626172a load on device 'cuda:0' took 0.63 ms  (cached)
Module _update_gradient_zero_grad_dot__locals__kernel_d22ec30a d22ec30 load on device 'cuda:0' took 0.55 ms  (cached)
Module _update_gradient_grad__locals__kernel_30531d0a 30531d0 load on device 'cuda:0' took 0.58 ms  (cached)
Module _update_gradient_JTDAJ_dense_tiled__locals__kernel_df0dabf3 cd45c83 load on device 'cuda:0' took 2.52 ms  (cached)
Module _update_gradient_cholesky__locals__kernel_77119fd2 2ba69e6 load on device 'cuda:0' took 35.46 ms  (cached)
Module _linesearch_iterative_kernel__locals__kernel_fd8c9e1b c7b3998 load on device 'cuda:0' took 0.74 ms  (cached)
Module _update_constraint_efc__locals__kernel_8791d97d 8791d97 load on device 'cuda:0' took 3.13 ms  (cached)
Module _update_constraint_init_qfrc_constraint_dense__locals__kernel_e7e36618 e7e3661 load on device 'cuda:0' took 2.05 ms  (cached)
Module _update_gradient_zero_grad_dot__locals__kernel_e3354673 e335467 load on device 'cuda:0' took 0.42 ms  (cached)
Module _update_gradient_grad__locals__kernel_f92b7b33 f92b7b3 load on device 'cuda:0' took 0.61 ms  (cached)
Module _update_gradient_cholesky__locals__kernel_7c0b1d43 9bc7802 load on device 'cuda:0' took 36.88 ms  (cached)
Module _solve_zero_search_dot__locals__kernel_a3b7406e a3b7406 load on device 'cuda:0' took 1.25 ms  (cached)
Module _solve_search_update__locals__kernel_f542f3c2 f542f3c load on device 'cuda:0' took 0.54 ms  (cached)
Module mujoco.mjx.third_party.mujoco_warp._src.sensor de892d8 load on device 'cuda:0' took 2.60 ms  (cached)
    segments [35] → primitives ['reach']

[3] Building task 'cube_stacking' (cube_stacking env) ...

[1] Loading MuJoCo model: /home/emre/newton_diff_RL/MJX_Franka_DiffSim/assets/robosuite_stack.xml
  ee_site: 3
  hand_body: 13
  cube1: 25
  cube2: 26
  left_finger: 16
  right_finger: 18
  nq=23, nu=9, nsite=10
  Steps: 100, Chunks: 20, Chunk size: 5
  Feature slots: 21, frame_dt: 0.0400s

[2] Creating MJWarp GPU renderer...
  Camera: robot0_eye_in_hand → cam_id: 5
  Render context: nworld=20, 64x64
Module _solve_init_jaref_kernel__locals__kernel_a190cee0 a190cee load on device 'cuda:0' took 43.34 ms  (cached)
Module _update_gradient_JTDAJ_dense_tiled__locals__kernel_0a788f5b 5791943 load on device 'cuda:0' took 1.69 ms  (cached)
Module _update_gradient_cholesky__locals__kernel_2c36253a e542b74 load on device 'cuda:0' took 31.65 ms  (cached)
Module _update_gradient_cholesky__locals__kernel_fbdf5714 76985a6 load on device 'cuda:0' took 52.25 ms  (cached)
    segments [25, 20, 10, 35, 10] → primitives ['reach', 'descend', 'grasp', 'move', 'release']

[3] Building task 'pick_and_place' (pick_place env) ...

[1] Loading MuJoCo model: /home/emre/newton_diff_RL/MJX_Franka_DiffSim/assets/robosuite_pick_place_push.xml
  ee_site: 3
  hand_body: 13
  cube1: 25
  mocap_idx: 2
  left_finger: 16
  right_finger: 18
  nq=16, nu=9, nsite=10
  Steps: 90, Chunks: 18, Chunk size: 5
  Feature slots: 19, frame_dt: 0.0400s

[2] Creating MJWarp GPU renderer...
  Camera: robot0_eye_in_hand → cam_id: 5
  Render context: nworld=20, 64x64
Module _solve_init_jaref_kernel__locals__kernel_dff68271 dff6827 load on device 'cuda:0' took 8.70 ms  (cached)
Module _update_gradient_JTDAJ_dense_tiled__locals__kernel_756199cb d3e7a83 load on device 'cuda:0' took 2.86 ms  (cached)
Module _update_gradient_cholesky__locals__kernel_345434dd ff9982d load on device 'cuda:0' took 45.21 ms  (cached)
Module _update_gradient_cholesky__locals__kernel_c56f6d92 34f3426 load on device 'cuda:0' took 103.98 ms  (cached)
    segments [25, 20, 10, 35] → primitives ['reach', 'descend', 'grasp', 'move']

[3] Building task 'drawer_open' (articulated env) ...

[1] Loading MuJoCo model: /home/emre/newton_diff_RL/MJX_Franka_DiffSim/assets/robosuite_drawer.xml
  ee_site: 3
  hand_body: 13
  handle_site: 8
  joint_qpos_idx: 9
  nq=10, nu=9, nsite=9
  Steps: 80, Chunks: 16, Chunk size: 5
  Feature slots: 17, frame_dt: 0.0400s

[2] Creating MJWarp GPU renderer...
  Camera: robot0_eye_in_hand → cam_id: 5
  Render context: nworld=20, 64x64
Module _primitive_narrowphase__locals__primitive_narrowphase_e206ee3b e206ee3 load on device 'cuda:0' took 52.31 ms  (cached)
Module _equality_weld__locals__kernel_6467ae94 6467ae9 load on device 'cuda:0' took 3.65 ms  (cached)
Module _solve_init_jaref_kernel__locals__kernel_2818534b 2818534 load on device 'cuda:0' took 2.21 ms  (cached)
Module _update_gradient_JTDAJ_dense_tiled__locals__kernel_688e8ced ac20d88 load on device 'cuda:0' took 5.72 ms  (cached)
Module _update_gradient_cholesky__locals__kernel_31aec00c a48e6c9 load on device 'cuda:0' took 44.86 ms  (cached)
Module _update_gradient_cholesky__locals__kernel_3d2c3cb7 3d6531e load on device 'cuda:0' took 43.92 ms  (cached)
    segments [35, 10, 35] → primitives ['reach', 'grasp', 'pull_drawer']

[3] Building task 'drawer_close' (articulated env) ...

[1] Loading MuJoCo model: /home/emre/newton_diff_RL/MJX_Franka_DiffSim/assets/robosuite_drawer.xml
  ee_site: 3
  hand_body: 13
  handle_site: 8
  joint_qpos_idx: 9
  nq=10, nu=9, nsite=9
  Steps: 80, Chunks: 16, Chunk size: 5
  Feature slots: 17, frame_dt: 0.0400s

[2] Creating MJWarp GPU renderer...
  Camera: robot0_eye_in_hand → cam_id: 5
  Render context: nworld=20, 64x64
    segments [35, 10, 35] → primitives ['reach', 'grasp', 'push_drawer']

[3] Building task 'window_open' (articulated env) ...

[1] Loading MuJoCo model: /home/emre/newton_diff_RL/MJX_Franka_DiffSim/assets/robosuite_window.xml
  ee_site: 3
  hand_body: 13
  handle_site: 8
  joint_qpos_idx: 9
  nq=10, nu=9, nsite=9
  Steps: 80, Chunks: 16, Chunk size: 5
  Feature slots: 17, frame_dt: 0.0400s

[2] Creating MJWarp GPU renderer...
  Camera: robot0_eye_in_hand → cam_id: 5
  Render context: nworld=20, 64x64
    segments [35, 10, 35] → primitives ['reach', 'grasp', 'slide_open']

[3] Building task 'window_close' (articulated env) ...

[1] Loading MuJoCo model: /home/emre/newton_diff_RL/MJX_Franka_DiffSim/assets/robosuite_window.xml
  ee_site: 3
  hand_body: 13
  handle_site: 8
  joint_qpos_idx: 9
  nq=10, nu=9, nsite=9
  Steps: 80, Chunks: 16, Chunk size: 5
  Feature slots: 17, frame_dt: 0.0400s

[2] Creating MJWarp GPU renderer...
  Camera: robot0_eye_in_hand → cam_id: 5
  Render context: nworld=20, 64x64
    segments [35, 10, 35] → primitives ['reach', 'grasp', 'slide_close']

[3] Building task 'dial_turn' (articulated env) ...

[1] Loading MuJoCo model: /home/emre/newton_diff_RL/MJX_Franka_DiffSim/assets/robosuite_dial.xml
  ee_site: 3
  hand_body: 13
  handle_site: 8
  joint_qpos_idx: 9
  nq=10, nu=9, nsite=9
  Steps: 115, Chunks: 23, Chunk size: 5
  Feature slots: 24, frame_dt: 0.0400s

[2] Creating MJWarp GPU renderer...
  Camera: robot0_eye_in_hand → cam_id: 5
  Render context: nworld=20, 64x64
    segments [35, 20, 10, 50] → primitives ['reach', 'descend', 'grasp', 'turn']

[3] Building task 'door_open' (articulated env) ...

[1] Loading MuJoCo model: /home/emre/newton_diff_RL/MJX_Franka_DiffSim/assets/robosuite_door.xml
  ee_site: 3
  hand_body: 13
  handle_site: 8
  joint_qpos_idx: 9
  nq=10, nu=9, nsite=9
  Steps: 110, Chunks: 22, Chunk size: 5
  Feature slots: 23, frame_dt: 0.0400s

[2] Creating MJWarp GPU renderer...
  Camera: robot0_eye_in_hand → cam_id: 5
  Render context: nworld=20, 64x64
    segments [35, 10, 65] → primitives ['reach', 'grasp', 'swing']

  Gradient accumulation over 9 groups (peak group = 2,300 env-steps, total = 15,400):
      2,300  dial_turn
      2,200  door_open
      2,000  cube_stacking
      1,800  pick_and_place
      1,600  drawer_open
      1,600  drawer_close
      1,600  window_open
      1,600  window_close
        700  reach
    grads are summed across groups, then clipped and stepped once — identical to one fused backward.

  Task balancing ON (beta=0.99, floor=0.001): each task's gradient is rescaled to the mean scale before summing, so a failing task is not drowned out by a solved one. Σrew in the log is no longer the objective.

  Task minibatching: ~3 tasks per update → 3 updates per iteration (sizes [3, 3, 3], reshuffled every iteration).
    Every task is still used exactly once per iteration; only the number of optimizer steps changes.
    LR compensation: ON — each update divided by the chunks that parameter appeared in, so per-iteration step size is unchanged.
  resumed ObsRMS (count=12085600)

  Active primitives: reach, descend, grasp, move, release, pull_drawer, push_drawer, slide_open, slide_close, turn, swing
  Head LR: 2.0e-04
  resumed curriculum: reach=ph0/act35  cube_stacking=ph4/act100  pick_and_place=ph3/act90  drawer_open=ph2/act80  drawer_close=ph2/act80  window_open=ph2/act80  window_close=ph2/act80  dial_turn=ph3/act115  door_open=ph2/act110

======================================================================
Training — stop when all 9 tasks hold ≥80% success for 4 consecutive logs
======================================================================
Module render__locals___render_megakernel_b55cbe04 a6579b0 load on device 'cuda:0' took 7.89 ms  (cached)
Module render__locals___render_megakernel_0c616e8d cf68ab5 load on device 'cuda:0' took 27.84 ms  (cached)

Iter  790:  Σrew=956.702  grad=4852.0(max 6259 of 3)  [phase1=29.4s bptt=44.7s elapsed=50759s]
  heads (5/11 clipped)   trunk |g|=1475 lim=1500 x1.00
          reach x9  |g|=    4807 lim=  3000 x0.62       descend x3  |g|=    3537 lim=  1500 x0.42  
           move x2  |g|=    2141 lim=  1000 x0.47   push_drawer x1  |g|=    1584 lim=  1000 x0.63  
    pull_drawer x1  |g|=    1521 lim=  1000 x0.66         swing x1  |g|=     965 lim=  2000 x1.00  
          grasp x8  |g|=     962 lim=  1000 x1.00   slide_close x1  |g|=     423 lim=  1000 x1.00  
           turn x1  |g|=     251 lim=  1500 x1.00    slide_open x1  |g|=     155 lim=  1000 x1.00  
        release x1  |g|=      68 lim=   500 x1.00  
    reach           rew=   7.681  ph=0  success=5/20 (25%) streak=0  | Reach=25%/0.0335
    cube_stacking   rew= 122.179  ph=4  success=13/20 (65%) streak=0  | Reach=100%/0.0205  Descend=100%/0.0090  Grasp=100%/0.0073  Move=100%/0.0176  Release=100%/0.0486
    pick_and_place  rew= 105.772  ph=3  success=6/20 (30%) streak=0  | Reach=90%/0.0240  Descend=100%/0.0072  Grasp=100%/0.0059  Move=30%/0.0402
    drawer_open     rew= 139.149  ph=2  success=20/20 (100%) streak=2  | Reach=100%/0.0079  Grasp=100%/0.0040  Pull=100%/0.0006
  ✓ drawer_close    rew= 105.304  ph=2  success=20/20 (100%) streak=4  | Reach=50%/0.0334  Grasp=55%/0.0341  Push=100%/0.0009
    window_open     rew=  88.696  ph=2  success=11/20 (55%) streak=0  | Reach=60%/0.0695  Grasp=70%/0.0664  Slide=55%/0.0806
  ✓ window_close    rew= 123.036  ph=2  success=19/20 (95%) streak=7  | Reach=100%/0.0127  Grasp=100%/0.0079  Slide=95%/0.0096
    dial_turn       rew=  87.314  ph=3  success=4/20 (20%) streak=0  | Reach=100%/0.0063  Descend=100%/0.0063  Grasp=100%/0.0061  Turn=20%/0.7459
    door_open       rew= 177.571  ph=2  success=17/20 (85%) streak=3  | Reach=55%/0.0436  Grasp=75%/0.0430  Swing=85%/0.0883

Iter  795:  Σrew=967.496  grad=6309.8(max 6875 of 3)  [phase1=22.0s bptt=43.8s elapsed=51517s]
  heads (4/11 clipped)   trunk |g|=1907 lim=1500 x0.79
          reach x9  |g|=    6361 lim=  3000 x0.47          move x2  |g|=    1732 lim=  1000 x0.58  
    push_drawer x1  |g|=    1421 lim=  1000 x0.70         swing x1  |g|=    1332 lim=  2000 x1.00  
    pull_drawer x1  |g|=    1196 lim=  1000 x0.84         grasp x8  |g|=     945 lim=  1000 x1.00  
        descend x3  |g|=     813 lim=  1500 x1.00    slide_open x1  |g|=     805 lim=  1000 x1.00  
    slide_close x1  |g|=     255 lim=  1000 x1.00       release x1  |g|=     167 lim=   500 x1.00  
           turn x1  |g|=     142 lim=  1500 x1.00  
    reach           rew=   8.055  ph=0  success=12/20 (60%) streak=0  | Reach=60%/0.0295
    cube_stacking   rew= 133.039  ph=4  success=14/20 (70%) streak=0  | Reach=100%/0.0202  Descend=100%/0.0139  Grasp=100%/0.0087  Move=100%/0.0089  Release=100%/0.0419
    pick_and_place  rew= 109.158  ph=3  success=11/20 (55%) streak=0  | Reach=100%/0.0173  Descend=100%/0.0105  Grasp=95%/0.0071  Move=55%/0.0380
    drawer_open     rew= 132.695  ph=2  success=18/20 (90%) streak=3  | Reach=100%/0.0119  Grasp=100%/0.0124  Pull=90%/0.0129
  ✓ drawer_close    rew= 134.306  ph=2  success=20/20 (100%) streak=5  | Reach=80%/0.0215  Grasp=85%/0.0220  Push=100%/0.0006
    window_open     rew=  92.550  ph=2  success=16/20 (80%) streak=1  | Reach=50%/0.0577  Grasp=65%/0.0561  Slide=80%/0.0369
  ✓ window_close    rew= 108.372  ph=2  success=17/20 (85%) streak=8  | Reach=85%/0.0180  Grasp=90%/0.0106  Slide=85%/0.0299
    dial_turn       rew=  86.812  ph=3  success=0/20 (0%) streak=0  | Reach=100%/0.0160  Descend=100%/0.0123  Grasp=100%/0.0113  Turn=0%/1.4317
  ✓ door_open       rew= 162.510  ph=2  success=16/20 (80%) streak=4  | Reach=70%/0.0318  Grasp=75%/0.0298  Swing=80%/0.1398

Iter  800:  Σrew=909.352  grad=3876.2(max 4574 of 3)  [phase1=22.2s bptt=44.5s elapsed=51872s]
  heads (4/11 clipped)   trunk |g|=1423 lim=1500 x1.00
          reach x9  |g|=    2834 lim=  3000 x1.00       descend x3  |g|=    2376 lim=  1500 x0.63  
           move x2  |g|=    2255 lim=  1000 x0.44   pull_drawer x1  |g|=    2103 lim=  1000 x0.48  
          swing x1  |g|=    1599 lim=  2000 x1.00         grasp x8  |g|=    1201 lim=  1000 x0.83  
    push_drawer x1  |g|=     977 lim=  1000 x1.00   slide_close x1  |g|=     661 lim=  1000 x1.00  
     slide_open x1  |g|=     402 lim=  1000 x1.00       release x1  |g|=      88 lim=   500 x1.00  
           turn x1  |g|=       4 lim=  1500 x1.00  
    reach           rew=   7.621  ph=0  success=9/20 (45%) streak=0  | Reach=45%/0.0344
    cube_stacking   rew= 124.504  ph=4  success=15/20 (75%) streak=0  | Reach=95%/0.0295  Descend=95%/0.0146  Grasp=95%/0.0106  Move=95%/0.0131  Release=100%/0.0393
    pick_and_place  rew= 109.032  ph=3  success=11/20 (55%) streak=0  | Reach=100%/0.0169  Descend=100%/0.0068  Grasp=100%/0.0042  Move=55%/0.0302
  ✓ drawer_open     rew= 138.149  ph=2  success=19/20 (95%) streak=4  | Reach=100%/0.0073  Grasp=100%/0.0051  Pull=95%/0.0020
    drawer_close    rew= 107.366  ph=2  success=14/20 (70%) streak=0  | Reach=10%/0.0563  Grasp=20%/0.0561  Push=70%/0.0203
    window_open     rew=  63.527  ph=2  success=9/20 (45%) streak=0  | Reach=25%/0.1190  Grasp=40%/0.1205  Slide=45%/0.1006
  ✓ window_close    rew= 125.609  ph=2  success=19/20 (95%) streak=9  | Reach=80%/0.0196  Grasp=95%/0.0165  Slide=95%/0.0110
    dial_turn       rew=  79.063  ph=3  success=0/20 (0%) streak=0  | Reach=100%/0.0079  Descend=100%/0.0044  Grasp=100%/0.0044  Turn=0%/1.3061
  ✓ door_open       rew= 154.481  ph=2  success=16/20 (80%) streak=5  | Reach=70%/0.0418  Grasp=70%/0.0329  Swing=80%/0.0907
  ✓ saved vision_all_balance_{params,obs_rms,opt}.pkl + _{learning,gradients}.png at iter 800

Iter  805:  Σrew=955.218  grad=4224.0(max 5278 of 3)  [phase1=22.1s bptt=43.9s elapsed=52223s]
  heads (5/11 clipped)   trunk |g|=1421 lim=1500 x1.00
          reach x9  |g|=    4542 lim=  3000 x0.66          move x2  |g|=    2295 lim=  1000 x0.44  
        descend x3  |g|=    2159 lim=  1500 x0.69         swing x1  |g|=    2129 lim=  2000 x0.94  
          grasp x8  |g|=    1090 lim=  1000 x0.92   pull_drawer x1  |g|=     786 lim=  1000 x1.00  
    slide_close x1  |g|=     555 lim=  1000 x1.00   push_drawer x1  |g|=     491 lim=  1000 x1.00  
        release x1  |g|=     236 lim=   500 x1.00    slide_open x1  |g|=     201 lim=  1000 x1.00  
           turn x1  |g|=      15 lim=  1500 x1.00  
    reach           rew=   7.559  ph=0  success=10/20 (50%) streak=0  | Reach=50%/0.0289
    cube_stacking   rew= 127.428  ph=4  success=17/20 (85%) streak=1  | Reach=100%/0.0190  Descend=100%/0.0150  Grasp=100%/0.0126  Move=100%/0.0166  Release=100%/0.0330
    pick_and_place  rew= 107.377  ph=3  success=12/20 (60%) streak=0  | Reach=100%/0.0182  Descend=100%/0.0103  Grasp=100%/0.0082  Move=60%/0.0301
    drawer_open     rew= 141.757  ph=2  success=12/20 (60%) streak=0  | Reach=100%/0.0185  Grasp=100%/0.0180  Pull=60%/0.0444
    drawer_close    rew=  76.755  ph=2  success=17/20 (85%) streak=1  | Reach=5%/0.0536  Grasp=5%/0.0651  Push=85%/0.0114
    window_open     rew= 112.838  ph=2  success=16/20 (80%) streak=1  | Reach=60%/0.0423  Grasp=90%/0.0282  Slide=80%/0.0321
  ✓ window_close    rew= 120.121  ph=2  success=17/20 (85%) streak=10  | Reach=95%/0.0154  Grasp=95%/0.0107  Slide=85%/0.0295
    dial_turn       rew=  84.653  ph=3  success=1/20 (5%) streak=0  | Reach=100%/0.0099  Descend=95%/0.0165  Grasp=95%/0.0137  Turn=5%/1.0780
  ✓ door_open       rew= 176.730  ph=2  success=19/20 (95%) streak=6  | Reach=80%/0.0355  Grasp=85%/0.0303  Swing=95%/0.0371

Iter  810:  Σrew=916.215  grad=3903.9(max 4609 of 3)  [phase1=21.1s bptt=43.9s elapsed=52574s]
  heads (3/11 clipped)   trunk |g|=1146 lim=1500 x1.00
          reach x9  |g|=    3252 lim=  3000 x0.92          move x2  |g|=    2981 lim=  1000 x0.34  
        descend x3  |g|=    1742 lim=  1500 x0.86   pull_drawer x1  |g|=     914 lim=  1000 x1.00  
          swing x1  |g|=     826 lim=  2000 x1.00   slide_close x1  |g|=     785 lim=  1000 x1.00  
          grasp x8  |g|=     701 lim=  1000 x1.00       release x1  |g|=     296 lim=   500 x1.00  
    push_drawer x1  |g|=     246 lim=  1000 x1.00    slide_open x1  |g|=     230 lim=  1000 x1.00  
           turn x1  |g|=       5 lim=  1500 x1.00  
    reach           rew=   9.048  ph=0  success=11/20 (55%) streak=0  | Reach=55%/0.0327
    cube_stacking   rew= 126.451  ph=4  success=13/20 (65%) streak=0  | Reach=95%/0.0241  Descend=100%/0.0097  Grasp=100%/0.0084  Move=100%/0.0197  Release=100%/0.0527
    pick_and_place  rew= 111.396  ph=3  success=11/20 (55%) streak=0  | Reach=100%/0.0183  Descend=100%/0.0144  Grasp=100%/0.0150  Move=55%/0.0349
    drawer_open     rew= 139.271  ph=2  success=15/20 (75%) streak=0  | Reach=100%/0.0136  Grasp=100%/0.0094  Pull=75%/0.0191
    drawer_close    rew=  92.072  ph=2  success=20/20 (100%) streak=2  | Reach=35%/0.0410  Grasp=35%/0.0475  Push=100%/0.0004
    window_open     rew= 100.111  ph=2  success=16/20 (80%) streak=2  | Reach=45%/0.0618  Grasp=65%/0.0529  Slide=80%/0.0370
    window_close    rew= 106.782  ph=2  success=13/20 (65%) streak=0  | Reach=75%/0.0243  Grasp=90%/0.0133  Slide=65%/0.0669
    dial_turn       rew=  80.001  ph=3  success=0/20 (0%) streak=0  | Reach=100%/0.0069  Descend=100%/0.0058  Grasp=100%/0.0060  Turn=0%/1.3004
  ✓ door_open       rew= 151.083  ph=2  success=16/20 (80%) streak=7  | Reach=70%/0.0497  Grasp=70%/0.0489  Swing=80%/0.1135

⚠ iter 814 chunk 3/3: non-finite grads — update skipped (1 in a row, 1 total). Weights and ObsRMS left untouched.

Iter  815:  Σrew=943.894  grad=6024.7(max 8737 of 3)  [phase1=32.1s bptt=44.0s elapsed=52923s]
  heads (5/11 clipped)   trunk |g|=1538 lim=1500 x0.98
          reach x9  |g|=    7965 lim=  3000 x0.38          move x2  |g|=    2933 lim=  1000 x0.34  
        descend x3  |g|=    2082 lim=  1500 x0.72   pull_drawer x1  |g|=    1989 lim=  1000 x0.50  
          grasp x8  |g|=    1053 lim=  1000 x0.95         swing x1  |g|=     584 lim=  2000 x1.00  
    push_drawer x1  |g|=     483 lim=  1000 x1.00   slide_close x1  |g|=     453 lim=  1000 x1.00  
     slide_open x1  |g|=     358 lim=  1000 x1.00       release x1  |g|=      98 lim=   500 x1.00  
           turn x1  |g|=       3 lim=  1500 x1.00  
    reach           rew=   6.868  ph=0  success=11/20 (55%) streak=0  | Reach=55%/0.0334
    cube_stacking   rew= 123.454  ph=4  success=14/20 (70%) streak=0  | Reach=95%/0.0322  Descend=95%/0.0164  Grasp=90%/0.0143  Move=90%/0.0287  Release=100%/0.0512
    pick_and_place  rew= 107.641  ph=3  success=9/20 (45%) streak=0  | Reach=85%/0.0250  Descend=95%/0.0162  Grasp=95%/0.0154  Move=45%/0.0459
    drawer_open     rew= 133.069  ph=2  success=19/20 (95%) streak=1  | Reach=100%/0.0084  Grasp=100%/0.0044  Pull=95%/0.0096
    drawer_close    rew=  98.164  ph=2  success=19/20 (95%) streak=3  | Reach=40%/0.0382  Grasp=40%/0.0431  Push=95%/0.0020
    window_open     rew= 114.939  ph=2  success=11/20 (55%) streak=0  | Reach=40%/0.0540  Grasp=50%/0.0508  Slide=55%/0.0695
    window_close    rew= 117.928  ph=2  success=17/20 (85%) streak=1  | Reach=50%/0.0354  Grasp=75%/0.0284  Slide=85%/0.0285
    dial_turn       rew=  81.171  ph=3  success=0/20 (0%) streak=0  | Reach=100%/0.0081  Descend=100%/0.0050  Grasp=100%/0.0038  Turn=0%/1.3956
  ✓ door_open       rew= 160.662  ph=2  success=16/20 (80%) streak=8  | Reach=55%/0.0450  Grasp=70%/0.0425  Swing=80%/0.1303

Iter  820:  Σrew=1003.897  grad=7353.7(max 8685 of 3)  [phase1=21.5s bptt=43.7s elapsed=53259s]
  heads (5/11 clipped)   trunk |g|=1753 lim=1500 x0.86
          reach x9  |g|=    8316 lim=  3000 x0.36          move x2  |g|=    1952 lim=  1000 x0.51  
    pull_drawer x1  |g|=    1543 lim=  1000 x0.65       descend x3  |g|=    1514 lim=  1500 x0.99  
          grasp x8  |g|=    1298 lim=  1000 x0.77         swing x1  |g|=     806 lim=  2000 x1.00  
    push_drawer x1  |g|=     580 lim=  1000 x1.00   slide_close x1  |g|=     358 lim=  1000 x1.00  
     slide_open x1  |g|=     225 lim=  1000 x1.00       release x1  |g|=      87 lim=   500 x1.00  
           turn x1  |g|=       5 lim=  1500 x1.00  
    reach           rew=   9.104  ph=0  success=12/20 (60%) streak=0  | Reach=60%/0.0301
    cube_stacking   rew= 132.916  ph=4  success=10/20 (50%) streak=0  | Reach=100%/0.0332  Descend=80%/0.0221  Grasp=80%/0.0217  Move=70%/0.0504  Release=100%/0.0793
    pick_and_place  rew= 106.318  ph=3  success=10/20 (50%) streak=0  | Reach=95%/0.0222  Descend=100%/0.0068  Grasp=100%/0.0035  Move=50%/0.0306
    drawer_open     rew= 139.560  ph=2  success=20/20 (100%) streak=2  | Reach=100%/0.0066  Grasp=100%/0.0040  Pull=100%/0.0014
  ✓ drawer_close    rew= 121.200  ph=2  success=19/20 (95%) streak=4  | Reach=65%/0.0286  Grasp=70%/0.0254  Push=95%/0.0032
    window_open     rew= 114.323  ph=2  success=17/20 (85%) streak=1  | Reach=10%/0.0706  Grasp=20%/0.0852  Slide=85%/0.0233
    window_close    rew= 126.377  ph=2  success=1/20 (5%) streak=0  | Reach=15%/0.0662  Grasp=15%/0.0552  Slide=5%/0.1747
    dial_turn       rew=  78.621  ph=3  success=0/20 (0%) streak=0  | Reach=100%/0.0084  Descend=100%/0.0074  Grasp=100%/0.0066  Turn=0%/1.3730
  ✓ door_open       rew= 175.477  ph=2  success=18/20 (90%) streak=9  | Reach=75%/0.0276  Grasp=85%/0.0197  Swing=90%/0.0648

Iter  825:  Σrew=925.963  grad=6084.9(max 7038 of 3)  [phase1=21.7s bptt=43.9s elapsed=53606s]
  heads (5/11 clipped)   trunk |g|=1661 lim=1500 x0.90
          reach x9  |g|=    6395 lim=  3000 x0.47          move x2  |g|=    2786 lim=  1000 x0.36  
    pull_drawer x1  |g|=    2494 lim=  1000 x0.40       descend x3  |g|=    2314 lim=  1500 x0.65  
          swing x1  |g|=    1231 lim=  2000 x1.00         grasp x8  |g|=    1062 lim=  1000 x0.94  
    push_drawer x1  |g|=     260 lim=  1000 x1.00    slide_open x1  |g|=     200 lim=  1000 x1.00  
        release x1  |g|=     139 lim=   500 x1.00   slide_close x1  |g|=     127 lim=  1000 x1.00  
           turn x1  |g|=      11 lim=  1500 x1.00  
    reach           rew=   7.198  ph=0  success=9/20 (45%) streak=0  | Reach=45%/0.0356
    cube_stacking   rew= 128.400  ph=4  success=18/20 (90%) streak=1  | Reach=95%/0.0251  Descend=100%/0.0136  Grasp=100%/0.0061  Move=100%/0.0148  Release=100%/0.0270
    pick_and_place  rew= 109.558  ph=3  success=12/20 (60%) streak=0  | Reach=95%/0.0230  Descend=95%/0.0183  Grasp=95%/0.0134  Move=60%/0.0411
    drawer_open     rew= 137.816  ph=2  success=20/20 (100%) streak=3  | Reach=100%/0.0105  Grasp=100%/0.0122  Pull=100%/0.0010
  ✓ drawer_close    rew=  77.748  ph=2  success=20/20 (100%) streak=5  | Reach=25%/0.0439  Grasp=20%/0.0522  Push=100%/0.0013
    window_open     rew=  97.110  ph=2  success=14/20 (70%) streak=0  | Reach=45%/0.0699  Grasp=55%/0.0645  Slide=70%/0.0542
    window_close    rew= 128.227  ph=2  success=20/20 (100%) streak=1  | Reach=80%/0.0248  Grasp=95%/0.0130  Slide=100%/0.0013
    dial_turn       rew=  82.970  ph=3  success=0/20 (0%) streak=0  | Reach=100%/0.0160  Descend=95%/0.0218  Grasp=90%/0.0234  Turn=0%/1.5321
  ✓ door_open       rew= 156.936  ph=2  success=16/20 (80%) streak=10  | Reach=65%/0.0443  Grasp=80%/0.0411  Swing=80%/0.1114

Iter  830:  Σrew=969.548  grad=5533.7(max 8550 of 3)  [phase1=31.8s bptt=43.8s elapsed=53952s]
  heads (3/11 clipped)   trunk |g|=1708 lim=1500 x0.88
          reach x9  |g|=    8355 lim=  3000 x0.36          move x2  |g|=    3813 lim=  1000 x0.26  
        descend x3  |g|=    1763 lim=  1500 x0.85         grasp x8  |g|=     714 lim=  1000 x1.00  
    push_drawer x1  |g|=     415 lim=  1000 x1.00         swing x1  |g|=     401 lim=  2000 x1.00  
    pull_drawer x1  |g|=     370 lim=  1000 x1.00       release x1  |g|=     223 lim=   500 x1.00  
    slide_close x1  |g|=     142 lim=  1000 x1.00    slide_open x1  |g|=     115 lim=  1000 x1.00  
           turn x1  |g|=      12 lim=  1500 x1.00  
    reach           rew=   5.690  ph=0  success=9/20 (45%) streak=0  | Reach=45%/0.0333
    cube_stacking   rew= 125.559  ph=4  success=11/20 (55%) streak=0  | Reach=85%/0.0299  Descend=95%/0.0182  Grasp=90%/0.0137  Move=100%/0.0166  Release=100%/0.0486
    pick_and_place  rew= 116.181  ph=3  success=13/20 (65%) streak=0  | Reach=100%/0.0185  Descend=100%/0.0137  Grasp=100%/0.0119  Move=65%/0.0249
  ✓ drawer_open     rew= 139.086  ph=2  success=19/20 (95%) streak=4  | Reach=90%/0.0237  Grasp=95%/0.0255  Pull=95%/0.0011
  ✓ drawer_close    rew=  98.882  ph=2  success=19/20 (95%) streak=6  | Reach=25%/0.0442  Grasp=40%/0.0509  Push=95%/0.0048
    window_open     rew= 101.201  ph=2  success=12/20 (60%) streak=0  | Reach=45%/0.0586  Grasp=65%/0.0505  Slide=60%/0.0656
    window_close    rew= 130.534  ph=2  success=17/20 (85%) streak=2  | Reach=85%/0.0300  Grasp=85%/0.0269  Slide=85%/0.0142
    dial_turn       rew=  80.887  ph=3  success=0/20 (0%) streak=0  | Reach=100%/0.0156  Descend=80%/0.0269  Grasp=65%/0.0295  Turn=0%/1.4366
  ✓ door_open       rew= 171.528  ph=2  success=18/20 (90%) streak=11  | Reach=80%/0.0357  Grasp=80%/0.0282  Swing=90%/0.0535

Iter  835:  Σrew=955.144  grad=4478.2(max 4990 of 3)  [phase1=22.1s bptt=44.3s elapsed=54292s]
  heads (4/11 clipped)   trunk |g|=1459 lim=1500 x1.00
          reach x9  |g|=    3569 lim=  3000 x0.84          move x2  |g|=    2806 lim=  1000 x0.36  
        descend x3  |g|=    2400 lim=  1500 x0.63         swing x1  |g|=    1364 lim=  2000 x1.00  
    pull_drawer x1  |g|=    1360 lim=  1000 x0.74         grasp x8  |g|=     708 lim=  1000 x1.00  
    slide_close x1  |g|=     525 lim=  1000 x1.00   push_drawer x1  |g|=     404 lim=  1000 x1.00  
     slide_open x1  |g|=     312 lim=  1000 x1.00       release x1  |g|=     271 lim=   500 x1.00  
           turn x1  |g|=       4 lim=  1500 x1.00  
    reach           rew=   8.595  ph=0  success=7/20 (35%) streak=0  | Reach=35%/0.0381
    cube_stacking   rew= 122.641  ph=4  success=15/20 (75%) streak=0  | Reach=90%/0.0287  Descend=100%/0.0085  Grasp=100%/0.0061  Move=100%/0.0156  Release=100%/0.0401
    pick_and_place  rew= 106.151  ph=3  success=8/20 (40%) streak=0  | Reach=95%/0.0188  Descend=100%/0.0063  Grasp=100%/0.0035  Move=40%/0.0416
  ✓ drawer_open     rew= 140.356  ph=2  success=20/20 (100%) streak=5  | Reach=95%/0.0133  Grasp=100%/0.0076  Pull=100%/0.0008
  ✓ drawer_close    rew=  91.501  ph=2  success=20/20 (100%) streak=7  | Reach=35%/0.0392  Grasp=35%/0.0429  Push=100%/0.0015
    window_open     rew=  97.932  ph=2  success=13/20 (65%) streak=0  | Reach=45%/0.0845  Grasp=60%/0.0860  Slide=65%/0.0582
    window_close    rew= 130.417  ph=2  success=18/20 (90%) streak=3  | Reach=95%/0.0177  Grasp=100%/0.0090  Slide=90%/0.0101
    dial_turn       rew=  77.679  ph=3  success=0/20 (0%) streak=0  | Reach=100%/0.0087  Descend=100%/0.0074  Grasp=100%/0.0060  Turn=0%/1.3569
  ✓ door_open       rew= 179.873  ph=2  success=17/20 (85%) streak=12  | Reach=80%/0.0270  Grasp=80%/0.0233  Swing=85%/0.0716

Iter  840:  Σrew=950.048  grad=4762.4(max 5646 of 3)  [phase1=22.5s bptt=44.2s elapsed=54643s]
  heads (4/11 clipped)   trunk |g|=1287 lim=1500 x1.00
          reach x9  |g|=    3943 lim=  3000 x0.76       descend x3  |g|=    2346 lim=  1500 x0.64  
           move x2  |g|=    2312 lim=  1000 x0.43   pull_drawer x1  |g|=    2127 lim=  1000 x0.47  
          swing x1  |g|=    1984 lim=  2000 x1.00   push_drawer x1  |g|=     447 lim=  1000 x1.00  
          grasp x8  |g|=     367 lim=  1000 x1.00   slide_close x1  |g|=     275 lim=  1000 x1.00  
     slide_open x1  |g|=     265 lim=  1000 x1.00       release x1  |g|=     133 lim=   500 x1.00  
           turn x1  |g|=       7 lim=  1500 x1.00  
    reach           rew=   7.025  ph=0  success=7/20 (35%) streak=0  | Reach=35%/0.0384
    cube_stacking   rew= 133.495  ph=4  success=7/20 (35%) streak=0  | Reach=95%/0.0366  Descend=70%/0.0268  Grasp=65%/0.0279  Move=65%/0.0659  Release=100%/0.0939
    pick_and_place  rew= 106.955  ph=3  success=10/20 (50%) streak=0  | Reach=100%/0.0201  Descend=100%/0.0079  Grasp=100%/0.0050  Move=50%/0.0332
  ✓ drawer_open     rew= 142.838  ph=2  success=20/20 (100%) streak=6  | Reach=95%/0.0157  Grasp=100%/0.0136  Pull=100%/0.0024
  ✓ drawer_close    rew=  77.443  ph=2  success=19/20 (95%) streak=8  | Reach=25%/0.0468  Grasp=25%/0.0499  Push=95%/0.0035
    window_open     rew= 117.354  ph=2  success=20/20 (100%) streak=1  | Reach=50%/0.0467  Grasp=70%/0.0507  Slide=100%/0.0011
    window_close    rew= 101.092  ph=2  success=11/20 (55%) streak=0  | Reach=50%/0.0341  Grasp=75%/0.0204  Slide=55%/0.0833
    dial_turn       rew=  81.010  ph=3  success=4/20 (20%) streak=0  | Reach=100%/0.0156  Descend=100%/0.0196  Grasp=100%/0.0206  Turn=20%/0.7551
  ✓ door_open       rew= 182.836  ph=2  success=16/20 (80%) streak=13  | Reach=40%/0.0411  Grasp=25%/0.0409  Swing=80%/0.0873

Iter  845:  Σrew=942.535  grad=4769.9(max 6615 of 3)  [phase1=21.7s bptt=44.0s elapsed=54990s]
  heads (4/11 clipped)   trunk |g|=1647 lim=1500 x0.91
          reach x9  |g|=    4699 lim=  3000 x0.64          move x2  |g|=    3718 lim=  1000 x0.27  
        descend x3  |g|=    3507 lim=  1500 x0.43         swing x1  |g|=    1659 lim=  2000 x1.00  
    pull_drawer x1  |g|=    1336 lim=  1000 x0.75         grasp x8  |g|=     820 lim=  1000 x1.00  
    push_drawer x1  |g|=     311 lim=  1000 x1.00       release x1  |g|=     292 lim=   500 x1.00  
    slide_close x1  |g|=     270 lim=  1000 x1.00    slide_open x1  |g|=     119 lim=  1000 x1.00  
           turn x1  |g|=       4 lim=  1500 x1.00  
    reach           rew=   6.007  ph=0  success=8/20 (40%) streak=0  | Reach=40%/0.0324
    cube_stacking   rew= 123.247  ph=4  success=16/20 (80%) streak=1  | Reach=100%/0.0262  Descend=100%/0.0088  Grasp=100%/0.0077  Move=100%/0.0134  Release=100%/0.0341
    pick_and_place  rew= 111.661  ph=3  success=15/20 (75%) streak=0  | Reach=100%/0.0214  Descend=100%/0.0082  Grasp=100%/0.0061  Move=75%/0.0215
  ✓ drawer_open     rew= 140.398  ph=2  success=20/20 (100%) streak=7  | Reach=100%/0.0072  Grasp=100%/0.0048  Pull=100%/0.0016
  ✓ drawer_close    rew=  81.465  ph=2  success=20/20 (100%) streak=9  | Reach=25%/0.0443  Grasp=30%/0.0462  Push=100%/0.0004
    window_open     rew= 114.150  ph=2  success=17/20 (85%) streak=2  | Reach=50%/0.0571  Grasp=60%/0.0401  Slide=85%/0.0284
    window_close    rew= 112.963  ph=2  success=16/20 (80%) streak=1  | Reach=90%/0.0185  Grasp=95%/0.0117  Slide=80%/0.0319
    dial_turn       rew=  80.819  ph=3  success=0/20 (0%) streak=0  | Reach=100%/0.0087  Descend=100%/0.0057  Grasp=100%/0.0038  Turn=0%/1.3894
  ✓ door_open       rew= 171.825  ph=2  success=17/20 (85%) streak=14  | Reach=85%/0.0329  Grasp=85%/0.0261  Swing=85%/0.0931

Iter  850:  Σrew=943.950  grad=4519.6(max 5647 of 3)  [phase1=21.3s bptt=43.9s elapsed=55325s]
  heads (4/11 clipped)   trunk |g|=1627 lim=1500 x0.92
          reach x9  |g|=    3458 lim=  3000 x0.87          move x2  |g|=    3261 lim=  1000 x0.31  
    pull_drawer x1  |g|=    3177 lim=  1000 x0.31       descend x3  |g|=    1963 lim=  1500 x0.76  
          swing x1  |g|=     871 lim=  2000 x1.00         grasp x8  |g|=     844 lim=  1000 x1.00  
    slide_close x1  |g|=     538 lim=  1000 x1.00   push_drawer x1  |g|=     415 lim=  1000 x1.00  
     slide_open x1  |g|=     321 lim=  1000 x1.00       release x1  |g|=      74 lim=   500 x1.00  
           turn x1  |g|=      10 lim=  1500 x1.00  
    reach           rew=   8.144  ph=0  success=9/20 (45%) streak=0  | Reach=45%/0.0330
    cube_stacking   rew= 124.995  ph=4  success=11/20 (55%) streak=0  | Reach=100%/0.0242  Descend=100%/0.0145  Grasp=100%/0.0090  Move=100%/0.0201  Release=100%/0.0562
    pick_and_place  rew= 109.177  ph=3  success=13/20 (65%) streak=0  | Reach=100%/0.0190  Descend=100%/0.0108  Grasp=100%/0.0059  Move=65%/0.0246
  ✓ drawer_open     rew= 140.646  ph=2  success=20/20 (100%) streak=8  | Reach=100%/0.0116  Grasp=100%/0.0067  Pull=100%/0.0004
  ✓ drawer_close    rew=  80.873  ph=2  success=20/20 (100%) streak=10  | Reach=25%/0.0431  Grasp=35%/0.0471  Push=100%/0.0016
    window_open     rew= 113.131  ph=2  success=16/20 (80%) streak=3  | Reach=70%/0.0471  Grasp=85%/0.0380  Slide=80%/0.0328
    window_close    rew= 128.731  ph=2  success=19/20 (95%) streak=2  | Reach=100%/0.0151  Grasp=100%/0.0081  Slide=95%/0.0100
    dial_turn       rew=  87.239  ph=3  success=1/20 (5%) streak=0  | Reach=100%/0.0076  Descend=100%/0.0072  Grasp=100%/0.0050  Turn=5%/1.0889
  ✓ door_open       rew= 151.015  ph=2  success=16/20 (80%) streak=15  | Reach=45%/0.0453  Grasp=60%/0.0441  Swing=80%/0.0796
  ✓ saved vision_all_balance_{params,obs_rms,opt}.pkl + _{learning,gradients}.png at iter 850

Iter  855:  Σrew=969.146  grad=6729.6(max 10307 of 3)  [phase1=22.0s bptt=43.9s elapsed=55673s]
  heads (3/11 clipped)   trunk |g|=1827 lim=1500 x0.82
          reach x9  |g|=   10065 lim=  3000 x0.30          move x2  |g|=    2471 lim=  1000 x0.40  
          swing x1  |g|=    1404 lim=  2000 x1.00       descend x3  |g|=    1364 lim=  1500 x1.00  
    pull_drawer x1  |g|=    1030 lim=  1000 x0.97         grasp x8  |g|=     817 lim=  1000 x1.00  
    push_drawer x1  |g|=     433 lim=  1000 x1.00   slide_close x1  |g|=     281 lim=  1000 x1.00  
     slide_open x1  |g|=     122 lim=  1000 x1.00       release x1  |g|=      50 lim=   500 x1.00  
           turn x1  |g|=       5 lim=  1500 x1.00  
    reach           rew=   5.872  ph=0  success=11/20 (55%) streak=0  | Reach=55%/0.0308
    cube_stacking   rew= 131.111  ph=4  success=16/20 (80%) streak=1  | Reach=95%/0.0268  Descend=95%/0.0143  Grasp=95%/0.0104  Move=95%/0.0231  Release=100%/0.0440
    pick_and_place  rew= 105.839  ph=3  success=6/20 (30%) streak=0  | Reach=100%/0.0176  Descend=100%/0.0100  Grasp=100%/0.0033  Move=30%/0.0497
  ✓ drawer_open     rew= 139.038  ph=2  success=20/20 (100%) streak=9  | Reach=100%/0.0074  Grasp=100%/0.0066  Pull=100%/0.0004
  ✓ drawer_close    rew= 141.637  ph=2  success=20/20 (100%) streak=11  | Reach=90%/0.0166  Grasp=95%/0.0107  Push=100%/0.0013
    window_open     rew=  93.277  ph=2  success=14/20 (70%) streak=0  | Reach=65%/0.0656  Grasp=70%/0.0595  Slide=70%/0.0477
    window_close    rew= 112.345  ph=2  success=17/20 (85%) streak=3  | Reach=80%/0.0243  Grasp=95%/0.0168  Slide=85%/0.0285
    dial_turn       rew=  76.957  ph=3  success=0/20 (0%) streak=0  | Reach=100%/0.0121  Descend=100%/0.0091  Grasp=100%/0.0079  Turn=0%/1.4783
    door_open       rew= 163.070  ph=2  success=15/20 (75%) streak=0  | Reach=80%/0.0396  Grasp=75%/0.0351  Swing=75%/0.1301

⚠ iter 859 chunk 3/3: non-finite grads — update skipped (1 in a row, 2 total). Weights and ObsRMS left untouched.

Iter  860:  Σrew=1017.723  grad=3967.7(max 4194 of 3)  [phase1=21.3s bptt=43.8s elapsed=56020s]
  heads (4/11 clipped)   trunk |g|=1482 lim=1500 x1.00
          reach x9  |g|=    3724 lim=  3000 x0.81          move x2  |g|=    1713 lim=  1000 x0.58  
          swing x1  |g|=    1350 lim=  2000 x1.00       descend x3  |g|=    1297 lim=  1500 x1.00  
    push_drawer x1  |g|=    1288 lim=  1000 x0.78   pull_drawer x1  |g|=    1001 lim=  1000 x1.00  
    slide_close x1  |g|=     757 lim=  1000 x1.00         grasp x8  |g|=     748 lim=  1000 x1.00  
     slide_open x1  |g|=     486 lim=  1000 x1.00       release x1  |g|=     125 lim=   500 x1.00  
           turn x1  |g|=       5 lim=  1500 x1.00  
    reach           rew=   8.045  ph=0  success=9/20 (45%) streak=0  | Reach=45%/0.0381
    cube_stacking   rew= 123.195  ph=4  success=15/20 (75%) streak=0  | Reach=95%/0.0186  Descend=95%/0.0108  Grasp=100%/0.0069  Move=90%/0.0287  Release=100%/0.0497
    pick_and_place  rew= 113.642  ph=3  success=13/20 (65%) streak=0  | Reach=100%/0.0203  Descend=100%/0.0171  Grasp=95%/0.0174  Move=65%/0.0805
  ✓ drawer_open     rew= 135.308  ph=2  success=18/20 (90%) streak=10  | Reach=100%/0.0142  Grasp=100%/0.0085  Pull=90%/0.0164
  ✓ drawer_close    rew= 138.133  ph=2  success=20/20 (100%) streak=12  | Reach=85%/0.0178  Grasp=85%/0.0150  Push=100%/0.0011
    window_open     rew= 118.893  ph=2  success=20/20 (100%) streak=1  | Reach=40%/0.0472  Grasp=70%/0.0341  Slide=100%/0.0020
  ✓ window_close    rew= 111.578  ph=2  success=17/20 (85%) streak=4  | Reach=80%/0.0277  Grasp=80%/0.0274  Slide=85%/0.0271
    dial_turn       rew=  80.828  ph=3  success=0/20 (0%) streak=0  | Reach=100%/0.0111  Descend=100%/0.0106  Grasp=100%/0.0114  Turn=0%/1.3954
    door_open       rew= 188.100  ph=2  success=17/20 (85%) streak=1  | Reach=80%/0.0311  Grasp=85%/0.0274  Swing=85%/0.0744

Iter  865:  Σrew=974.409  grad=4674.6(max 6293 of 3)  [phase1=21.4s bptt=43.9s elapsed=56367s]
  heads (4/11 clipped)   trunk |g|=1359 lim=1500 x1.00
          reach x9  |g|=    5970 lim=  3000 x0.50         swing x1  |g|=    2550 lim=  2000 x0.78  
           move x2  |g|=    1587 lim=  1000 x0.63   push_drawer x1  |g|=    1131 lim=  1000 x0.88  
    pull_drawer x1  |g|=     812 lim=  1000 x1.00         grasp x8  |g|=     804 lim=  1000 x1.00  
        descend x3  |g|=     718 lim=  1500 x1.00   slide_close x1  |g|=     257 lim=  1000 x1.00  
        release x1  |g|=     190 lim=   500 x1.00    slide_open x1  |g|=     156 lim=  1000 x1.00  
           turn x1  |g|=      14 lim=  1500 x1.00  
    reach           rew=   6.885  ph=0  success=14/20 (70%) streak=0  | Reach=70%/0.0290
    cube_stacking   rew= 115.145  ph=4  success=15/20 (75%) streak=0  | Reach=85%/0.0343  Descend=85%/0.0200  Grasp=85%/0.0144  Move=95%/0.0238  Release=100%/0.0424
    pick_and_place  rew= 105.764  ph=3  success=11/20 (55%) streak=0  | Reach=95%/0.0182  Descend=100%/0.0106  Grasp=100%/0.0047  Move=55%/0.0311
  ✓ drawer_open     rew= 139.646  ph=2  success=19/20 (95%) streak=11  | Reach=100%/0.0136  Grasp=100%/0.0138  Pull=95%/0.0043
  ✓ drawer_close    rew= 125.940  ph=2  success=19/20 (95%) streak=13  | Reach=40%/0.0357  Grasp=70%/0.0318  Push=95%/0.0039
    window_open     rew= 107.215  ph=2  success=18/20 (90%) streak=2  | Reach=75%/0.0431  Grasp=75%/0.0400  Slide=90%/0.0206
  ✓ window_close    rew= 115.536  ph=2  success=16/20 (80%) streak=5  | Reach=90%/0.0179  Grasp=95%/0.0126  Slide=80%/0.0382
    dial_turn       rew=  82.157  ph=3  success=0/20 (0%) streak=0  | Reach=100%/0.0083  Descend=100%/0.0099  Grasp=100%/0.0085  Turn=0%/1.1781
    door_open       rew= 176.120  ph=2  success=18/20 (90%) streak=2  | Reach=90%/0.0271  Grasp=90%/0.0257  Swing=90%/0.0691

⚠ iter 868 chunk 1/3: non-finite grads — update skipped (1 in a row, 3 total). Weights and ObsRMS left untouched.

Iter  870:  Σrew=948.899  grad=4921.5(max 5992 of 3)  [phase1=21.4s bptt=43.9s elapsed=56704s]
  heads (4/11 clipped)   trunk |g|=1409 lim=1500 x1.00
          reach x9  |g|=    5430 lim=  3000 x0.55          move x2  |g|=    3121 lim=  1000 x0.32  
        descend x3  |g|=    2505 lim=  1500 x0.60   pull_drawer x1  |g|=    2281 lim=  1000 x0.44  
          swing x1  |g|=     899 lim=  2000 x1.00         grasp x8  |g|=     521 lim=  1000 x1.00  
    slide_close x1  |g|=     494 lim=  1000 x1.00   push_drawer x1  |g|=     364 lim=  1000 x1.00  
        release x1  |g|=     259 lim=   500 x1.00    slide_open x1  |g|=     231 lim=  1000 x1.00  
           turn x1  |g|=      17 lim=  1500 x1.00  
    reach           rew=   8.017  ph=0  success=12/20 (60%) streak=0  | Reach=60%/0.0299
    cube_stacking   rew= 122.265  ph=4  success=19/20 (95%) streak=1  | Reach=90%/0.0301  Descend=95%/0.0173  Grasp=95%/0.0133  Move=95%/0.0227  Release=100%/0.0322
    pick_and_place  rew= 105.320  ph=3  success=7/20 (35%) streak=0  | Reach=95%/0.0208  Descend=100%/0.0067  Grasp=100%/0.0044  Move=35%/0.0378
  ✓ drawer_open     rew= 141.013  ph=2  success=20/20 (100%) streak=12  | Reach=100%/0.0100  Grasp=100%/0.0066  Pull=100%/0.0003
    drawer_close    rew= 118.973  ph=2  success=15/20 (75%) streak=0  | Reach=15%/0.0505  Grasp=35%/0.0504  Push=75%/0.0170
    window_open     rew= 101.910  ph=2  success=13/20 (65%) streak=0  | Reach=40%/0.0607  Grasp=70%/0.0553  Slide=65%/0.0645
  ✓ window_close    rew= 126.731  ph=2  success=18/20 (90%) streak=6  | Reach=100%/0.0136  Grasp=100%/0.0082  Slide=90%/0.0208
    dial_turn       rew=  84.185  ph=3  success=1/20 (5%) streak=0  | Reach=100%/0.0089  Descend=100%/0.0095  Grasp=95%/0.0095  Turn=5%/1.2974
    door_open       rew= 140.484  ph=2  success=12/20 (60%) streak=0  | Reach=20%/0.0737  Grasp=25%/0.0702  Swing=60%/0.1889

Iter  875:  Σrew=1006.138  grad=5017.9(max 7437 of 3)  [phase1=21.5s bptt=43.9s elapsed=57051s]
  heads (6/11 clipped)   trunk |g|=1453 lim=1500 x1.00
          reach x9  |g|=    7139 lim=  3000 x0.42       descend x3  |g|=    2991 lim=  1500 x0.50  
           move x2  |g|=    1965 lim=  1000 x0.51         grasp x8  |g|=    1322 lim=  1000 x0.76  
          swing x1  |g|=    1270 lim=  2000 x1.00   pull_drawer x1  |g|=    1192 lim=  1000 x0.84  
     slide_open x1  |g|=    1051 lim=  1000 x0.95   push_drawer x1  |g|=     864 lim=  1000 x1.00  
    slide_close x1  |g|=     237 lim=  1000 x1.00       release x1  |g|=      97 lim=   500 x1.00  
           turn x1  |g|=      27 lim=  1500 x1.00  
    reach           rew=   8.539  ph=0  success=11/20 (55%) streak=0  | Reach=55%/0.0293
    cube_stacking   rew= 123.908  ph=4  success=13/20 (65%) streak=0  | Reach=90%/0.0275  Descend=95%/0.0134  Grasp=95%/0.0099  Move=100%/0.0197  Release=100%/0.0502
    pick_and_place  rew= 105.392  ph=3  success=13/20 (65%) streak=0  | Reach=95%/0.0196  Descend=100%/0.0106  Grasp=100%/0.0068  Move=65%/0.0271
  ✓ drawer_open     rew= 139.416  ph=2  success=20/20 (100%) streak=13  | Reach=100%/0.0063  Grasp=100%/0.0044  Pull=100%/0.0010
    drawer_close    rew= 132.096  ph=2  success=20/20 (100%) streak=1  | Reach=80%/0.0204  Grasp=80%/0.0178  Push=100%/0.0003
    window_open     rew= 112.264  ph=2  success=17/20 (85%) streak=1  | Reach=50%/0.0422  Grasp=65%/0.0422  Slide=85%/0.0287
  ✓ window_close    rew= 134.194  ph=2  success=17/20 (85%) streak=7  | Reach=85%/0.0243  Grasp=85%/0.0275  Slide=85%/0.0282
    dial_turn       rew=  83.024  ph=3  success=0/20 (0%) streak=0  | Reach=100%/0.0140  Descend=100%/0.0088  Grasp=100%/0.0069  Turn=0%/1.3271
    door_open       rew= 167.305  ph=2  success=16/20 (80%) streak=1  | Reach=65%/0.0456  Grasp=75%/0.0425  Swing=80%/0.1068

Iter  880:  Σrew=959.671  grad=3785.6(max 5728 of 3)  [phase1=21.2s bptt=43.9s elapsed=57397s]
  heads (3/11 clipped)   trunk |g|=1080 lim=1500 x1.00
          reach x9  |g|=    5236 lim=  3000 x0.57   pull_drawer x1  |g|=    1669 lim=  1000 x0.60  
           move x2  |g|=    1646 lim=  1000 x0.61         swing x1  |g|=    1563 lim=  2000 x1.00  
        descend x3  |g|=    1398 lim=  1500 x1.00   push_drawer x1  |g|=     662 lim=  1000 x1.00  
          grasp x8  |g|=     576 lim=  1000 x1.00    slide_open x1  |g|=     481 lim=  1000 x1.00  
    slide_close x1  |g|=     327 lim=  1000 x1.00       release x1  |g|=     123 lim=   500 x1.00  
           turn x1  |g|=      45 lim=  1500 x1.00  
    reach           rew=   9.754  ph=0  success=14/20 (70%) streak=0  | Reach=70%/0.0272
    cube_stacking   rew= 123.890  ph=4  success=18/20 (90%) streak=1  | Reach=90%/0.0356  Descend=90%/0.0221  Grasp=90%/0.0174  Move=95%/0.0153  Release=100%/0.0312
    pick_and_place  rew= 107.372  ph=3  success=10/20 (50%) streak=0  | Reach=100%/0.0196  Descend=100%/0.0105  Grasp=100%/0.0074  Move=50%/0.0346
  ✓ drawer_open     rew= 141.955  ph=2  success=20/20 (100%) streak=14  | Reach=100%/0.0154  Grasp=100%/0.0113  Pull=100%/0.0025
    drawer_close    rew= 113.575  ph=2  success=20/20 (100%) streak=2  | Reach=60%/0.0321  Grasp=60%/0.0293  Push=100%/0.0003
    window_open     rew=  84.817  ph=2  success=14/20 (70%) streak=0  | Reach=35%/0.0594  Grasp=60%/0.0567  Slide=70%/0.0417
    window_close    rew= 119.619  ph=2  success=14/20 (70%) streak=0  | Reach=75%/0.0382  Grasp=85%/0.0265  Slide=70%/0.0584
    dial_turn       rew=  90.596  ph=3  success=3/20 (15%) streak=0  | Reach=100%/0.0110  Descend=100%/0.0110  Grasp=100%/0.0104  Turn=15%/0.8861
    door_open       rew= 168.093  ph=2  success=17/20 (85%) streak=2  | Reach=75%/0.0411  Grasp=80%/0.0327  Swing=85%/0.0998

Iter  885:  Σrew=982.113  grad=4581.2(max 5950 of 3)  [phase1=31.9s bptt=43.8s elapsed=57744s]
  heads (3/11 clipped)   trunk |g|=1639 lim=1500 x0.92
        descend x3  |g|=    4641 lim=  1500 x0.32         reach x9  |g|=    4426 lim=  3000 x0.68  
           move x2  |g|=    1653 lim=  1000 x0.61         grasp x8  |g|=     975 lim=  1000 x1.00  
          swing x1  |g|=     746 lim=  2000 x1.00   push_drawer x1  |g|=     386 lim=  1000 x1.00  
    slide_close x1  |g|=     315 lim=  1000 x1.00   pull_drawer x1  |g|=     314 lim=  1000 x1.00  
     slide_open x1  |g|=     303 lim=  1000 x1.00       release x1  |g|=     189 lim=   500 x1.00  
           turn x1  |g|=     171 lim=  1500 x1.00  
    reach           rew=  10.684  ph=0  success=13/20 (65%) streak=0  | Reach=65%/0.0256
    cube_stacking   rew= 129.416  ph=4  success=16/20 (80%) streak=2  | Reach=95%/0.0224  Descend=95%/0.0115  Grasp=95%/0.0084  Move=95%/0.0240  Release=100%/0.0409
    pick_and_place  rew= 112.233  ph=3  success=16/20 (80%) streak=1  | Reach=100%/0.0214  Descend=100%/0.0084  Grasp=100%/0.0064  Move=80%/0.0206
  ✓ drawer_open     rew= 142.906  ph=2  success=19/20 (95%) streak=15  | Reach=100%/0.0088  Grasp=100%/0.0072  Pull=95%/0.0048
    drawer_close    rew= 130.479  ph=2  success=20/20 (100%) streak=3  | Reach=85%/0.0184  Grasp=75%/0.0194  Push=100%/0.0009
    window_open     rew= 125.551  ph=2  success=19/20 (95%) streak=1  | Reach=85%/0.0278  Grasp=85%/0.0196  Slide=95%/0.0102
    window_close    rew= 107.189  ph=2  success=14/20 (70%) streak=0  | Reach=90%/0.0242  Grasp=95%/0.0191  Slide=70%/0.0558
    dial_turn       rew= 107.131  ph=3  success=4/20 (20%) streak=0  | Reach=100%/0.0098  Descend=100%/0.0091  Grasp=100%/0.0099  Turn=20%/0.6400
    door_open       rew= 116.525  ph=2  success=12/20 (60%) streak=0  | Reach=55%/0.0647  Grasp=60%/0.0575  Swing=60%/0.2631

⚠ iter 887 chunk 2/3: non-finite grads — update skipped (1 in a row, 4 total). Weights and ObsRMS left untouched.

Iter  890:  Σrew=1029.475  grad=5941.1(max 9759 of 3)  [phase1=22.2s bptt=44.0s elapsed=58082s]
  heads (5/11 clipped)   trunk |g|=1651 lim=1500 x0.91
          reach x9  |g|=    9599 lim=  3000 x0.31       descend x3  |g|=    2316 lim=  1500 x0.65  
           move x2  |g|=    1832 lim=  1000 x0.55   pull_drawer x1  |g|=    1747 lim=  1000 x0.57  
    push_drawer x1  |g|=    1144 lim=  1000 x0.87         swing x1  |g|=    1110 lim=  2000 x1.00  
          grasp x8  |g|=     897 lim=  1000 x1.00          turn x1  |g|=     733 lim=  1500 x1.00  
    slide_close x1  |g|=     528 lim=  1000 x1.00    slide_open x1  |g|=     249 lim=  1000 x1.00  
        release x1  |g|=      77 lim=   500 x1.00  
    reach           rew=   6.675  ph=0  success=9/20 (45%) streak=0  | Reach=45%/0.0339
    cube_stacking   rew= 132.240  ph=4  success=18/20 (90%) streak=3  | Reach=100%/0.0199  Descend=100%/0.0086  Grasp=100%/0.0049  Move=100%/0.0103  Release=100%/0.0299
    pick_and_place  rew= 108.422  ph=3  success=12/20 (60%) streak=0  | Reach=90%/0.0244  Descend=100%/0.0193  Grasp=95%/0.0156  Move=60%/0.0502
  ✓ drawer_open     rew= 142.243  ph=2  success=20/20 (100%) streak=16  | Reach=100%/0.0057  Grasp=100%/0.0031  Pull=100%/0.0006
  ✓ drawer_close    rew= 143.667  ph=2  success=19/20 (95%) streak=4  | Reach=60%/0.0311  Grasp=80%/0.0186  Push=95%/0.0039
    window_open     rew= 125.769  ph=2  success=18/20 (90%) streak=2  | Reach=60%/0.0345  Grasp=70%/0.0322  Slide=90%/0.0182
    window_close    rew= 103.272  ph=2  success=16/20 (80%) streak=1  | Reach=80%/0.0226  Grasp=85%/0.0186  Slide=80%/0.0389
    dial_turn       rew= 112.395  ph=3  success=2/20 (10%) streak=0  | Reach=100%/0.0079  Descend=100%/0.0057  Grasp=100%/0.0058  Turn=10%/0.4584
    door_open       rew= 154.791  ph=2  success=15/20 (75%) streak=0  | Reach=75%/0.0430  Grasp=75%/0.0370  Swing=75%/0.1617

Iter  895:  Σrew=1023.358  grad=6365.1(max 8368 of 3)  [phase1=21.2s bptt=43.9s elapsed=58427s]
  heads (5/11 clipped)   trunk |g|=2686 lim=1500 x0.56
          reach x9  |g|=    7013 lim=  3000 x0.43         swing x1  |g|=    3201 lim=  2000 x0.62  
    pull_drawer x1  |g|=    2875 lim=  1000 x0.35          move x2  |g|=    2220 lim=  1000 x0.45  
        descend x3  |g|=    1847 lim=  1500 x0.81         grasp x8  |g|=     715 lim=  1000 x1.00  
    slide_close x1  |g|=     586 lim=  1000 x1.00   push_drawer x1  |g|=     558 lim=  1000 x1.00  
           turn x1  |g|=     462 lim=  1500 x1.00    slide_open x1  |g|=     341 lim=  1000 x1.00  
        release x1  |g|=     175 lim=   500 x1.00  
    reach           rew=   7.413  ph=0  success=3/20 (15%) streak=0  | Reach=15%/0.0470
    cube_stacking   rew= 131.111  ph=4  success=1/20 (5%) streak=0  | Reach=90%/0.0404  Descend=25%/0.0482  Grasp=20%/0.0533  Move=20%/0.1255  Release=100%/0.1696
    pick_and_place  rew= 105.053  ph=3  success=0/20 (0%) streak=0  | Reach=70%/0.0352  Descend=15%/0.0496  Grasp=15%/0.0560  Move=0%/0.1380
  ✓ drawer_open     rew= 141.844  ph=2  success=20/20 (100%) streak=17  | Reach=100%/0.0153  Grasp=100%/0.0105  Pull=100%/0.0002
  ✓ drawer_close    rew= 109.423  ph=2  success=19/20 (95%) streak=5  | Reach=60%/0.0271  Grasp=50%/0.0344  Push=95%/0.0046
    window_open     rew= 120.757  ph=2  success=18/20 (90%) streak=3  | Reach=55%/0.0494  Grasp=75%/0.0362  Slide=90%/0.0194
    window_close    rew= 125.630  ph=2  success=15/20 (75%) streak=0  | Reach=55%/0.0370  Grasp=80%/0.0191  Slide=75%/0.0475
    dial_turn       rew= 114.352  ph=3  success=5/20 (25%) streak=0  | Reach=100%/0.0130  Descend=100%/0.0073  Grasp=100%/0.0053  Turn=25%/0.3647
    door_open       rew= 167.774  ph=2  success=16/20 (80%) streak=1  | Reach=70%/0.0517  Grasp=75%/0.0435  Swing=80%/0.1122

Iter  900:  Σrew=1057.301  grad=3799.1(max 4007 of 3)  [phase1=31.4s bptt=43.9s elapsed=58774s]
  heads (2/11 clipped)   trunk |g|=1421 lim=1500 x1.00
          reach x9  |g|=    2975 lim=  3000 x1.00   pull_drawer x1  |g|=    2911 lim=  1000 x0.34  
           move x2  |g|=    1645 lim=  1000 x0.61       descend x3  |g|=    1173 lim=  1500 x1.00  
          grasp x8  |g|=     908 lim=  1000 x1.00   push_drawer x1  |g|=     783 lim=  1000 x1.00  
          swing x1  |g|=     613 lim=  2000 x1.00    slide_open x1  |g|=     285 lim=  1000 x1.00  
    slide_close x1  |g|=     223 lim=  1000 x1.00       release x1  |g|=     132 lim=   500 x1.00  
           turn x1  |g|=      55 lim=  1500 x1.00  
    reach           rew=   7.605  ph=0  success=10/20 (50%) streak=0  | Reach=50%/0.0336
    cube_stacking   rew= 135.413  ph=4  success=11/20 (55%) streak=0  | Reach=100%/0.0227  Descend=100%/0.0088  Grasp=100%/0.0070  Move=100%/0.0127  Release=100%/0.0479
    pick_and_place  rew= 114.134  ph=3  success=17/20 (85%) streak=1  | Reach=100%/0.0161  Descend=100%/0.0090  Grasp=100%/0.0038  Move=85%/0.0191
    drawer_open     rew= 139.847  ph=2  success=12/20 (60%) streak=0  | Reach=95%/0.0144  Grasp=100%/0.0081  Pull=60%/0.0240
  ✓ drawer_close    rew= 138.391  ph=2  success=20/20 (100%) streak=6  | Reach=85%/0.0154  Grasp=90%/0.0122  Push=100%/0.0008
  ✓ window_open     rew= 126.420  ph=2  success=18/20 (90%) streak=4  | Reach=80%/0.0223  Grasp=95%/0.0097  Slide=90%/0.0120
    window_close    rew= 132.303  ph=2  success=19/20 (95%) streak=1  | Reach=95%/0.0180  Grasp=100%/0.0074  Slide=95%/0.0096
    dial_turn       rew= 110.110  ph=3  success=0/20 (0%) streak=0  | Reach=100%/0.0106  Descend=100%/0.0078  Grasp=100%/0.0079  Turn=0%/0.6789
    door_open       rew= 153.077  ph=2  success=15/20 (75%) streak=0  | Reach=65%/0.0482  Grasp=75%/0.0405  Swing=75%/0.1546
  ✓ saved vision_all_balance_{params,obs_rms,opt}.pkl + _{learning,gradients}.png at iter 900

Iter  905:  Σrew=1034.604  grad=3435.0(max 4105 of 3)  [phase1=22.2s bptt=44.4s elapsed=59122s]
  heads (3/11 clipped)   trunk |g|=1279 lim=1500 x1.00
           move x2  |g|=    2988 lim=  1000 x0.33         reach x9  |g|=    1879 lim=  3000 x1.00  
          swing x1  |g|=    1789 lim=  2000 x1.00       descend x3  |g|=    1459 lim=  1500 x1.00  
    pull_drawer x1  |g|=    1420 lim=  1000 x0.70   push_drawer x1  |g|=    1052 lim=  1000 x0.95  
           turn x1  |g|=     850 lim=  1500 x1.00   slide_close x1  |g|=     607 lim=  1000 x1.00  
          grasp x8  |g|=     413 lim=  1000 x1.00       release x1  |g|=     299 lim=   500 x1.00  
     slide_open x1  |g|=     165 lim=  1000 x1.00  
    reach           rew=   8.293  ph=0  success=10/20 (50%) streak=0  | Reach=50%/0.0267
    cube_stacking   rew= 132.427  ph=4  success=10/20 (50%) streak=0  | Reach=100%/0.0185  Descend=100%/0.0116  Grasp=100%/0.0077  Move=100%/0.0183  Release=100%/0.0589
    pick_and_place  rew= 109.845  ph=3  success=12/20 (60%) streak=0  | Reach=100%/0.0175  Descend=100%/0.0092  Grasp=100%/0.0054  Move=60%/0.0314
    drawer_open     rew= 135.242  ph=2  success=19/20 (95%) streak=1  | Reach=100%/0.0070  Grasp=100%/0.0050  Pull=95%/0.0081
  ✓ drawer_close    rew= 135.351  ph=2  success=20/20 (100%) streak=7  | Reach=85%/0.0168  Grasp=85%/0.0115  Push=100%/0.0002
    window_open     rew=  99.078  ph=2  success=15/20 (75%) streak=0  | Reach=70%/0.0610  Grasp=75%/0.0570  Slide=75%/0.0426
    window_close    rew= 136.851  ph=2  success=18/20 (90%) streak=2  | Reach=95%/0.0203  Grasp=100%/0.0153  Slide=90%/0.0193
    dial_turn       rew= 105.913  ph=3  success=4/20 (20%) streak=0  | Reach=100%/0.0094  Descend=100%/0.0085  Grasp=100%/0.0063  Turn=20%/0.8093
    door_open       rew= 171.605  ph=2  success=14/20 (70%) streak=0  | Reach=65%/0.0336  Grasp=75%/0.0324  Swing=70%/0.1744

Iter  910:  Σrew=965.882  grad=5622.1(max 8129 of 3)  [phase1=22.0s bptt=43.9s elapsed=59470s]
  heads (3/11 clipped)   trunk |g|=1572 lim=1500 x0.95
          reach x9  |g|=    7387 lim=  3000 x0.41          move x2  |g|=    3900 lim=  1000 x0.26  
    pull_drawer x1  |g|=    2939 lim=  1000 x0.34       descend x3  |g|=    1171 lim=  1500 x1.00  
           turn x1  |g|=    1108 lim=  1500 x1.00         grasp x8  |g|=     816 lim=  1000 x1.00  
    slide_close x1  |g|=     660 lim=  1000 x1.00         swing x1  |g|=     615 lim=  2000 x1.00  
     slide_open x1  |g|=     326 lim=  1000 x1.00       release x1  |g|=     257 lim=   500 x1.00  
    push_drawer x1  |g|=     177 lim=  1000 x1.00  
    reach           rew=  10.550  ph=0  success=12/20 (60%) streak=0  | Reach=60%/0.0285
    cube_stacking   rew= 130.353  ph=4  success=19/20 (95%) streak=1  | Reach=95%/0.0256  Descend=100%/0.0076  Grasp=100%/0.0051  Move=100%/0.0091  Release=100%/0.0175
    pick_and_place  rew= 114.219  ph=3  success=13/20 (65%) streak=0  | Reach=95%/0.0264  Descend=100%/0.0109  Grasp=100%/0.0077  Move=65%/0.0266
    drawer_open     rew= 137.378  ph=2  success=19/20 (95%) streak=2  | Reach=100%/0.0098  Grasp=100%/0.0051  Pull=95%/0.0047
  ✓ drawer_close    rew=  76.903  ph=2  success=17/20 (85%) streak=8  | Reach=5%/0.0582  Grasp=5%/0.0655  Push=85%/0.0116
    window_open     rew=  95.567  ph=2  success=10/20 (50%) streak=0  | Reach=45%/0.0669  Grasp=50%/0.0603  Slide=50%/0.0918
    window_close    rew= 123.294  ph=2  success=19/20 (95%) streak=3  | Reach=90%/0.0267  Grasp=85%/0.0246  Slide=95%/0.0089
    dial_turn       rew= 102.144  ph=3  success=1/20 (5%) streak=0  | Reach=100%/0.0156  Descend=100%/0.0072  Grasp=100%/0.0056  Turn=5%/1.1368
    door_open       rew= 175.472  ph=2  success=18/20 (90%) streak=1  | Reach=80%/0.0297  Grasp=85%/0.0274  Swing=90%/0.0703

Iter  915:  Σrew=992.637  grad=6186.8(max 9969 of 3)  [phase1=21.3s bptt=43.8s elapsed=59818s]
  heads (5/11 clipped)   trunk |g|=1919 lim=1500 x0.78
          reach x9  |g|=    9332 lim=  3000 x0.32       descend x3  |g|=    2271 lim=  1500 x0.66  
           move x2  |g|=    2220 lim=  1000 x0.45         grasp x8  |g|=    1325 lim=  1000 x0.75  
          swing x1  |g|=    1151 lim=  2000 x1.00   pull_drawer x1  |g|=    1094 lim=  1000 x0.91  
    push_drawer x1  |g|=     681 lim=  1000 x1.00   slide_close x1  |g|=     256 lim=  1000 x1.00  
     slide_open x1  |g|=     222 lim=  1000 x1.00       release x1  |g|=     204 lim=   500 x1.00  
           turn x1  |g|=      39 lim=  1500 x1.00  
    reach           rew=   7.660  ph=0  success=14/20 (70%) streak=0  | Reach=70%/0.0293
    cube_stacking   rew= 132.965  ph=4  success=17/20 (85%) streak=2  | Reach=100%/0.0196  Descend=100%/0.0134  Grasp=100%/0.0070  Move=95%/0.0160  Release=100%/0.0374
    pick_and_place  rew= 103.774  ph=3  success=11/20 (55%) streak=0  | Reach=100%/0.0149  Descend=100%/0.0101  Grasp=100%/0.0041  Move=55%/0.0290
    drawer_open     rew= 141.228  ph=2  success=20/20 (100%) streak=3  | Reach=100%/0.0058  Grasp=100%/0.0046  Pull=100%/0.0002
  ✓ drawer_close    rew= 118.907  ph=2  success=18/20 (90%) streak=9  | Reach=60%/0.0249  Grasp=65%/0.0270  Push=90%/0.0050
    window_open     rew= 111.479  ph=2  success=16/20 (80%) streak=1  | Reach=65%/0.0518  Grasp=80%/0.0452  Slide=80%/0.0401
  ✓ window_close    rew= 136.229  ph=2  success=18/20 (90%) streak=4  | Reach=80%/0.0199  Grasp=95%/0.0111  Slide=90%/0.0198
    dial_turn       rew=  90.039  ph=3  success=0/20 (0%) streak=0  | Reach=100%/0.0076  Descend=100%/0.0094  Grasp=100%/0.0097  Turn=0%/0.9979
    door_open       rew= 150.356  ph=2  success=15/20 (75%) streak=0  | Reach=75%/0.0449  Grasp=75%/0.0396  Swing=75%/0.1611

Iter  920:  Σrew=1031.947  grad=9394.5(max 17551 of 3)  [phase1=21.8s bptt=43.8s elapsed=60156s]
  heads (5/11 clipped)   trunk |g|=3038 lim=1500 x0.49
          reach x9  |g|=   17203 lim=  3000 x0.17   pull_drawer x1  |g|=    2131 lim=  1000 x0.47  
          swing x1  |g|=    1835 lim=  2000 x1.00          move x2  |g|=    1834 lim=  1000 x0.55  
        descend x3  |g|=    1536 lim=  1500 x0.98   push_drawer x1  |g|=    1389 lim=  1000 x0.72  
          grasp x8  |g|=     851 lim=  1000 x1.00   slide_close x1  |g|=     772 lim=  1000 x1.00  
     slide_open x1  |g|=     443 lim=  1000 x1.00       release x1  |g|=     183 lim=   500 x1.00  
           turn x1  |g|=      10 lim=  1500 x1.00  
    reach           rew=  10.169  ph=0  success=13/20 (65%) streak=0  | Reach=65%/0.0262
    cube_stacking   rew= 131.897  ph=4  success=17/20 (85%) streak=3  | Reach=100%/0.0213  Descend=100%/0.0119  Grasp=100%/0.0050  Move=100%/0.0152  Release=100%/0.0362
    pick_and_place  rew= 106.606  ph=3  success=4/20 (20%) streak=0  | Reach=85%/0.0293  Descend=80%/0.0299  Grasp=80%/0.0253  Move=20%/0.0839
  ✓ drawer_open     rew= 142.828  ph=2  success=19/20 (95%) streak=4  | Reach=85%/0.0252  Grasp=90%/0.0234  Pull=95%/0.0032
  ✓ drawer_close    rew= 124.042  ph=2  success=20/20 (100%) streak=10  | Reach=70%/0.0254  Grasp=75%/0.0223  Push=100%/0.0007
    window_open     rew= 121.690  ph=2  success=18/20 (90%) streak=2  | Reach=85%/0.0163  Grasp=100%/0.0079  Slide=90%/0.0206
  ✓ window_close    rew= 132.201  ph=2  success=19/20 (95%) streak=5  | Reach=95%/0.0173  Grasp=100%/0.0080  Slide=95%/0.0105
    dial_turn       rew=  88.158  ph=3  success=3/20 (15%) streak=0  | Reach=95%/0.0232  Descend=80%/0.0278  Grasp=100%/0.0249  Turn=15%/0.7833
    door_open       rew= 174.354  ph=2  success=17/20 (85%) streak=1  | Reach=70%/0.0327  Grasp=85%/0.0285  Swing=85%/0.0813

Iter  925:  Σrew=983.812  grad=6591.2(max 8385 of 3)  [phase1=21.2s bptt=43.7s elapsed=60502s]
  heads (6/11 clipped)   trunk |g|=2213 lim=1500 x0.68
          reach x9  |g|=    7825 lim=  3000 x0.38          move x2  |g|=    4411 lim=  1000 x0.23  
        descend x3  |g|=    2600 lim=  1500 x0.58   pull_drawer x1  |g|=    2513 lim=  1000 x0.40  
          swing x1  |g|=    2023 lim=  2000 x0.99         grasp x8  |g|=    1434 lim=  1000 x0.70  
    push_drawer x1  |g|=     523 lim=  1000 x1.00   slide_close x1  |g|=     408 lim=  1000 x1.00  
        release x1  |g|=     258 lim=   500 x1.00    slide_open x1  |g|=     109 lim=  1000 x1.00  
           turn x1  |g|=      15 lim=  1500 x1.00  
    reach           rew=   8.399  ph=0  success=10/20 (50%) streak=0  | Reach=50%/0.0301
  ✓ cube_stacking   rew= 131.155  ph=4  success=19/20 (95%) streak=4  | Reach=100%/0.0229  Descend=100%/0.0100  Grasp=100%/0.0044  Move=100%/0.0122  Release=100%/0.0207
    pick_and_place  rew= 107.974  ph=3  success=10/20 (50%) streak=0  | Reach=100%/0.0173  Descend=100%/0.0075  Grasp=100%/0.0044  Move=50%/0.0287
  ✓ drawer_open     rew= 140.994  ph=2  success=20/20 (100%) streak=5  | Reach=100%/0.0072  Grasp=100%/0.0039  Pull=100%/0.0006
  ✓ drawer_close    rew=  85.085  ph=2  success=20/20 (100%) streak=11  | Reach=25%/0.0447  Grasp=25%/0.0487  Push=100%/0.0013
    window_open     rew= 113.511  ph=2  success=17/20 (85%) streak=3  | Reach=60%/0.0384  Grasp=80%/0.0296  Slide=85%/0.0271
  ✓ window_close    rew= 130.937  ph=2  success=18/20 (90%) streak=6  | Reach=85%/0.0213  Grasp=100%/0.0114  Slide=90%/0.0228
    dial_turn       rew=  83.214  ph=3  success=0/20 (0%) streak=0  | Reach=100%/0.0084  Descend=100%/0.0052  Grasp=100%/0.0054  Turn=0%/1.3595
    door_open       rew= 182.542  ph=2  success=18/20 (90%) streak=2  | Reach=90%/0.0233  Grasp=90%/0.0202  Swing=90%/0.0698

Iter  930:  Σrew=1006.320  grad=4160.2(max 6362 of 3)  [phase1=21.5s bptt=43.7s elapsed=60849s]
  heads (4/11 clipped)   trunk |g|=1951 lim=1500 x0.77
    pull_drawer x1  |g|=    4978 lim=  1000 x0.20         reach x9  |g|=    3600 lim=  3000 x0.83  
          swing x1  |g|=    1715 lim=  2000 x1.00       descend x3  |g|=    1346 lim=  1500 x1.00  
          grasp x8  |g|=    1045 lim=  1000 x0.96   push_drawer x1  |g|=    1004 lim=  1000 x1.00  
           move x2  |g|=     956 lim=  1000 x1.00   slide_close x1  |g|=     492 lim=  1000 x1.00  
     slide_open x1  |g|=     311 lim=  1000 x1.00       release x1  |g|=     193 lim=   500 x1.00  
           turn x1  |g|=      99 lim=  1500 x1.00  
    reach           rew=   7.614  ph=0  success=13/20 (65%) streak=0  | Reach=65%/0.0265
  ✓ cube_stacking   rew= 134.003  ph=4  success=17/20 (85%) streak=5  | Reach=100%/0.0226  Descend=100%/0.0110  Grasp=95%/0.0084  Move=95%/0.0184  Release=100%/0.0397
    pick_and_place  rew= 112.112  ph=3  success=14/20 (70%) streak=0  | Reach=100%/0.0133  Descend=100%/0.0078  Grasp=100%/0.0054  Move=70%/0.0268
  ✓ drawer_open     rew= 130.880  ph=2  success=20/20 (100%) streak=6  | Reach=100%/0.0095  Grasp=100%/0.0061  Pull=100%/0.0008
  ✓ drawer_close    rew=  98.096  ph=2  success=20/20 (100%) streak=12  | Reach=40%/0.0384  Grasp=40%/0.0432  Push=100%/0.0009
  ✓ window_open     rew= 139.311  ph=2  success=20/20 (100%) streak=4  | Reach=80%/0.0186  Grasp=95%/0.0080  Slide=100%/0.0011
  ✓ window_close    rew= 117.703  ph=2  success=17/20 (85%) streak=7  | Reach=95%/0.0179  Grasp=100%/0.0080  Slide=85%/0.0284
    dial_turn       rew=  89.253  ph=3  success=0/20 (0%) streak=0  | Reach=100%/0.0145  Descend=100%/0.0173  Grasp=100%/0.0167  Turn=0%/1.3558
    door_open       rew= 177.349  ph=2  success=17/20 (85%) streak=3  | Reach=80%/0.0295  Grasp=85%/0.0231  Swing=85%/0.0833

Iter  935:  Σrew=1054.144  grad=7203.6(max 8441 of 3)  [phase1=31.4s bptt=43.8s elapsed=61196s]
  heads (5/11 clipped)   trunk |g|=1768 lim=1500 x0.85
          reach x9  |g|=    8228 lim=  3000 x0.36       descend x3  |g|=    2732 lim=  1500 x0.55  
          swing x1  |g|=    2004 lim=  2000 x1.00   pull_drawer x1  |g|=    1980 lim=  1000 x0.51  
           move x2  |g|=    1800 lim=  1000 x0.56   push_drawer x1  |g|=     826 lim=  1000 x1.00  
          grasp x8  |g|=     711 lim=  1000 x1.00    slide_open x1  |g|=     301 lim=  1000 x1.00  
    slide_close x1  |g|=     226 lim=  1000 x1.00       release x1  |g|=     215 lim=   500 x1.00  
           turn x1  |g|=     115 lim=  1500 x1.00  
    reach           rew=   5.858  ph=0  success=5/20 (25%) streak=0  | Reach=25%/0.0363
  ✓ cube_stacking   rew= 135.506  ph=4  success=19/20 (95%) streak=6  | Reach=100%/0.0199  Descend=100%/0.0062  Grasp=100%/0.0037  Move=100%/0.0103  Release=100%/0.0253
    pick_and_place  rew= 107.649  ph=3  success=7/20 (35%) streak=0  | Reach=100%/0.0185  Descend=100%/0.0080  Grasp=100%/0.0040  Move=35%/0.0348
  ✓ drawer_open     rew= 140.386  ph=2  success=20/20 (100%) streak=7  | Reach=100%/0.0097  Grasp=100%/0.0069  Pull=100%/0.0010
  ✓ drawer_close    rew= 137.657  ph=2  success=20/20 (100%) streak=13  | Reach=85%/0.0183  Grasp=85%/0.0157  Push=100%/0.0025
    window_open     rew= 106.993  ph=2  success=15/20 (75%) streak=0  | Reach=75%/0.0442  Grasp=80%/0.0390  Slide=75%/0.0483
  ✓ window_close    rew= 131.055  ph=2  success=19/20 (95%) streak=8  | Reach=95%/0.0166  Grasp=100%/0.0064  Slide=95%/0.0074
    dial_turn       rew=  97.306  ph=3  success=2/20 (10%) streak=0  | Reach=100%/0.0071  Descend=100%/0.0043  Grasp=100%/0.0031  Turn=10%/0.9078
  ✓ door_open       rew= 191.734  ph=2  success=18/20 (90%) streak=4  | Reach=85%/0.0242  Grasp=90%/0.0178  Swing=90%/0.0700

Iter  940:  Σrew=1015.111  grad=10586.4(max 14948 of 3)  [phase1=21.7s bptt=44.4s elapsed=61534s]
  heads (6/11 clipped)   trunk |g|=2903 lim=1500 x0.52
          reach x9  |g|=   14467 lim=  3000 x0.21       descend x3  |g|=    2020 lim=  1500 x0.74  
          swing x1  |g|=    2002 lim=  2000 x1.00          move x2  |g|=    1691 lim=  1000 x0.59  
    pull_drawer x1  |g|=    1517 lim=  1000 x0.66         grasp x8  |g|=    1171 lim=  1000 x0.85  
    push_drawer x1  |g|=     408 lim=  1000 x1.00   slide_close x1  |g|=     214 lim=  1000 x1.00  
           turn x1  |g|=     132 lim=  1500 x1.00    slide_open x1  |g|=     111 lim=  1000 x1.00  
        release x1  |g|=      53 lim=   500 x1.00  
    reach           rew=   8.962  ph=0  success=12/20 (60%) streak=0  | Reach=60%/0.0287
    cube_stacking   rew= 132.898  ph=4  success=15/20 (75%) streak=0  | Reach=100%/0.0228  Descend=95%/0.0132  Grasp=95%/0.0110  Move=95%/0.0236  Release=100%/0.0454
    pick_and_place  rew= 105.344  ph=3  success=5/20 (25%) streak=0  | Reach=100%/0.0173  Descend=100%/0.0151  Grasp=100%/0.0141  Move=25%/0.0495
  ✓ drawer_open     rew= 143.038  ph=2  success=20/20 (100%) streak=8  | Reach=100%/0.0093  Grasp=100%/0.0098  Pull=100%/0.0004
  ✓ drawer_close    rew= 126.376  ph=2  success=16/20 (80%) streak=14  | Reach=40%/0.0420  Grasp=50%/0.0372  Push=80%/0.0127
    window_open     rew= 119.432  ph=2  success=17/20 (85%) streak=1  | Reach=55%/0.0492  Grasp=55%/0.0549  Slide=85%/0.0297
    window_close    rew= 109.969  ph=2  success=15/20 (75%) streak=0  | Reach=90%/0.0193  Grasp=95%/0.0121  Slide=75%/0.0500
    dial_turn       rew= 105.402  ph=3  success=1/20 (5%) streak=0  | Reach=100%/0.0074  Descend=100%/0.0087  Grasp=100%/0.0098  Turn=5%/0.8986
    door_open       rew= 163.691  ph=2  success=15/20 (75%) streak=0  | Reach=50%/0.0507  Grasp=65%/0.0456  Swing=75%/0.1548

Iter  945:  Σrew=1034.463  grad=5352.5(max 8219 of 3)  [phase1=21.4s bptt=43.8s elapsed=61880s]
  heads (3/11 clipped)   trunk |g|=2449 lim=1500 x0.61
           move x2  |g|=    5106 lim=  1000 x0.20         reach x9  |g|=    4612 lim=  3000 x0.65  
        descend x3  |g|=    4108 lim=  1500 x0.37         swing x1  |g|=     897 lim=  2000 x1.00  
    pull_drawer x1  |g|=     882 lim=  1000 x1.00         grasp x8  |g|=     781 lim=  1000 x1.00  
    push_drawer x1  |g|=     475 lim=  1000 x1.00   slide_close x1  |g|=     299 lim=  1000 x1.00  
     slide_open x1  |g|=     112 lim=  1000 x1.00       release x1  |g|=      84 lim=   500 x1.00  
           turn x1  |g|=      59 lim=  1500 x1.00  
    reach           rew=   8.980  ph=0  success=13/20 (65%) streak=0  | Reach=65%/0.0265
    cube_stacking   rew= 137.884  ph=4  success=6/20 (30%) streak=0  | Reach=100%/0.0226  Descend=70%/0.0298  Grasp=70%/0.0309  Move=45%/0.0982  Release=100%/0.1349
    pick_and_place  rew= 111.202  ph=3  success=5/20 (25%) streak=0  | Reach=100%/0.0263  Descend=60%/0.0342  Grasp=55%/0.0364  Move=25%/0.0942
  ✓ drawer_open     rew= 144.007  ph=2  success=20/20 (100%) streak=9  | Reach=100%/0.0162  Grasp=100%/0.0156  Pull=100%/0.0019
  ✓ drawer_close    rew=  97.362  ph=2  success=20/20 (100%) streak=15  | Reach=40%/0.0363  Grasp=40%/0.0413  Push=100%/0.0004
    window_open     rew= 137.025  ph=2  success=20/20 (100%) streak=2  | Reach=85%/0.0210  Grasp=95%/0.0078  Slide=100%/0.0008
    window_close    rew= 115.336  ph=2  success=17/20 (85%) streak=1  | Reach=85%/0.0184  Grasp=95%/0.0093  Slide=85%/0.0308
    dial_turn       rew=  99.495  ph=3  success=5/20 (25%) streak=0  | Reach=100%/0.0160  Descend=100%/0.0249  Grasp=100%/0.0223  Turn=25%/0.4115
    door_open       rew= 183.173  ph=2  success=18/20 (90%) streak=1  | Reach=70%/0.0342  Grasp=85%/0.0316  Swing=90%/0.0567

Iter  950:  Σrew=1060.608  grad=4582.4(max 5867 of 3)  [phase1=21.4s bptt=43.8s elapsed=62216s]
  heads (4/11 clipped)   trunk |g|=1541 lim=1500 x0.97
          reach x9  |g|=    4946 lim=  3000 x0.61          move x2  |g|=    2195 lim=  1000 x0.46  
          swing x1  |g|=    1696 lim=  2000 x1.00       descend x3  |g|=    1426 lim=  1500 x1.00  
    pull_drawer x1  |g|=    1106 lim=  1000 x0.90   slide_close x1  |g|=    1077 lim=  1000 x0.93  
          grasp x8  |g|=     822 lim=  1000 x1.00   push_drawer x1  |g|=     288 lim=  1000 x1.00  
     slide_open x1  |g|=     227 lim=  1000 x1.00       release x1  |g|=      94 lim=   500 x1.00  
           turn x1  |g|=      68 lim=  1500 x1.00  
    reach           rew=   6.893  ph=0  success=9/20 (45%) streak=0  | Reach=45%/0.0343
    cube_stacking   rew= 136.595  ph=4  success=16/20 (80%) streak=1  | Reach=100%/0.0213  Descend=100%/0.0090  Grasp=100%/0.0078  Move=95%/0.0239  Release=100%/0.0412
    pick_and_place  rew= 114.111  ph=3  success=14/20 (70%) streak=0  | Reach=100%/0.0162  Descend=100%/0.0058  Grasp=100%/0.0037  Move=70%/0.0240
  ✓ drawer_open     rew= 142.478  ph=2  success=20/20 (100%) streak=10  | Reach=100%/0.0161  Grasp=100%/0.0138  Pull=100%/0.0005
  ✓ drawer_close    rew= 120.582  ph=2  success=20/20 (100%) streak=16  | Reach=60%/0.0307  Grasp=65%/0.0264  Push=100%/0.0011
    window_open     rew= 124.128  ph=2  success=18/20 (90%) streak=3  | Reach=85%/0.0253  Grasp=85%/0.0222  Slide=90%/0.0205
    window_close    rew= 129.184  ph=2  success=16/20 (80%) streak=2  | Reach=65%/0.0239  Grasp=90%/0.0122  Slide=80%/0.0377
    dial_turn       rew= 117.445  ph=3  success=8/20 (40%) streak=0  | Reach=100%/0.0107  Descend=100%/0.0062  Grasp=100%/0.0051  Turn=40%/0.2882
    door_open       rew= 169.192  ph=2  success=16/20 (80%) streak=2  | Reach=80%/0.0349  Grasp=80%/0.0274  Swing=80%/0.1070
  ✓ saved vision_all_balance_{params,obs_rms,opt}.pkl + _{learning,gradients}.png at iter 950

Iter  955:  Σrew=1049.993  grad=4590.1(max 5683 of 3)  [phase1=21.0s bptt=43.8s elapsed=62571s]
  heads (4/11 clipped)   trunk |g|=1267 lim=1500 x1.00
          reach x9  |g|=    4530 lim=  3000 x0.66          move x2  |g|=    2780 lim=  1000 x0.36  
    pull_drawer x1  |g|=    2374 lim=  1000 x0.42       descend x3  |g|=    1598 lim=  1500 x0.94  
          swing x1  |g|=    1443 lim=  2000 x1.00         grasp x8  |g|=     588 lim=  1000 x1.00  
     slide_open x1  |g|=     519 lim=  1000 x1.00   push_drawer x1  |g|=     407 lim=  1000 x1.00  
           turn x1  |g|=     258 lim=  1500 x1.00   slide_close x1  |g|=     240 lim=  1000 x1.00  
        release x1  |g|=     221 lim=   500 x1.00  
    reach           rew=   9.500  ph=0  success=12/20 (60%) streak=0  | Reach=60%/0.0314
    cube_stacking   rew= 130.780  ph=4  success=17/20 (85%) streak=2  | Reach=100%/0.0193  Descend=100%/0.0099  Grasp=95%/0.0083  Move=95%/0.0136  Release=100%/0.0332
    pick_and_place  rew= 113.558  ph=3  success=15/20 (75%) streak=0  | Reach=100%/0.0205  Descend=95%/0.0148  Grasp=95%/0.0152  Move=75%/0.0250
  ✓ drawer_open     rew= 144.117  ph=2  success=20/20 (100%) streak=11  | Reach=100%/0.0112  Grasp=100%/0.0056  Pull=100%/0.0002
  ✓ drawer_close    rew= 104.319  ph=2  success=19/20 (95%) streak=17  | Reach=60%/0.0313  Grasp=60%/0.0356  Push=95%/0.0056
  ✓ window_open     rew= 129.193  ph=2  success=19/20 (95%) streak=4  | Reach=85%/0.0252  Grasp=95%/0.0117  Slide=95%/0.0109
    window_close    rew= 143.126  ph=2  success=20/20 (100%) streak=3  | Reach=95%/0.0183  Grasp=95%/0.0145  Slide=100%/0.0029
    dial_turn       rew= 110.626  ph=3  success=2/20 (10%) streak=0  | Reach=95%/0.0199  Descend=100%/0.0176  Grasp=100%/0.0152  Turn=10%/0.7014
    door_open       rew= 164.773  ph=2  success=17/20 (85%) streak=3  | Reach=60%/0.0479  Grasp=65%/0.0397  Swing=85%/0.1033

Iter  960:  Σrew=1032.929  grad=4635.6(max 5703 of 3)  [phase1=21.3s bptt=44.0s elapsed=62919s]
  heads (4/11 clipped)   trunk |g|=1269 lim=1500 x1.00
          reach x9  |g|=    5458 lim=  3000 x0.55       descend x3  |g|=    2221 lim=  1500 x0.68  
           move x2  |g|=    1329 lim=  1000 x0.75   slide_close x1  |g|=    1089 lim=  1000 x0.92  
          swing x1  |g|=    1011 lim=  2000 x1.00         grasp x8  |g|=     496 lim=  1000 x1.00  
    pull_drawer x1  |g|=     446 lim=  1000 x1.00   push_drawer x1  |g|=     185 lim=  1000 x1.00  
           turn x1  |g|=     122 lim=  1500 x1.00    slide_open x1  |g|=     100 lim=  1000 x1.00  
        release x1  |g|=      94 lim=   500 x1.00  
    reach           rew=   8.317  ph=0  success=13/20 (65%) streak=0  | Reach=65%/0.0246
    cube_stacking   rew= 135.068  ph=4  success=18/20 (90%) streak=3  | Reach=100%/0.0171  Descend=100%/0.0074  Grasp=100%/0.0043  Move=100%/0.0100  Release=100%/0.0238
    pick_and_place  rew= 114.108  ph=3  success=14/20 (70%) streak=0  | Reach=100%/0.0189  Descend=100%/0.0128  Grasp=100%/0.0057  Move=70%/0.0266
  ✓ drawer_open     rew= 143.711  ph=2  success=20/20 (100%) streak=12  | Reach=100%/0.0071  Grasp=100%/0.0044  Pull=100%/0.0010
  ✓ drawer_close    rew=  95.698  ph=2  success=20/20 (100%) streak=18  | Reach=35%/0.0433  Grasp=45%/0.0422  Push=100%/0.0023
    window_open     rew=  99.134  ph=2  success=14/20 (70%) streak=0  | Reach=65%/0.0535  Grasp=75%/0.0487  Slide=70%/0.0476
  ✓ window_close    rew= 112.858  ph=2  success=18/20 (90%) streak=4  | Reach=90%/0.0181  Grasp=85%/0.0146  Slide=90%/0.0094
    dial_turn       rew= 121.081  ph=3  success=12/20 (60%) streak=0  | Reach=100%/0.0058  Descend=100%/0.0058  Grasp=100%/0.0040  Turn=60%/0.2058
  ✓ door_open       rew= 202.954  ph=2  success=20/20 (100%) streak=4  | Reach=95%/0.0178  Grasp=95%/0.0149  Swing=100%/0.0006

Iter  965:  Σrew=1012.591  grad=4023.0(max 5625 of 3)  [phase1=21.8s bptt=43.8s elapsed=63254s]
  heads (4/11 clipped)   trunk |g|=2170 lim=1500 x0.69
           move x2  |g|=    3403 lim=  1000 x0.29         reach x9  |g|=    3210 lim=  3000 x0.93  
        descend x3  |g|=    2768 lim=  1500 x0.54   push_drawer x1  |g|=    1114 lim=  1000 x0.90  
          grasp x8  |g|=     931 lim=  1000 x1.00   slide_close x1  |g|=     631 lim=  1000 x1.00  
    pull_drawer x1  |g|=     533 lim=  1000 x1.00          turn x1  |g|=     416 lim=  1500 x1.00  
          swing x1  |g|=     388 lim=  2000 x1.00       release x1  |g|=     220 lim=   500 x1.00  
     slide_open x1  |g|=     208 lim=  1000 x1.00  
    reach           rew=   8.165  ph=0  success=12/20 (60%) streak=0  | Reach=60%/0.0290
  ✓ cube_stacking   rew= 129.763  ph=4  success=16/20 (80%) streak=4  | Reach=100%/0.0187  Descend=100%/0.0073  Grasp=100%/0.0041  Move=100%/0.0149  Release=100%/0.0231
    pick_and_place  rew= 107.520  ph=3  success=7/20 (35%) streak=0  | Reach=100%/0.0164  Descend=100%/0.0050  Grasp=100%/0.0033  Move=35%/0.0357
  ✓ drawer_open     rew= 140.128  ph=2  success=20/20 (100%) streak=13  | Reach=100%/0.0104  Grasp=100%/0.0062  Pull=100%/0.0025
  ✓ drawer_close    rew= 115.472  ph=2  success=20/20 (100%) streak=19  | Reach=45%/0.0400  Grasp=55%/0.0358  Push=100%/0.0011
    window_open     rew=  90.778  ph=2  success=13/20 (65%) streak=0  | Reach=45%/0.0664  Grasp=60%/0.0626  Slide=65%/0.0602
  ✓ window_close    rew= 139.054  ph=2  success=19/20 (95%) streak=5  | Reach=95%/0.0141  Grasp=95%/0.0076  Slide=95%/0.0108
    dial_turn       rew= 107.579  ph=3  success=10/20 (50%) streak=0  | Reach=100%/0.0113  Descend=100%/0.0120  Grasp=100%/0.0117  Turn=50%/0.4731
  ✓ door_open       rew= 174.131  ph=2  success=17/20 (85%) streak=5  | Reach=75%/0.0375  Grasp=85%/0.0336  Swing=85%/0.1027

Iter  970:  Σrew=1036.069  grad=7043.5(max 8863 of 3)  [phase1=21.4s bptt=43.9s elapsed=63600s]
  heads (6/11 clipped)   trunk |g|=1728 lim=1500 x0.87
          reach x9  |g|=    8587 lim=  3000 x0.35   pull_drawer x1  |g|=    3152 lim=  1000 x0.32  
           move x2  |g|=    2619 lim=  1000 x0.38         swing x1  |g|=    2047 lim=  2000 x0.98  
        descend x3  |g|=    1635 lim=  1500 x0.92   push_drawer x1  |g|=    1194 lim=  1000 x0.84  
          grasp x8  |g|=     684 lim=  1000 x1.00          turn x1  |g|=     283 lim=  1500 x1.00  
     slide_open x1  |g|=     186 lim=  1000 x1.00   slide_close x1  |g|=     176 lim=  1000 x1.00  
        release x1  |g|=      90 lim=   500 x1.00  
    reach           rew=   9.409  ph=0  success=12/20 (60%) streak=0  | Reach=60%/0.0286
    cube_stacking   rew= 129.456  ph=4  success=8/20 (40%) streak=0  | Reach=95%/0.0349  Descend=90%/0.0223  Grasp=85%/0.0176  Move=85%/0.0445  Release=100%/0.0775
    pick_and_place  rew= 114.317  ph=3  success=6/20 (30%) streak=0  | Reach=80%/0.0300  Descend=75%/0.0276  Grasp=75%/0.0231  Move=30%/0.0849
  ✓ drawer_open     rew= 137.019  ph=2  success=20/20 (100%) streak=14  | Reach=100%/0.0104  Grasp=100%/0.0084  Pull=100%/0.0001
  ✓ drawer_close    rew= 114.553  ph=2  success=20/20 (100%) streak=20  | Reach=50%/0.0359  Grasp=50%/0.0415  Push=100%/0.0013
    window_open     rew=  81.278  ph=2  success=12/20 (60%) streak=0  | Reach=60%/0.0532  Grasp=70%/0.0489  Slide=60%/0.0685
    window_close    rew= 135.070  ph=2  success=14/20 (70%) streak=0  | Reach=70%/0.0316  Grasp=75%/0.0177  Slide=70%/0.0559
    dial_turn       rew= 110.228  ph=3  success=5/20 (25%) streak=0  | Reach=100%/0.0134  Descend=100%/0.0151  Grasp=100%/0.0153  Turn=25%/0.5233
  ✓ door_open       rew= 204.738  ph=2  success=20/20 (100%) streak=6  | Reach=90%/0.0211  Grasp=95%/0.0124  Swing=100%/0.0006

⚠ iter 972 chunk 3/3: non-finite grads — update skipped (1 in a row, 5 total). Weights and ObsRMS left untouched.

Iter  975:  Σrew=1010.814  grad=4483.7(max 5310 of 3)  [phase1=21.4s bptt=43.8s elapsed=63947s]
  heads (5/11 clipped)   trunk |g|=1474 lim=1500 x1.00
          reach x9  |g|=    4959 lim=  3000 x0.60          move x2  |g|=    2510 lim=  1000 x0.40  
        descend x3  |g|=    1790 lim=  1500 x0.84   pull_drawer x1  |g|=    1587 lim=  1000 x0.63  
    slide_close x1  |g|=    1079 lim=  1000 x0.93         swing x1  |g|=     814 lim=  2000 x1.00  
          grasp x8  |g|=     673 lim=  1000 x1.00    slide_open x1  |g|=     275 lim=  1000 x1.00  
    push_drawer x1  |g|=     212 lim=  1000 x1.00       release x1  |g|=     135 lim=   500 x1.00  
           turn x1  |g|=      57 lim=  1500 x1.00  
    reach           rew=   6.926  ph=0  success=10/20 (50%) streak=0  | Reach=50%/0.0313
    cube_stacking   rew= 128.937  ph=4  success=8/20 (40%) streak=0  | Reach=100%/0.0282  Descend=100%/0.0147  Grasp=100%/0.0129  Move=100%/0.0271  Release=100%/0.0838
    pick_and_place  rew= 111.334  ph=3  success=10/20 (50%) streak=0  | Reach=100%/0.0219  Descend=100%/0.0158  Grasp=100%/0.0122  Move=50%/0.0278
  ✓ drawer_open     rew= 143.303  ph=2  success=20/20 (100%) streak=15  | Reach=100%/0.0074  Grasp=100%/0.0040  Pull=100%/0.0001
  ✓ drawer_close    rew=  88.574  ph=2  success=20/20 (100%) streak=21  | Reach=35%/0.0393  Grasp=30%/0.0382  Push=100%/0.0003
    window_open     rew= 109.877  ph=2  success=16/20 (80%) streak=1  | Reach=45%/0.0779  Grasp=55%/0.0856  Slide=80%/0.0394
    window_close    rew= 106.082  ph=2  success=16/20 (80%) streak=1  | Reach=90%/0.0277  Grasp=90%/0.0209  Slide=80%/0.0377
    dial_turn       rew= 105.376  ph=3  success=1/20 (5%) streak=0  | Reach=100%/0.0074  Descend=100%/0.0069  Grasp=100%/0.0063  Turn=5%/1.0213
  ✓ door_open       rew= 210.404  ph=2  success=20/20 (100%) streak=7  | Reach=80%/0.0217  Grasp=90%/0.0175  Swing=100%/0.0010

Iter  980:  Σrew=1039.016  grad=5157.3(max 5958 of 3)  [phase1=21.0s bptt=43.8s elapsed=64282s]
  heads (6/11 clipped)   trunk |g|=1447 lim=1500 x1.00
          reach x9  |g|=    4562 lim=  3000 x0.66          move x2  |g|=    3866 lim=  1000 x0.26  
          swing x1  |g|=    2154 lim=  2000 x0.93       descend x3  |g|=    2061 lim=  1500 x0.73  
    pull_drawer x1  |g|=    1637 lim=  1000 x0.61   push_drawer x1  |g|=    1083 lim=  1000 x0.92  
          grasp x8  |g|=     755 lim=  1000 x1.00          turn x1  |g|=     634 lim=  1500 x1.00  
    slide_close x1  |g|=     500 lim=  1000 x1.00    slide_open x1  |g|=     377 lim=  1000 x1.00  
        release x1  |g|=     234 lim=   500 x1.00  
    reach           rew=   7.787  ph=0  success=10/20 (50%) streak=0  | Reach=50%/0.0287
    cube_stacking   rew= 131.269  ph=4  success=15/20 (75%) streak=0  | Reach=95%/0.0230  Descend=95%/0.0150  Grasp=95%/0.0119  Move=95%/0.0244  Release=100%/0.0477
    pick_and_place  rew= 111.636  ph=3  success=9/20 (45%) streak=0  | Reach=100%/0.0214  Descend=100%/0.0129  Grasp=100%/0.0106  Move=45%/0.0360
  ✓ drawer_open     rew= 141.030  ph=2  success=20/20 (100%) streak=16  | Reach=100%/0.0081  Grasp=100%/0.0043  Pull=100%/0.0002
  ✓ drawer_close    rew= 115.866  ph=2  success=19/20 (95%) streak=22  | Reach=65%/0.0311  Grasp=70%/0.0357  Push=95%/0.0030
    window_open     rew= 107.390  ph=2  success=17/20 (85%) streak=2  | Reach=80%/0.0383  Grasp=75%/0.0354  Slide=85%/0.0199
    window_close    rew= 133.891  ph=2  success=19/20 (95%) streak=2  | Reach=100%/0.0204  Grasp=100%/0.0088  Slide=95%/0.0096
    dial_turn       rew=  99.422  ph=3  success=4/20 (20%) streak=0  | Reach=100%/0.0087  Descend=100%/0.0054  Grasp=100%/0.0046  Turn=20%/0.7910
  ✓ door_open       rew= 190.724  ph=2  success=18/20 (90%) streak=8  | Reach=75%/0.0265  Grasp=85%/0.0176  Swing=90%/0.0680

Iter  985:  Σrew=1041.137  grad=5109.5(max 6811 of 3)  [phase1=21.9s bptt=43.8s elapsed=64631s]
  heads (5/11 clipped)   trunk |g|=1776 lim=1500 x0.84
          reach x9  |g|=    5921 lim=  3000 x0.51         swing x1  |g|=    3635 lim=  2000 x0.55  
    pull_drawer x1  |g|=    2395 lim=  1000 x0.42          move x2  |g|=    1943 lim=  1000 x0.51  
        descend x3  |g|=    1830 lim=  1500 x0.82   push_drawer x1  |g|=     789 lim=  1000 x1.00  
          grasp x8  |g|=     629 lim=  1000 x1.00   slide_close x1  |g|=     549 lim=  1000 x1.00  
     slide_open x1  |g|=     374 lim=  1000 x1.00       release x1  |g|=     182 lim=   500 x1.00  
           turn x1  |g|=     179 lim=  1500 x1.00  
    reach           rew=   9.029  ph=0  success=10/20 (50%) streak=0  | Reach=50%/0.0301
    cube_stacking   rew= 132.142  ph=4  success=17/20 (85%) streak=1  | Reach=100%/0.0204  Descend=100%/0.0081  Grasp=100%/0.0040  Move=100%/0.0170  Release=100%/0.0353
    pick_and_place  rew= 108.416  ph=3  success=11/20 (55%) streak=0  | Reach=100%/0.0164  Descend=100%/0.0064  Grasp=100%/0.0032  Move=55%/0.0281
  ✓ drawer_open     rew= 144.241  ph=2  success=20/20 (100%) streak=17  | Reach=100%/0.0063  Grasp=100%/0.0047  Pull=100%/0.0001
  ✓ drawer_close    rew= 115.041  ph=2  success=18/20 (90%) streak=23  | Reach=60%/0.0252  Grasp=65%/0.0224  Push=90%/0.0046
    window_open     rew= 110.835  ph=2  success=13/20 (65%) streak=0  | Reach=55%/0.0486  Grasp=85%/0.0378  Slide=65%/0.0561
    window_close    rew= 117.083  ph=2  success=18/20 (90%) streak=3  | Reach=65%/0.0319  Grasp=80%/0.0261  Slide=90%/0.0216
    dial_turn       rew= 123.490  ph=3  success=7/20 (35%) streak=0  | Reach=100%/0.0092  Descend=100%/0.0103  Grasp=100%/0.0097  Turn=35%/0.2538
  ✓ door_open       rew= 180.860  ph=2  success=18/20 (90%) streak=9  | Reach=75%/0.0315  Grasp=85%/0.0286  Swing=90%/0.0687

Iter  990:  Σrew=1031.479  grad=5810.0(max 8758 of 3)  [phase1=20.9s bptt=43.7s elapsed=64978s]
  heads (4/11 clipped)   trunk |g|=1841 lim=1500 x0.81
          reach x9  |g|=    8282 lim=  3000 x0.36          move x2  |g|=    3381 lim=  1000 x0.30  
    pull_drawer x1  |g|=    2476 lim=  1000 x0.40       descend x3  |g|=    2139 lim=  1500 x0.70  
          swing x1  |g|=    1474 lim=  2000 x1.00          turn x1  |g|=     639 lim=  1500 x1.00  
          grasp x8  |g|=     440 lim=  1000 x1.00    slide_open x1  |g|=     430 lim=  1000 x1.00  
        release x1  |g|=     250 lim=   500 x1.00   push_drawer x1  |g|=     185 lim=  1000 x1.00  
    slide_close x1  |g|=     148 lim=  1000 x1.00  
    reach           rew=   7.426  ph=0  success=8/20 (40%) streak=0  | Reach=40%/0.0314
    cube_stacking   rew= 135.247  ph=4  success=18/20 (90%) streak=2  | Reach=100%/0.0199  Descend=100%/0.0111  Grasp=100%/0.0087  Move=100%/0.0133  Release=100%/0.0313
    pick_and_place  rew= 113.117  ph=3  success=8/20 (40%) streak=0  | Reach=100%/0.0195  Descend=100%/0.0182  Grasp=95%/0.0175  Move=40%/0.0523
  ✓ drawer_open     rew= 141.563  ph=2  success=20/20 (100%) streak=18  | Reach=100%/0.0084  Grasp=100%/0.0036  Pull=100%/0.0006
  ✓ drawer_close    rew= 102.098  ph=2  success=20/20 (100%) streak=24  | Reach=45%/0.0338  Grasp=45%/0.0313  Push=100%/0.0003
    window_open     rew=  98.696  ph=2  success=12/20 (60%) streak=0  | Reach=60%/0.0492  Grasp=70%/0.0370  Slide=60%/0.0739
  ✓ window_close    rew= 126.215  ph=2  success=19/20 (95%) streak=4  | Reach=80%/0.0232  Grasp=90%/0.0135  Slide=95%/0.0109
    dial_turn       rew= 126.271  ph=3  success=14/20 (70%) streak=0  | Reach=100%/0.0068  Descend=100%/0.0068  Grasp=100%/0.0033  Turn=70%/0.1943
  ✓ door_open       rew= 180.844  ph=2  success=17/20 (85%) streak=10  | Reach=70%/0.0349  Grasp=80%/0.0320  Swing=85%/0.0868

Iter  995:  Σrew=1033.524  grad=5932.1(max 6812 of 3)  [phase1=22.1s bptt=44.0s elapsed=65314s]
  heads (5/11 clipped)   trunk |g|=1730 lim=1500 x0.87
          reach x9  |g|=    6272 lim=  3000 x0.48       descend x3  |g|=    2865 lim=  1500 x0.52  
          swing x1  |g|=    2247 lim=  2000 x0.89   pull_drawer x1  |g|=    1503 lim=  1000 x0.67  
           move x2  |g|=    1072 lim=  1000 x0.93   push_drawer x1  |g|=     955 lim=  1000 x1.00  
          grasp x8  |g|=     796 lim=  1000 x1.00          turn x1  |g|=     693 lim=  1500 x1.00  
    slide_close x1  |g|=     426 lim=  1000 x1.00    slide_open x1  |g|=     206 lim=  1000 x1.00  
        release x1  |g|=     185 lim=   500 x1.00  
    reach           rew=   6.900  ph=0  success=10/20 (50%) streak=0  | Reach=50%/0.0308
    cube_stacking   rew= 138.104  ph=4  success=17/20 (85%) streak=3  | Reach=100%/0.0192  Descend=100%/0.0055  Grasp=100%/0.0055  Move=95%/0.0116  Release=100%/0.0311
    pick_and_place  rew= 107.616  ph=3  success=13/20 (65%) streak=0  | Reach=100%/0.0146  Descend=100%/0.0111  Grasp=100%/0.0088  Move=65%/0.0244
  ✓ drawer_open     rew= 143.513  ph=2  success=20/20 (100%) streak=19  | Reach=100%/0.0054  Grasp=100%/0.0035  Pull=100%/0.0006
  ✓ drawer_close    rew= 112.334  ph=2  success=20/20 (100%) streak=25  | Reach=75%/0.0221  Grasp=70%/0.0247  Push=100%/0.0022
    window_open     rew=  91.098  ph=2  success=14/20 (70%) streak=0  | Reach=75%/0.0402  Grasp=90%/0.0291  Slide=70%/0.0492
  ✓ window_close    rew= 138.111  ph=2  success=16/20 (80%) streak=5  | Reach=70%/0.0314  Grasp=80%/0.0201  Slide=80%/0.0389
    dial_turn       rew=  91.102  ph=3  success=0/20 (0%) streak=0  | Reach=100%/0.0156  Descend=100%/0.0082  Grasp=100%/0.0065  Turn=0%/1.0730
  ✓ door_open       rew= 204.747  ph=2  success=20/20 (100%) streak=11  | Reach=85%/0.0207  Grasp=90%/0.0176  Swing=100%/0.0024

Training stopped: reached --iters after 999 iters, 16830.5s this run (18h 13m 14s total wall-clock across resumes)  (5 non-finite iterations skipped)
  ✓ saved vision_all_balance_{params,obs_rms,opt}.pkl + _{learning,gradients}.png at iter 999 (final)
