
######################################################################
# run started 2026-09-24 19:49:23
# train_primitives_vision.py --tasks container --out-prefix container_vision
######################################################################
======================================================================
JOINT VISION-PRIMITIVE TRAINING — robosuite
  Tasks: container
  Batch: {'container': 20}
  Proprio dim: 31 (shared trunk)
  Viewer: on
  Saving to container_vision_*  every 50 iters
======================================================================

[1] DINOv3 backbone (shared)...
  DINOv3: 64x64 → 4x4 patches, dim=768

[2] Shared primitive policy...

  Primitive Policy:
    Projection: 768 → 128 (1 camera) → spatial softmax → 256
    Trunk: 287 → 256 → 256 (shared)
    Heads (14), 2 hidden layer(s), width by usage:
      reach          256 → 224 → 224 → 8    109,768 params
      descend        256 → 112 → 112 → 8     42,344 params
      grasp          256 → 192 → 192 → 8     87,944 params
      move           256 → 96 → 96 → 8     34,760 params
      release        256 → 80 → 80 → 8     27,688 params
      align          256 → 32 → 32 → 8      9,544 params
      insert         256 → 32 → 32 → 8      9,544 params
      pull_drawer    256 → 32 → 32 → 8      9,544 params
      push_drawer    256 → 32 → 32 → 8      9,544 params
      push_object    256 → 32 → 32 → 8      9,544 params
      slide_open     256 → 32 → 32 → 8      9,544 params
      slide_close    256 → 32 → 32 → 8      9,544 params
      turn           256 → 32 → 32 → 8      9,544 params
      swing          256 → 32 → 32 → 8      9,544 params
    Shared: 239,038   Heads: 388,400   Total trainable: 627,438

[3] Building task 'container' (container env) ...

[1] Loading MuJoCo model: /home/emre/newton_diff_RL/MJX_Franka_DiffSim/assets/robosuite_container.xml
  ee_site: 3
  hand_body: 13
  container: 8
  ball: 27
  prism: 28
  cube: 26
  nq=30, nu=9, nsite=9
  Steps: 270, Chunks: 54, Chunk size: 5
  Feature slots: 55, frame_dt: 0.0400s

[2] Creating MJWarp GPU renderer...
Warp 1.16.0 initialized:
   CUDA Toolkit 12.9, Driver 13.0
   Devices:
     "cpu"      : "x86_64"
     "cuda:0"   : "NVIDIA GeForce RTX 5060 Laptop GPU" (8 GiB, sm_120, mempool enabled)
   Kernel cache:
     /home/emre/.cache/warp/1.16.0
Module mujoco.mjx.third_party.mujoco_warp._src.render_util 97c6606 load on device 'cuda:0' took 2.20 ms  (cached)
Module mujoco.mjx.third_party.mujoco_warp._src.io 89aaeca load on device 'cuda:0' took 8.49 ms  (cached)
Module mujoco.mjx.third_party.mujoco_warp._src.bvh f2c5137 load on device 'cuda:0' took 2.67 ms  (cached)
  Camera: robot0_eye_in_hand → cam_id: 5
  Render context: nworld=20, 64x64
Module mujoco.mjx.warp.ffi 7a22eb4 load on device 'cuda:0' took 6.93 ms  (cached)
Module mujoco.mjx.third_party.mujoco_warp._src.smooth 47158eb load on device 'cuda:0' took 14.85 ms  (cached)
Module _nxn_broadphase__locals__kernel_3e896ca5 3e896ca load on device 'cuda:0' took 2.00 ms  (cached)
Module ccd_kernel_builder__locals__ccd_kernel_ef3754c3 ef3754c load on device 'cuda:0' took 27.30 ms  (cached)
Module ccd_kernel_builder__locals__ccd_kernel_ef3754c3 231e976 load on device 'cuda:0' took 4.34 ms  (cached)
Module _primitive_narrowphase__locals__primitive_narrowphase_5755c3d0 5755c3d load on device 'cuda:0' took 4.68 ms  (cached)
Module mujoco.mjx.third_party.mujoco_warp._src.constraint 36c8060 load on device 'cuda:0' took 2.72 ms  (cached)
Module _friction_dof__locals__kernel_a6ed3529 a6ed352 load on device 'cuda:0' took 3.11 ms  (cached)
Module _limit_slide_hinge__locals__kernel_56cb53b3 56cb53b load on device 'cuda:0' took 2.60 ms  (cached)
Module _efc_contact_init__locals__kernel_0bd15084 0bd1508 load on device 'cuda:0' took 1.54 ms  (cached)
Module _efc_contact_jac_dense__locals__kernel_f15eda8d 1ff2125 load on device 'cuda:0' took 1.43 ms  (cached)
Module _efc_contact_update__locals__kernel_8c34abe6 8c34abe load on device 'cuda:0' took 1.64 ms  (cached)
Module mujoco.mjx.third_party.mujoco_warp._src.forward 81c85c8 load on device 'cuda:0' took 3.52 ms  (cached)
Module mujoco.mjx.third_party.mujoco_warp._src.passive efc109c load on device 'cuda:0' took 3.13 ms  (cached)
Module mujoco.mjx.third_party.mujoco_warp._src.forward fc5c4e4 load on device 'cuda:0' took 3.39 ms  (cached)
Module _qfrc_smooth__locals__kernel_b98573a2 b98573a load on device 'cuda:0' took 1.29 ms  (cached)
Module mujoco.mjx.third_party.mujoco_warp._src.support ca784c5 load on device 'cuda:0' took 4.82 ms  (cached)
Module _tile_cholesky_factorize_solve_block__locals__kernel_8d2c83d3 bb4c15e load on device 'cuda:0' took 38.26 ms  (cached)
Module mujoco.mjx.third_party.mujoco_warp._src.solver 4a1f2fb load on device 'cuda:0' took 5.52 ms  (cached)
Module _solve_init_jaref_kernel__locals__kernel_1dc41b0e 1dc41b0 load on device 'cuda:0' took 3.57 ms  (cached)
Module mul_m_kernel__locals___mul_m_dc7994af dc7994a load on device 'cuda:0' took 2.01 ms  (cached)
Module _update_constraint_efc__locals__kernel_34351367 3435136 load on device 'cuda:0' took 3.81 ms  (cached)
Module _update_constraint_init_qfrc_constraint_dense__locals__kernel_626172ab 626172a load on device 'cuda:0' took 1.46 ms  (cached)
Module _update_gradient_zero_grad_dot__locals__kernel_d22ec30a d22ec30 load on device 'cuda:0' took 1.22 ms  (cached)
Module _update_gradient_grad__locals__kernel_30531d0a 30531d0 load on device 'cuda:0' took 1.17 ms  (cached)
Module _update_gradient_JTDAJ_dense_tiled__locals__kernel_347b45e9 edf5f67 load on device 'cuda:0' took 2.48 ms  (cached)
Module _update_gradient_cholesky__locals__kernel_93377546 170f72c load on device 'cuda:0' took 36.64 ms  (cached)
Module _linesearch_iterative_kernel__locals__kernel_fd8c9e1b c7b3998 load on device 'cuda:0' took 3.76 ms  (cached)
Module _update_constraint_efc__locals__kernel_8791d97d 8791d97 load on device 'cuda:0' took 1.84 ms  (cached)
Module _update_constraint_init_qfrc_constraint_dense__locals__kernel_e7e36618 e7e3661 load on device 'cuda:0' took 1.48 ms  (cached)
Module _update_gradient_zero_grad_dot__locals__kernel_e3354673 e335467 load on device 'cuda:0' took 1.22 ms  (cached)
Module _update_gradient_grad__locals__kernel_f92b7b33 f92b7b3 load on device 'cuda:0' took 1.36 ms  (cached)
Module _update_gradient_cholesky__locals__kernel_f8e56e98 dec39db load on device 'cuda:0' took 39.11 ms  (cached)
Module _solve_zero_search_dot__locals__kernel_a3b7406e a3b7406 load on device 'cuda:0' took 2.86 ms  (cached)
Module _solve_search_update__locals__kernel_f542f3c2 f542f3c load on device 'cuda:0' took 1.37 ms  (cached)
Module mujoco.mjx.third_party.mujoco_warp._src.sensor de892d8 load on device 'cuda:0' took 4.84 ms  (cached)
    segments [25, 20, 10, 25, 10, 25, 20, 10, 25, 10, 25, 20, 10, 25, 10] → primitives ['reach', 'descend', 'grasp', 'move', 'release', 'reach', 'descend', 'grasp', 'move', 'release', 'reach', 'descend', 'grasp', 'move', 'release']

  Task minibatching: off (one update per iteration).

  Active primitives: reach, descend, grasp, move, release
  Head LR: 2.0e-04
✓ Viewer opened — close it to stop training (a checkpoint is written first)

======================================================================
Training — stop when all 1 tasks hold ≥80% success for 4 consecutive logs
======================================================================
Module render__locals___render_megakernel_d1b3af17 6cfdd0a load on device 'cuda:0' took 7.74 ms  (cached)
  [warmup 2 iters, 10800 samples]  std min=9.624e-05 (dim 25) max=1.894e-01
  ! dim 25 std=9.624e-05 → normalising amplifies it 10391x; expect a gradient spike. A variance floor in helpers/obs.py would be the actual fix.

Iter    2:  Σrew=-51.946  grad=287.5  [phase1=1.5s bptt=3.4s elapsed=263s]
  heads (0/5 clipped)   trunk |g|=39 lim=1500 x1.00
          reach x3  |g|=     232 lim=  3000 x1.00       descend x3  |g|=     166 lim=  1500 x1.00  
          grasp x3  |g|=       0 lim=  1000 x1.00          move x3  |g|=       0 lim=  1000 x1.00  
        release x3  |g|=       0 lim=   500 x1.00  
    container       rew= -51.946  ph=0  success=0/20 (0%) (partial) streak=0  | B-Reach=0%/0.5842  B-Desc=0%/0.6447  B-Grasp=0%/0.6447  B-Move=0%/0.2602  B-Rel=100%/0.2146  P-Reach=0%/0.6939  P-Desc=0%/0.7667  P-Grasp=0%/0.7667  P-Move=0%/0.2697  P-Rel=100%/0.2203  C-Reach=0%/0.6441  C-Desc=0%/0.7221  C-Grasp=0%/0.7221  C-Move=0%/0.2727  C-Rel=100%/0.2237

Iter    5:  Σrew=-37.291  grad=130.1  [phase1=1.3s bptt=3.5s elapsed=323s]
  heads (0/5 clipped)   trunk |g|=22 lim=1500 x1.00
          reach x3  |g|=     108 lim=  3000 x1.00       descend x3  |g|=      70 lim=  1500 x1.00  
          grasp x3  |g|=       0 lim=  1000 x1.00          move x3  |g|=       0 lim=  1000 x1.00  
        release x3  |g|=       0 lim=   500 x1.00  
    container       rew= -37.291  ph=0  success=0/20 (0%) (partial) streak=0  | B-Reach=0%/0.4628  B-Desc=0%/0.5432  B-Grasp=0%/0.5432  B-Move=0%/0.2652  B-Rel=100%/0.2205  P-Reach=0%/0.6939  P-Desc=0%/0.7385  P-Grasp=0%/0.7385  P-Move=0%/0.2772  P-Rel=100%/0.2296  C-Reach=0%/0.6051  C-Desc=0%/0.6559  C-Grasp=0%/0.6559  C-Move=0%/0.2715  C-Rel=100%/0.2223

Iter   10:  Σrew=-27.394  grad=133.6  [phase1=1.4s bptt=3.5s elapsed=351s]
  heads (0/5 clipped)   trunk |g|=24 lim=1500 x1.00
        descend x3  |g|=      95 lim=  1500 x1.00         reach x3  |g|=      91 lim=  3000 x1.00  
          grasp x3  |g|=       0 lim=  1000 x1.00          move x3  |g|=       0 lim=  1000 x1.00  
        release x3  |g|=       0 lim=   500 x1.00  
    container       rew= -27.394  ph=0  success=0/20 (0%) (partial) streak=0  | B-Reach=0%/0.3553  B-Desc=0%/0.3945  B-Grasp=0%/0.3945  B-Move=0%/0.2637  B-Rel=100%/0.2187  P-Reach=0%/0.5674  P-Desc=0%/0.5898  P-Grasp=0%/0.5898  P-Move=0%/0.2710  P-Rel=100%/0.2221  C-Reach=0%/0.4661  C-Desc=0%/0.4934  C-Grasp=0%/0.4934  C-Move=0%/0.2722  C-Rel=100%/0.2231

Iter   15:  Σrew=-19.505  grad=78.3  [phase1=1.4s bptt=3.5s elapsed=381s]
  heads (0/5 clipped)   trunk |g|=13 lim=1500 x1.00
          reach x3  |g|=      66 lim=  3000 x1.00       descend x3  |g|=      40 lim=  1500 x1.00  
          grasp x3  |g|=       0 lim=  1000 x1.00          move x3  |g|=       0 lim=  1000 x1.00  
        release x3  |g|=       0 lim=   500 x1.00  
    container       rew= -19.505  ph=0  success=0/20 (0%) (partial) streak=0  | B-Reach=0%/0.2641  B-Desc=0%/0.2663  B-Grasp=0%/0.2663  B-Move=0%/0.2641  B-Rel=100%/0.2191  P-Reach=0%/0.4043  P-Desc=0%/0.4340  P-Grasp=0%/0.4340  P-Move=0%/0.2731  P-Rel=100%/0.2246  C-Reach=0%/0.3681  C-Desc=0%/0.4006  C-Grasp=0%/0.4006  C-Move=0%/0.2743  C-Rel=100%/0.2255

Iter   20:  Σrew=-17.454  grad=164.9  [phase1=1.4s bptt=3.5s elapsed=408s]
  heads (0/5 clipped)   trunk |g|=20 lim=1500 x1.00
        descend x3  |g|=     134 lim=  1500 x1.00         reach x3  |g|=      94 lim=  3000 x1.00  
          grasp x3  |g|=       0 lim=  1000 x1.00          move x3  |g|=       0 lim=  1000 x1.00  
        release x3  |g|=       0 lim=   500 x1.00  
    container       rew= -17.454  ph=0  success=0/20 (0%) (partial) streak=0  | B-Reach=0%/0.2418  B-Desc=0%/0.2277  B-Grasp=0%/0.2277  B-Move=0%/0.2663  B-Rel=100%/0.2218  P-Reach=0%/0.3390  P-Desc=0%/0.3635  P-Grasp=0%/0.3635  P-Move=0%/0.2710  P-Rel=100%/0.2221  C-Reach=0%/0.3240  C-Desc=0%/0.3493  C-Grasp=0%/0.3493  C-Move=0%/0.2672  C-Rel=100%/0.2170

Iter   25:  Σrew=-11.062  grad=150.6  [phase1=1.5s bptt=3.5s elapsed=436s]
  heads (0/5 clipped)   trunk |g|=18 lim=1500 x1.00
        descend x3  |g|=     139 lim=  1500 x1.00         reach x3  |g|=      56 lim=  3000 x1.00  
          grasp x3  |g|=       0 lim=  1000 x1.00          move x3  |g|=       0 lim=  1000 x1.00  
        release x3  |g|=       0 lim=   500 x1.00  
    container       rew= -11.062  ph=0  success=0/20 (0%) (partial) streak=0  | B-Reach=0%/0.1444  B-Desc=15%/0.1283  B-Grasp=10%/0.1283  B-Move=0%/0.2667  B-Rel=100%/0.2210  P-Reach=0%/0.3487  P-Desc=0%/0.3593  P-Grasp=0%/0.3593  P-Move=0%/0.2745  P-Rel=100%/0.2263  C-Reach=0%/0.4841  C-Desc=0%/0.4910  C-Grasp=0%/0.4910  C-Move=0%/0.2700  C-Rel=100%/0.2204

Iter   30:  Σrew=-4.975  grad=249.5  [phase1=1.4s bptt=3.4s elapsed=464s]
  heads (0/5 clipped)   trunk |g|=41 lim=1500 x1.00
        descend x3  |g|=     184 lim=  1500 x1.00         reach x3  |g|=     164 lim=  3000 x1.00  
          grasp x3  |g|=       0 lim=  1000 x1.00          move x3  |g|=       0 lim=  1000 x1.00  
        release x3  |g|=       0 lim=   500 x1.00  
    container       rew=  -4.975  ph=0  success=0/20 (0%) (partial) streak=0  | B-Reach=15%/0.0896  B-Desc=20%/0.0800  B-Grasp=10%/0.0800  B-Move=0%/0.2711  B-Rel=100%/0.2270  P-Reach=0%/0.3154  P-Desc=0%/0.2959  P-Grasp=0%/0.2959  P-Move=0%/0.2741  P-Rel=100%/0.2258  C-Reach=0%/0.4216  C-Desc=0%/0.4075  C-Grasp=0%/0.4075  C-Move=0%/0.2685  C-Rel=100%/0.2186

Iter   35:  Σrew=-1.492  grad=269.7  [phase1=1.5s bptt=3.5s elapsed=492s]
  heads (0/5 clipped)   trunk |g|=37 lim=1500 x1.00
          reach x3  |g|=     239 lim=  3000 x1.00       descend x3  |g|=     120 lim=  1500 x1.00  
          grasp x3  |g|=       0 lim=  1000 x1.00          move x3  |g|=       0 lim=  1000 x1.00  
        release x3  |g|=       0 lim=   500 x1.00  
    container       rew=  -1.492  ph=0  success=0/20 (0%) (partial) streak=0  | B-Reach=15%/0.0778  B-Desc=30%/0.0792  B-Grasp=25%/0.0792  B-Move=0%/0.2724  B-Rel=100%/0.2285  P-Reach=0%/0.3720  P-Desc=0%/0.3562  P-Grasp=0%/0.3562  P-Move=0%/0.2781  P-Rel=100%/0.2306  C-Reach=0%/0.4926  C-Desc=0%/0.4811  C-Grasp=0%/0.4811  C-Move=0%/0.2725  C-Rel=100%/0.2233

Iter   40:  Σrew=0.308  grad=262.7  [phase1=1.5s bptt=3.5s elapsed=520s]
  heads (0/5 clipped)   trunk |g|=38 lim=1500 x1.00
        descend x3  |g|=     213 lim=  1500 x1.00         reach x3  |g|=     148 lim=  3000 x1.00  
          grasp x3  |g|=       0 lim=  1000 x1.00          move x3  |g|=       0 lim=  1000 x1.00  
        release x3  |g|=       0 lim=   500 x1.00  
    container       rew=   0.308  ph=0  success=0/20 (0%) (partial) streak=0  | B-Reach=30%/0.0670  B-Desc=5%/0.1319  B-Grasp=5%/0.1319  B-Move=0%/0.2831  B-Rel=100%/0.2412  P-Reach=0%/0.4609  P-Desc=0%/0.4494  P-Grasp=0%/0.4494  P-Move=0%/0.2700  P-Rel=100%/0.2208  C-Reach=0%/0.5794  C-Desc=0%/0.5704  C-Grasp=0%/0.5704  C-Move=0%/0.2700  C-Rel=100%/0.2205

Iter   45:  Σrew=-1.641  grad=567.5  [phase1=1.5s bptt=3.4s elapsed=550s]
  heads (0/5 clipped)   trunk |g|=68 lim=1500 x1.00
          reach x3  |g|=     446 lim=  3000 x1.00       descend x3  |g|=     344 lim=  1500 x1.00  
          grasp x3  |g|=       0 lim=  1000 x1.00          move x3  |g|=       0 lim=  1000 x1.00  
        release x3  |g|=       0 lim=   500 x1.00  
    container       rew=  -1.641  ph=0  success=0/20 (0%) (partial) streak=0  | B-Reach=25%/0.0660  B-Desc=30%/0.0669  B-Grasp=15%/0.0669  B-Move=0%/0.2905  B-Rel=100%/0.2476  P-Reach=0%/0.3749  P-Desc=0%/0.3668  P-Grasp=0%/0.3668  P-Move=0%/0.2730  P-Rel=100%/0.2244  C-Reach=0%/0.5025  C-Desc=0%/0.4964  C-Grasp=0%/0.4964  C-Move=0%/0.2674  C-Rel=100%/0.2171

Iter   50:  Σrew=1.771  grad=282.6  [phase1=1.5s bptt=3.5s elapsed=578s]
  heads (0/5 clipped)   trunk |g|=46 lim=1500 x1.00
          reach x3  |g|=     241 lim=  3000 x1.00       descend x3  |g|=     141 lim=  1500 x1.00  
          grasp x3  |g|=       0 lim=  1000 x1.00          move x3  |g|=       0 lim=  1000 x1.00  
        release x3  |g|=       0 lim=   500 x1.00  
    container       rew=   1.771  ph=0  success=0/20 (0%) (partial) streak=0  | B-Reach=45%/0.0594  B-Desc=45%/0.0514  B-Grasp=40%/0.0514  B-Move=0%/0.2771  B-Rel=100%/0.2308  P-Reach=0%/0.3467  P-Desc=0%/0.3296  P-Grasp=0%/0.3296  P-Move=0%/0.2727  P-Rel=100%/0.2240  C-Reach=0%/0.4446  C-Desc=0%/0.4316  C-Grasp=0%/0.4316  C-Move=0%/0.2656  C-Rel=100%/0.2149
  ✓ saved container_vision_{params,obs_rms,opt}.pkl + _{learning,gradients}.png at iter 50

Iter   55:  Σrew=0.496  grad=429.2  [phase1=1.4s bptt=3.5s elapsed=608s]
  heads (0/5 clipped)   trunk |g|=76 lim=1500 x1.00
          reach x3  |g|=     313 lim=  3000 x1.00       descend x3  |g|=     284 lim=  1500 x1.00  
          grasp x3  |g|=       0 lim=  1000 x1.00          move x3  |g|=       0 lim=  1000 x1.00  
        release x3  |g|=       0 lim=   500 x1.00  
    container       rew=   0.496  ph=0  success=0/20 (0%) (partial) streak=0  | B-Reach=35%/0.0582  B-Desc=40%/0.0588  B-Grasp=30%/0.0588  B-Move=0%/0.2831  B-Rel=100%/0.2416  P-Reach=0%/0.3211  P-Desc=0%/0.3041  P-Grasp=0%/0.3041  P-Move=0%/0.2692  P-Rel=100%/0.2199  C-Reach=0%/0.4859  C-Desc=0%/0.4750  C-Grasp=0%/0.4750  C-Move=0%/0.2732  C-Rel=100%/0.2244

Iter   60:  Σrew=4.404  grad=542.6  [phase1=1.4s bptt=3.4s elapsed=636s]
  heads (0/5 clipped)   trunk |g|=94 lim=1500 x1.00
          reach x3  |g|=     427 lim=  3000 x1.00       descend x3  |g|=     322 lim=  1500 x1.00  
          grasp x3  |g|=       0 lim=  1000 x1.00          move x3  |g|=       0 lim=  1000 x1.00  
        release x3  |g|=       0 lim=   500 x1.00  
    container       rew=   4.404  ph=0  success=0/20 (0%) (partial) streak=0  | B-Reach=45%/0.0540  B-Desc=75%/0.0387  B-Grasp=55%/0.0387  B-Move=0%/0.2755  B-Rel=100%/0.2326  P-Reach=0%/0.3355  P-Desc=0%/0.3178  P-Grasp=0%/0.3178  P-Move=0%/0.2732  P-Rel=100%/0.2247  C-Reach=0%/0.4669  C-Desc=0%/0.4544  C-Grasp=0%/0.4544  C-Move=0%/0.2724  C-Rel=100%/0.2234

Iter   65:  Σrew=2.420  grad=523.8  [phase1=1.4s bptt=3.5s elapsed=664s]
  heads (0/5 clipped)   trunk |g|=90 lim=1500 x1.00
          reach x3  |g|=     459 lim=  3000 x1.00       descend x3  |g|=     235 lim=  1500 x1.00  
          grasp x3  |g|=       0 lim=  1000 x1.00          move x3  |g|=       0 lim=  1000 x1.00  
        release x3  |g|=       0 lim=   500 x1.00  
    container       rew=   2.420  ph=0  success=0/20 (0%) (partial) streak=0  | B-Reach=35%/0.0622  B-Desc=40%/0.0610  B-Grasp=25%/0.0610  B-Move=0%/0.2912  B-Rel=100%/0.2504  P-Reach=0%/0.3480  P-Desc=0%/0.3304  P-Grasp=0%/0.3304  P-Move=0%/0.2698  P-Rel=100%/0.2205  C-Reach=0%/0.4622  C-Desc=0%/0.4493  C-Grasp=0%/0.4493  C-Move=0%/0.2714  C-Rel=100%/0.2222

Iter   70:  Σrew=5.070  grad=347.5  [phase1=1.4s bptt=3.5s elapsed=692s]
  heads (0/5 clipped)   trunk |g|=57 lim=1500 x1.00
          reach x3  |g|=     263 lim=  3000 x1.00       descend x3  |g|=     220 lim=  1500 x1.00  
          grasp x3  |g|=       0 lim=  1000 x1.00          move x3  |g|=       0 lim=  1000 x1.00  
        release x3  |g|=       0 lim=   500 x1.00  
    container       rew=   5.070  ph=0  success=0/20 (0%) (partial) streak=0  | B-Reach=40%/0.0534  B-Desc=35%/0.0640  B-Grasp=20%/0.0640  B-Move=0%/0.2941  B-Rel=100%/0.2525  P-Reach=0%/0.4128  P-Desc=0%/0.3996  P-Grasp=0%/0.3996  P-Move=0%/0.2766  P-Rel=100%/0.2289  C-Reach=0%/0.5268  C-Desc=0%/0.5166  C-Grasp=0%/0.5166  C-Move=0%/0.2725  C-Rel=100%/0.2234

Iter   75:  Σrew=7.375  grad=553.9  [phase1=1.4s bptt=3.5s elapsed=720s]
  heads (0/5 clipped)   trunk |g|=99 lim=1500 x1.00
          reach x3  |g|=     422 lim=  3000 x1.00       descend x3  |g|=     345 lim=  1500 x1.00  
          grasp x3  |g|=       0 lim=  1000 x1.00          move x3  |g|=       0 lim=  1000 x1.00  
        release x3  |g|=       0 lim=   500 x1.00  
    container       rew=   7.375  ph=0  success=0/20 (0%) (partial) streak=0  | B-Reach=30%/0.0556  B-Desc=100%/0.0233  B-Grasp=100%/0.0233  B-Move=0%/0.2798  B-Rel=100%/0.2369  P-Reach=0%/0.3439  P-Desc=0%/0.3265  P-Grasp=0%/0.3265  P-Move=0%/0.2727  P-Rel=100%/0.2240  C-Reach=0%/0.4781  C-Desc=0%/0.4658  C-Grasp=0%/0.4658  C-Move=0%/0.2726  C-Rel=100%/0.2236

Iter   80:  Σrew=9.494  grad=464.2  [phase1=1.4s bptt=3.5s elapsed=750s]
  heads (0/5 clipped)   trunk |g|=76 lim=1500 x1.00
          reach x3  |g|=     374 lim=  3000 x1.00       descend x3  |g|=     264 lim=  1500 x1.00  
          grasp x3  |g|=       0 lim=  1000 x1.00          move x3  |g|=       0 lim=  1000 x1.00  
        release x3  |g|=       0 lim=   500 x1.00  
    container       rew=   9.494  ph=0  success=0/20 (0%) (partial) streak=0  | B-Reach=45%/0.0556  B-Desc=75%/0.0379  B-Grasp=55%/0.0379  B-Move=0%/0.2693  B-Rel=100%/0.2226  P-Reach=0%/0.3236  P-Desc=0%/0.3043  P-Grasp=0%/0.3043  P-Move=0%/0.2720  P-Rel=100%/0.2232  C-Reach=0%/0.4376  C-Desc=0%/0.4237  C-Grasp=0%/0.4237  C-Move=0%/0.2668  C-Rel=100%/0.2165

Iter   85:  Σrew=8.410  grad=461.8  [phase1=1.4s bptt=3.5s elapsed=778s]
  heads (0/5 clipped)   trunk |g|=94 lim=1500 x1.00
          reach x3  |g|=     365 lim=  3000 x1.00       descend x3  |g|=     267 lim=  1500 x1.00  
          grasp x3  |g|=       0 lim=  1000 x1.00          move x3  |g|=       0 lim=  1000 x1.00  
        release x3  |g|=       0 lim=   500 x1.00  
    container       rew=   8.410  ph=0  success=0/20 (0%) (partial) streak=0  | B-Reach=70%/0.0437  B-Desc=95%/0.0236  B-Grasp=90%/0.0236  B-Move=0%/0.2876  B-Rel=100%/0.2468  P-Reach=0%/0.3577  P-Desc=0%/0.3416  P-Grasp=0%/0.3416  P-Move=0%/0.2775  P-Rel=100%/0.2299  C-Reach=0%/0.4914  C-Desc=0%/0.4799  C-Grasp=0%/0.4799  C-Move=0%/0.2728  C-Rel=100%/0.2239

Iter   90:  Σrew=8.579  grad=848.0  [phase1=1.5s bptt=3.5s elapsed=806s]
  heads (0/5 clipped)   trunk |g|=139 lim=1500 x1.00
        descend x3  |g|=     654 lim=  1500 x1.00         reach x3  |g|=     521 lim=  3000 x1.00  
          grasp x3  |g|=       0 lim=  1000 x1.00          move x3  |g|=       0 lim=  1000 x1.00  
        release x3  |g|=       0 lim=   500 x1.00  
    container       rew=   8.579  ph=0  success=0/20 (0%) (partial) streak=0  | B-Reach=90%/0.0353  B-Desc=50%/0.0482  B-Grasp=40%/0.0482  B-Move=0%/0.2827  B-Rel=100%/0.2396  P-Reach=0%/0.3778  P-Desc=0%/0.3636  P-Grasp=0%/0.3636  P-Move=0%/0.2730  P-Rel=100%/0.2244  C-Reach=0%/0.5104  C-Desc=0%/0.5001  C-Grasp=0%/0.5001  C-Move=0%/0.2713  C-Rel=100%/0.2221
    ──→ container: phase 1, active=55

Iter   95:  Σrew=26.707  grad=323.8  [phase1=1.7s bptt=4.2s elapsed=839s]
  heads (0/5 clipped)   trunk |g|=64 lim=1500 x1.00
        descend x3  |g|=     291 lim=  1500 x1.00         grasp x3  |g|=     112 lim=  1000 x1.00  
          reach x3  |g|=      60 lim=  3000 x1.00          move x3  |g|=       0 lim=  1000 x1.00  
        release x3  |g|=       0 lim=   500 x1.00  
    container       rew=  26.707  ph=1  success=0/20 (0%) (partial) streak=0  | B-Reach=50%/0.0490  B-Desc=70%/0.0358  B-Grasp=55%/0.0393  B-Move=0%/0.3113  B-Rel=100%/0.2746  P-Reach=0%/0.3705  P-Desc=0%/0.3607  P-Grasp=0%/0.3607  P-Move=0%/0.2744  P-Rel=100%/0.2262  C-Reach=0%/0.4801  C-Desc=0%/0.4728  C-Grasp=0%/0.4728  C-Move=0%/0.2662  C-Rel=100%/0.2158

Iter  100:  Σrew=21.544  grad=579.4  [phase1=1.7s bptt=4.2s elapsed=873s]
  heads (0/5 clipped)   trunk |g|=111 lim=1500 x1.00
        descend x3  |g|=     419 lim=  1500 x1.00         reach x3  |g|=     375 lim=  3000 x1.00  
          grasp x3  |g|=      88 lim=  1000 x1.00          move x3  |g|=       0 lim=  1000 x1.00  
        release x3  |g|=       0 lim=   500 x1.00  
    container       rew=  21.544  ph=1  success=0/20 (0%) (partial) streak=0  | B-Reach=85%/0.0299  B-Desc=100%/0.0169  B-Grasp=65%/0.0367  B-Move=0%/0.3288  B-Rel=100%/0.2917  P-Reach=0%/0.4203  P-Desc=0%/0.4098  P-Grasp=0%/0.4098  P-Move=0%/0.2770  P-Rel=100%/0.2293  C-Reach=0%/0.5130  C-Desc=0%/0.5045  C-Grasp=0%/0.5045  C-Move=0%/0.2659  C-Rel=100%/0.2153
    ──→ container: phase 2, active=80
  ✓ saved container_vision_{params,obs_rms,opt}.pkl + _{learning,gradients}.png at iter 100

Iter  105:  Σrew=29.001  grad=480.8  [phase1=2.4s bptt=6.0s elapsed=921s]
  heads (0/5 clipped)   trunk |g|=98 lim=1500 x1.00
        descend x3  |g|=     386 lim=  1500 x1.00         reach x3  |g|=     257 lim=  3000 x1.00  
          grasp x3  |g|=      64 lim=  1000 x1.00          move x3  |g|=      47 lim=  1000 x1.00  
        release x3  |g|=       0 lim=   500 x1.00  
    container       rew=  29.001  ph=2  success=0/20 (0%) (partial) streak=0  | B-Reach=70%/0.0437  B-Desc=70%/0.0465  B-Grasp=20%/0.0687  B-Move=0%/0.4216  B-Rel=100%/0.3178  P-Reach=0%/0.1900  P-Desc=0%/0.2790  P-Grasp=0%/0.2790  P-Move=0%/0.2739  P-Rel=100%/0.2255  C-Reach=0%/0.3473  C-Desc=0%/0.4036  C-Grasp=0%/0.4036  C-Move=0%/0.2671  C-Rel=100%/0.2169

Iter  110:  Σrew=24.650  grad=913.5  [phase1=2.4s bptt=5.8s elapsed=968s]
  heads (0/5 clipped)   trunk |g|=152 lim=1500 x1.00
        descend x3  |g|=     797 lim=  1500 x1.00         reach x3  |g|=     413 lim=  3000 x1.00  
          grasp x3  |g|=      68 lim=  1000 x1.00          move x3  |g|=      18 lim=  1000 x1.00  
        release x3  |g|=       0 lim=   500 x1.00  
    container       rew=  24.650  ph=2  success=0/20 (0%) (partial) streak=0  | B-Reach=80%/0.0401  B-Desc=55%/0.0442  B-Grasp=5%/0.1013  B-Move=0%/0.3426  B-Rel=100%/0.2793  P-Reach=0%/0.3342  P-Desc=0%/0.4101  P-Grasp=0%/0.4101  P-Move=0%/0.2755  P-Rel=100%/0.2276  C-Reach=0%/0.2544  C-Desc=0%/0.3479  C-Grasp=0%/0.3479  C-Move=0%/0.2685  C-Rel=100%/0.2186

Iter  115:  Σrew=28.233  grad=909.7  [phase1=2.4s bptt=5.9s elapsed=1016s]
  heads (0/5 clipped)   trunk |g|=142 lim=1500 x1.00
        descend x3  |g|=     664 lim=  1500 x1.00         reach x3  |g|=     583 lim=  3000 x1.00  
           move x3  |g|=     147 lim=  1000 x1.00         grasp x3  |g|=      75 lim=  1000 x1.00  
        release x3  |g|=       0 lim=   500 x1.00  
    container       rew=  28.233  ph=2  success=0/20 (0%) (partial) streak=0  | B-Reach=95%/0.0292  B-Desc=90%/0.0207  B-Grasp=50%/0.0396  B-Move=0%/0.2755  B-Rel=100%/0.2328  P-Reach=0%/0.4019  P-Desc=0%/0.4540  P-Grasp=0%/0.4540  P-Move=0%/0.2699  P-Rel=100%/0.2206  C-Reach=0%/0.2060  C-Desc=0%/0.2948  C-Grasp=0%/0.2948  C-Move=0%/0.2703  C-Rel=100%/0.2208

Iter  120:  Σrew=30.770  grad=432.6  [phase1=2.5s bptt=5.9s elapsed=1063s]
  heads (0/5 clipped)   trunk |g|=87 lim=1500 x1.00
          reach x3  |g|=     366 lim=  3000 x1.00       descend x3  |g|=     202 lim=  1500 x1.00  
          grasp x3  |g|=      60 lim=  1000 x1.00          move x3  |g|=      32 lim=  1000 x1.00  
        release x3  |g|=       0 lim=   500 x1.00  
    container       rew=  30.770  ph=2  success=0.33/20 (2%) (partial) streak=0  | B-Reach=90%/0.0343  B-Desc=95%/0.0223  B-Grasp=55%/0.0387  B-Move=0%/0.3622  B-Rel=100%/0.2941  P-Reach=0%/0.3913  P-Desc=0%/0.4473  P-Grasp=0%/0.4473  P-Move=0%/0.2765  P-Rel=100%/0.2287  C-Reach=0%/0.2496  C-Desc=0%/0.3305  C-Grasp=0%/0.3305  C-Move=0%/0.2688  C-Rel=100%/0.2190
    ──→ container: phase 3, active=90

Iter  125:  Σrew=32.729  grad=921.1  [phase1=2.7s bptt=6.6s elapsed=1117s]
  heads (0/5 clipped)   trunk |g|=196 lim=1500 x1.00
        descend x3  |g|=     844 lim=  1500 x1.00         grasp x3  |g|=     214 lim=  1000 x1.00  
           move x3  |g|=     179 lim=  1000 x1.00         reach x3  |g|=     140 lim=  3000 x1.00  
        release x3  |g|=      20 lim=   500 x1.00  
    container       rew=  32.729  ph=3  success=1.33/20 (7%) (partial) streak=0  | B-Reach=90%/0.0317  B-Desc=100%/0.0141  B-Grasp=85%/0.0308  B-Move=0%/0.3058  B-Rel=100%/0.3020  P-Reach=0%/0.3658  P-Desc=0%/0.4338  P-Grasp=0%/0.4338  P-Move=0%/0.2699  P-Rel=100%/0.2207  C-Reach=0%/0.2620  C-Desc=0%/0.3507  C-Grasp=0%/0.3507  C-Move=0%/0.2740  C-Rel=100%/0.2252

Iter  130:  Σrew=34.513  grad=521.6  [phase1=2.7s bptt=6.5s elapsed=1170s]
  heads (0/5 clipped)   trunk |g|=111 lim=1500 x1.00
        descend x3  |g|=     420 lim=  1500 x1.00         reach x3  |g|=     264 lim=  3000 x1.00  
           move x3  |g|=      82 lim=  1000 x1.00         grasp x3  |g|=      80 lim=  1000 x1.00  
        release x3  |g|=      16 lim=   500 x1.00  
    container       rew=  34.513  ph=3  success=0/20 (0%) (partial) streak=0  | B-Reach=80%/0.0352  B-Desc=95%/0.0243  B-Grasp=25%/0.0467  B-Move=0%/0.3879  B-Rel=100%/0.4222  P-Reach=0%/0.3957  P-Desc=0%/0.4459  P-Grasp=0%/0.4459  P-Move=0%/0.2702  P-Rel=100%/0.2210  C-Reach=0%/0.2238  C-Desc=0%/0.3038  C-Grasp=0%/0.3038  C-Move=0%/0.2677  C-Rel=100%/0.2176

Iter  135:  Σrew=39.063  grad=634.2  [phase1=2.7s bptt=6.6s elapsed=1223s]
  heads (0/5 clipped)   trunk |g|=154 lim=1500 x1.00
        descend x3  |g|=     557 lim=  1500 x1.00          move x3  |g|=     159 lim=  1000 x1.00  
          grasp x3  |g|=     149 lim=  1000 x1.00         reach x3  |g|=     143 lim=  3000 x1.00  
        release x3  |g|=      22 lim=   500 x1.00  
    container       rew=  39.063  ph=3  success=0.33/20 (2%) (partial) streak=0  | B-Reach=80%/0.0389  B-Desc=100%/0.0206  B-Grasp=70%/0.0384  B-Move=0%/0.2601  B-Rel=100%/0.2349  P-Reach=0%/0.4624  P-Desc=0%/0.4958  P-Grasp=0%/0.4958  P-Move=0%/0.2736  P-Rel=100%/0.2252  C-Reach=0%/0.2850  C-Desc=0%/0.3365  C-Grasp=0%/0.3365  C-Move=0%/0.2710  C-Rel=100%/0.2217

Iter  140:  Σrew=44.403  grad=903.3  [phase1=2.6s bptt=6.6s elapsed=1275s]
  heads (0/5 clipped)   trunk |g|=166 lim=1500 x1.00
          reach x3  |g|=     811 lim=  3000 x1.00       descend x3  |g|=     238 lim=  1500 x1.00  
           move x3  |g|=     223 lim=  1000 x1.00         grasp x3  |g|=     156 lim=  1000 x1.00  
        release x3  |g|=       7 lim=   500 x1.00  
    container       rew=  44.403  ph=3  success=0.33/20 (2%) (partial) streak=0  | B-Reach=85%/0.0329  B-Desc=90%/0.0336  B-Grasp=30%/0.0466  B-Move=0%/0.2556  B-Rel=100%/0.2159  P-Reach=0%/0.4016  P-Desc=0%/0.4370  P-Grasp=0%/0.4370  P-Move=0%/0.2748  P-Rel=100%/0.2268  C-Reach=0%/0.3135  C-Desc=0%/0.3580  C-Grasp=0%/0.3580  C-Move=0%/0.2753  C-Rel=100%/0.2269

Iter  145:  Σrew=38.008  grad=1132.1  [phase1=2.7s bptt=6.5s elapsed=1328s]
  heads (0/5 clipped)   trunk |g|=220 lim=1500 x1.00
        descend x3  |g|=    1057 lim=  1500 x1.00         reach x3  |g|=     299 lim=  3000 x1.00  
          grasp x3  |g|=     145 lim=  1000 x1.00          move x3  |g|=      73 lim=  1000 x1.00  
        release x3  |g|=      16 lim=   500 x1.00  
    container       rew=  38.008  ph=3  success=0.67/20 (3%) (partial) streak=0  | B-Reach=75%/0.0330  B-Desc=95%/0.0198  B-Grasp=65%/0.0350  B-Move=0%/0.3074  B-Rel=100%/0.3377  P-Reach=0%/0.5098  P-Desc=0%/0.5361  P-Grasp=0%/0.5361  P-Move=0%/0.2812  P-Rel=100%/0.2343  C-Reach=0%/0.4095  C-Desc=0%/0.4420  C-Grasp=0%/0.4420  C-Move=0%/0.2662  C-Rel=100%/0.2158

Iter  150:  Σrew=38.869  grad=1023.1  [phase1=2.8s bptt=6.6s elapsed=1383s]
  heads (0/5 clipped)   trunk |g|=219 lim=1500 x1.00
        descend x3  |g|=     848 lim=  1500 x1.00         reach x3  |g|=     517 lim=  3000 x1.00  
          grasp x3  |g|=      86 lim=  1000 x1.00          move x3  |g|=      70 lim=  1000 x1.00  
        release x3  |g|=      14 lim=   500 x1.00  
    container       rew=  38.869  ph=3  success=0.33/20 (2%) (partial) streak=0  | B-Reach=85%/0.0359  B-Desc=95%/0.0243  B-Grasp=40%/0.0452  B-Move=0%/0.4159  B-Rel=100%/0.4681  P-Reach=0%/0.5862  P-Desc=0%/0.6054  P-Grasp=0%/0.6054  P-Move=0%/0.2796  P-Rel=100%/0.2325  C-Reach=0%/0.4470  C-Desc=0%/0.4720  C-Grasp=0%/0.4720  C-Move=0%/0.2709  C-Rel=100%/0.2214
  ✓ saved container_vision_{params,obs_rms,opt}.pkl + _{learning,gradients}.png at iter 150

Iter  155:  Σrew=47.666  grad=804.0  [phase1=2.7s bptt=6.6s elapsed=1437s]
  heads (0/5 clipped)   trunk |g|=154 lim=1500 x1.00
        descend x3  |g|=     551 lim=  1500 x1.00         reach x3  |g|=     474 lim=  3000 x1.00  
          grasp x3  |g|=     245 lim=  1000 x1.00          move x3  |g|=     186 lim=  1000 x1.00  
        release x3  |g|=      13 lim=   500 x1.00  
    container       rew=  47.666  ph=3  success=0.33/20 (2%) (partial) streak=0  | B-Reach=65%/0.0407  B-Desc=100%/0.0286  B-Grasp=40%/0.0404  B-Move=0%/0.2739  B-Rel=100%/0.2413  P-Reach=0%/0.6487  P-Desc=0%/0.6671  P-Grasp=0%/0.6671  P-Move=0%/0.2748  P-Rel=100%/0.2267  C-Reach=0%/0.4991  C-Desc=0%/0.5230  C-Grasp=0%/0.5230  C-Move=0%/0.2728  C-Rel=100%/0.2239

Iter  160:  Σrew=49.556  grad=634.9  [phase1=2.6s bptt=6.6s elapsed=1490s]
  heads (0/5 clipped)   trunk |g|=123 lim=1500 x1.00
        descend x3  |g|=     549 lim=  1500 x1.00          move x3  |g|=     215 lim=  1000 x1.00  
          reach x3  |g|=     197 lim=  3000 x1.00         grasp x3  |g|=      39 lim=  1000 x1.00  
        release x3  |g|=      18 lim=   500 x1.00  
    container       rew=  49.556  ph=3  success=0.33/20 (2%) (partial) streak=0  | B-Reach=90%/0.0293  B-Desc=95%/0.0177  B-Grasp=55%/0.0422  B-Move=0%/0.3444  B-Rel=100%/0.3168  P-Reach=0%/0.6066  P-Desc=0%/0.6258  P-Grasp=0%/0.6258  P-Move=0%/0.2725  P-Rel=100%/0.2238  C-Reach=0%/0.4483  C-Desc=0%/0.4742  C-Grasp=0%/0.4742  C-Move=0%/0.2695  C-Rel=100%/0.2198

Iter  165:  Σrew=34.133  grad=848.0  [phase1=2.7s bptt=6.7s elapsed=1543s]
  heads (0/5 clipped)   trunk |g|=191 lim=1500 x1.00
        descend x3  |g|=     618 lim=  1500 x1.00         reach x3  |g|=     491 lim=  3000 x1.00  
           move x3  |g|=     216 lim=  1000 x1.00         grasp x3  |g|=     114 lim=  1000 x1.00  
        release x3  |g|=       5 lim=   500 x1.00  
    container       rew=  34.133  ph=3  success=0.33/20 (2%) (partial) streak=0  | B-Reach=90%/0.0310  B-Desc=100%/0.0266  B-Grasp=80%/0.0382  B-Move=0%/0.4511  B-Rel=100%/0.5459  P-Reach=0%/0.4448  P-Desc=0%/0.4695  P-Grasp=0%/0.4695  P-Move=0%/0.2730  P-Rel=100%/0.2244  C-Reach=0%/0.2789  C-Desc=0%/0.3169  C-Grasp=0%/0.3169  C-Move=0%/0.2706  C-Rel=100%/0.2212

Iter  170:  Σrew=47.799  grad=696.7  [phase1=2.8s bptt=6.6s elapsed=1596s]
  heads (0/5 clipped)   trunk |g|=201 lim=1500 x1.00
        descend x3  |g|=     480 lim=  1500 x1.00         reach x3  |g|=     363 lim=  3000 x1.00  
           move x3  |g|=     247 lim=  1000 x1.00         grasp x3  |g|=     149 lim=  1000 x1.00  
        release x3  |g|=       3 lim=   500 x1.00  
    container       rew=  47.799  ph=3  success=0/20 (0%) (partial) streak=0  | B-Reach=85%/0.0361  B-Desc=100%/0.0365  B-Grasp=25%/0.0670  B-Move=0%/0.3299  B-Rel=100%/0.3183  P-Reach=0%/0.4590  P-Desc=0%/0.4900  P-Grasp=0%/0.4900  P-Move=0%/0.2712  P-Rel=100%/0.2223  C-Reach=0%/0.2612  C-Desc=0%/0.3127  C-Grasp=0%/0.3127  C-Move=0%/0.2716  C-Rel=100%/0.2224

Iter  175:  Σrew=51.029  grad=1183.6  [phase1=2.7s bptt=6.7s elapsed=1651s]
  heads (0/5 clipped)   trunk |g|=278 lim=1500 x1.00
          reach x3  |g|=     869 lim=  3000 x1.00       descend x3  |g|=     714 lim=  1500 x1.00  
          grasp x3  |g|=     191 lim=  1000 x1.00          move x3  |g|=     151 lim=  1000 x1.00  
        release x3  |g|=       2 lim=   500 x1.00  
    container       rew=  51.029  ph=3  success=1/20 (5%) (partial) streak=0  | B-Reach=95%/0.0312  B-Desc=100%/0.0137  B-Grasp=90%/0.0190  B-Move=0%/0.3223  B-Rel=100%/0.3897  P-Reach=0%/0.4681  P-Desc=0%/0.4964  P-Grasp=0%/0.4964  P-Move=0%/0.2697  P-Rel=100%/0.2204  C-Reach=0%/0.3099  C-Desc=0%/0.3516  C-Grasp=0%/0.3516  C-Move=0%/0.2736  C-Rel=100%/0.2248

Iter  180:  Σrew=48.999  grad=857.4  [phase1=2.7s bptt=6.6s elapsed=1704s]
  heads (0/5 clipped)   trunk |g|=195 lim=1500 x1.00
          reach x3  |g|=     616 lim=  3000 x1.00       descend x3  |g|=     519 lim=  1500 x1.00  
           move x3  |g|=     188 lim=  1000 x1.00         grasp x3  |g|=     116 lim=  1000 x1.00  
        release x3  |g|=       9 lim=   500 x1.00  
    container       rew=  48.999  ph=3  success=0.33/20 (2%) (partial) streak=0  | B-Reach=85%/0.0357  B-Desc=95%/0.0234  B-Grasp=70%/0.0322  B-Move=0%/0.3560  B-Rel=100%/0.3582  P-Reach=0%/0.5356  P-Desc=0%/0.5594  P-Grasp=0%/0.5594  P-Move=0%/0.2775  P-Rel=100%/0.2299  C-Reach=0%/0.3595  C-Desc=0%/0.3943  C-Grasp=0%/0.3943  C-Move=0%/0.2663  C-Rel=100%/0.2158

Iter  185:  Σrew=51.618  grad=1026.3  [phase1=2.7s bptt=6.6s elapsed=1757s]
  heads (0/5 clipped)   trunk |g|=233 lim=1500 x1.00
        descend x3  |g|=     619 lim=  1500 x1.00         reach x3  |g|=     597 lim=  3000 x1.00  
           move x3  |g|=     363 lim=  1000 x1.00         grasp x3  |g|=     357 lim=  1000 x1.00  
        release x3  |g|=       6 lim=   500 x1.00  
    container       rew=  51.618  ph=3  success=0.33/20 (2%) (partial) streak=0  | B-Reach=80%/0.0360  B-Desc=100%/0.0287  B-Grasp=75%/0.0348  B-Move=0%/0.3343  B-Rel=100%/0.3486  P-Reach=0%/0.5247  P-Desc=0%/0.5505  P-Grasp=0%/0.5505  P-Move=0%/0.2762  P-Rel=100%/0.2283  C-Reach=0%/0.3238  C-Desc=0%/0.3646  C-Grasp=0%/0.3646  C-Move=0%/0.2687  C-Rel=100%/0.2188

Iter  190:  Σrew=62.788  grad=508.3  [phase1=2.7s bptt=6.6s elapsed=1810s]
  heads (0/5 clipped)   trunk |g|=121 lim=1500 x1.00
        descend x3  |g|=     299 lim=  1500 x1.00         reach x3  |g|=     285 lim=  3000 x1.00  
           move x3  |g|=     200 lim=  1000 x1.00         grasp x3  |g|=     182 lim=  1000 x1.00  
        release x3  |g|=       3 lim=   500 x1.00  
    container       rew=  62.788  ph=3  success=0.67/20 (3%) (partial) streak=0  | B-Reach=85%/0.0338  B-Desc=100%/0.0197  B-Grasp=85%/0.0270  B-Move=0%/0.4021  B-Rel=100%/0.4342  P-Reach=0%/0.4475  P-Desc=0%/0.4750  P-Grasp=0%/0.4750  P-Move=0%/0.2738  P-Rel=100%/0.2255  C-Reach=0%/0.3204  C-Desc=0%/0.3579  C-Grasp=0%/0.3579  C-Move=0%/0.2691  C-Rel=100%/0.2193

Iter  195:  Σrew=54.239  grad=681.8  [phase1=2.7s bptt=6.6s elapsed=1863s]
  heads (0/5 clipped)   trunk |g|=163 lim=1500 x1.00
          reach x3  |g|=     496 lim=  3000 x1.00       descend x3  |g|=     391 lim=  1500 x1.00  
           move x3  |g|=     141 lim=  1000 x1.00         grasp x3  |g|=     141 lim=  1000 x1.00  
        release x3  |g|=       8 lim=   500 x1.00  
    container       rew=  54.239  ph=3  success=1/20 (5%) (partial) streak=0  | B-Reach=100%/0.0278  B-Desc=100%/0.0139  B-Grasp=85%/0.0215  B-Move=0%/0.3008  B-Rel=100%/0.3399  P-Reach=0%/0.4748  P-Desc=0%/0.4977  P-Grasp=0%/0.4977  P-Move=0%/0.2688  P-Rel=100%/0.2193  C-Reach=0%/0.3529  C-Desc=0%/0.3834  C-Grasp=0%/0.3834  C-Move=0%/0.2668  C-Rel=100%/0.2165

Iter  200:  Σrew=64.409  grad=493.4  [phase1=2.6s bptt=6.6s elapsed=1917s]
  heads (0/5 clipped)   trunk |g|=103 lim=1500 x1.00
          reach x3  |g|=     362 lim=  3000 x1.00       descend x3  |g|=     269 lim=  1500 x1.00  
          grasp x3  |g|=     142 lim=  1000 x1.00          move x3  |g|=      91 lim=  1000 x1.00  
        release x3  |g|=      28 lim=   500 x1.00  
    container       rew=  64.409  ph=3  success=2.33/20 (12%) (partial) streak=0  | B-Reach=100%/0.0279  B-Desc=100%/0.0141  B-Grasp=90%/0.0158  B-Move=0%/0.2855  B-Rel=100%/0.3051  P-Reach=0%/0.4420  P-Desc=0%/0.4684  P-Grasp=0%/0.4684  P-Move=0%/0.2727  P-Rel=100%/0.2240  C-Reach=0%/0.3993  C-Desc=0%/0.4283  C-Grasp=0%/0.4283  C-Move=0%/0.2668  C-Rel=100%/0.2165
  ✓ saved container_vision_{params,obs_rms,opt}.pkl + _{learning,gradients}.png at iter 200

Iter  205:  Σrew=56.278  grad=833.3  [phase1=2.6s bptt=6.6s elapsed=1972s]
  heads (0/5 clipped)   trunk |g|=162 lim=1500 x1.00
          reach x3  |g|=     702 lim=  3000 x1.00       descend x3  |g|=     369 lim=  1500 x1.00  
           move x3  |g|=     177 lim=  1000 x1.00         grasp x3  |g|=      85 lim=  1000 x1.00  
        release x3  |g|=      10 lim=   500 x1.00  
    container       rew=  56.278  ph=3  success=0.67/20 (3%) (partial) streak=0  | B-Reach=100%/0.0227  B-Desc=100%/0.0174  B-Grasp=85%/0.0270  B-Move=0%/0.2716  B-Rel=100%/0.2521  P-Reach=0%/0.4724  P-Desc=0%/0.5059  P-Grasp=0%/0.5059  P-Move=0%/0.2746  P-Rel=100%/0.2263  C-Reach=0%/0.4903  C-Desc=0%/0.5227  C-Grasp=0%/0.5227  C-Move=0%/0.2700  C-Rel=100%/0.2205

Iter  210:  Σrew=65.020  grad=809.6  [phase1=2.7s bptt=6.6s elapsed=2025s]
  heads (0/5 clipped)   trunk |g|=151 lim=1500 x1.00
          reach x3  |g|=     589 lim=  3000 x1.00       descend x3  |g|=     358 lim=  1500 x1.00  
           move x3  |g|=     288 lim=  1000 x1.00         grasp x3  |g|=     273 lim=  1000 x1.00  
        release x3  |g|=       9 lim=   500 x1.00  
    container       rew=  65.020  ph=3  success=0.33/20 (2%) (partial) streak=0  | B-Reach=95%/0.0305  B-Desc=100%/0.0226  B-Grasp=70%/0.0370  B-Move=0%/0.3564  B-Rel=100%/0.4017  P-Reach=0%/0.4890  P-Desc=0%/0.5208  P-Grasp=0%/0.5208  P-Move=0%/0.2735  P-Rel=100%/0.2251  C-Reach=0%/0.5330  C-Desc=0%/0.5624  C-Grasp=0%/0.5624  C-Move=0%/0.2703  C-Rel=100%/0.2209

Iter  215:  Σrew=57.061  grad=781.5  [phase1=2.7s bptt=6.6s elapsed=2077s]
  heads (0/5 clipped)   trunk |g|=185 lim=1500 x1.00
          reach x3  |g|=     587 lim=  3000 x1.00       descend x3  |g|=     428 lim=  1500 x1.00  
           move x3  |g|=     178 lim=  1000 x1.00         grasp x3  |g|=     132 lim=  1000 x1.00  
        release x3  |g|=      12 lim=   500 x1.00  
    container       rew=  57.061  ph=3  success=1.33/20 (7%) (partial) streak=0  | B-Reach=90%/0.0258  B-Desc=100%/0.0147  B-Grasp=85%/0.0214  B-Move=15%/0.2734  B-Rel=100%/0.2805  P-Reach=0%/0.4921  P-Desc=0%/0.5159  P-Grasp=0%/0.5159  P-Move=0%/0.2746  P-Rel=100%/0.2264  C-Reach=0%/0.5030  C-Desc=0%/0.5264  C-Grasp=0%/0.5264  C-Move=0%/0.2675  C-Rel=100%/0.2174

Iter  220:  Σrew=63.033  grad=753.8  [phase1=2.7s bptt=6.5s elapsed=2130s]
  heads (0/5 clipped)   trunk |g|=178 lim=1500 x1.00
        descend x3  |g|=     497 lim=  1500 x1.00         reach x3  |g|=     382 lim=  3000 x1.00  
           move x3  |g|=     341 lim=  1000 x1.00         grasp x3  |g|=     164 lim=  1000 x1.00  
        release x3  |g|=      16 lim=   500 x1.00  
    container       rew=  63.033  ph=3  success=4/20 (20%) (partial) streak=0  | B-Reach=90%/0.0266  B-Desc=95%/0.0106  B-Grasp=95%/0.0132  B-Move=30%/0.1733  B-Rel=100%/0.1749  P-Reach=0%/0.4492  P-Desc=0%/0.4742  P-Grasp=0%/0.4742  P-Move=0%/0.2733  P-Rel=100%/0.2249  C-Reach=0%/0.4453  C-Desc=0%/0.4704  C-Grasp=0%/0.4704  C-Move=0%/0.2712  C-Rel=100%/0.2219

Iter  225:  Σrew=62.358  grad=769.1  [phase1=2.6s bptt=6.6s elapsed=2185s]
  heads (0/5 clipped)   trunk |g|=170 lim=1500 x1.00
           move x3  |g|=     609 lim=  1000 x1.00       descend x3  |g|=     386 lim=  1500 x1.00  
          reach x3  |g|=     196 lim=  3000 x1.00         grasp x3  |g|=      68 lim=  1000 x1.00  
        release x3  |g|=      11 lim=   500 x1.00  
    container       rew=  62.358  ph=3  success=2.33/20 (12%) (partial) streak=0  | B-Reach=100%/0.0241  B-Desc=100%/0.0116  B-Grasp=95%/0.0153  B-Move=10%/0.2018  B-Rel=100%/0.2240  P-Reach=0%/0.4786  P-Desc=0%/0.5085  P-Grasp=0%/0.5085  P-Move=0%/0.2778  P-Rel=100%/0.2302  C-Reach=0%/0.4434  C-Desc=0%/0.4755  C-Grasp=0%/0.4755  C-Move=0%/0.2656  C-Rel=100%/0.2151

Iter  230:  Σrew=69.365  grad=795.8  [phase1=2.7s bptt=6.5s elapsed=2237s]
  heads (0/5 clipped)   trunk |g|=155 lim=1500 x1.00
          reach x3  |g|=     747 lim=  3000 x1.00       descend x3  |g|=     182 lim=  1500 x1.00  
           move x3  |g|=     125 lim=  1000 x1.00         grasp x3  |g|=      56 lim=  1000 x1.00  
        release x3  |g|=       3 lim=   500 x1.00  
    container       rew=  69.365  ph=3  success=0.67/20 (3%) (partial) streak=0  | B-Reach=100%/0.0259  B-Desc=95%/0.0320  B-Grasp=75%/0.0381  B-Move=0%/0.2925  B-Rel=100%/0.2813  P-Reach=0%/0.4038  P-Desc=0%/0.4410  P-Grasp=0%/0.4410  P-Move=0%/0.2747  P-Rel=100%/0.2265  C-Reach=0%/0.3798  C-Desc=0%/0.4194  C-Grasp=0%/0.4194  C-Move=0%/0.2739  C-Rel=100%/0.2250

Iter  235:  Σrew=67.920  grad=405.4  [phase1=2.7s bptt=6.7s elapsed=2290s]
  heads (0/5 clipped)   trunk |g|=82 lim=1500 x1.00
          reach x3  |g|=     324 lim=  3000 x1.00          move x3  |g|=     186 lim=  1000 x1.00  
        descend x3  |g|=     117 lim=  1500 x1.00         grasp x3  |g|=      66 lim=  1000 x1.00  
        release x3  |g|=       7 lim=   500 x1.00  
    container       rew=  67.920  ph=3  success=2.67/20 (13%) (partial) streak=0  | B-Reach=100%/0.0271  B-Desc=100%/0.0160  B-Grasp=90%/0.0208  B-Move=10%/0.2446  B-Rel=100%/0.2434  P-Reach=0%/0.4196  P-Desc=0%/0.4482  P-Grasp=0%/0.4482  P-Move=0%/0.2725  P-Rel=100%/0.2239  C-Reach=0%/0.3649  C-Desc=0%/0.3975  C-Grasp=0%/0.3975  C-Move=0%/0.2682  C-Rel=100%/0.2183

Iter  240:  Σrew=49.447  grad=1029.5  [phase1=2.7s bptt=6.6s elapsed=2343s]
  heads (0/5 clipped)   trunk |g|=226 lim=1500 x1.00
          reach x3  |g|=     680 lim=  3000 x1.00       descend x3  |g|=     587 lim=  1500 x1.00  
           move x3  |g|=     350 lim=  1000 x1.00         grasp x3  |g|=     280 lim=  1000 x1.00  
        release x3  |g|=      11 lim=   500 x1.00  
    container       rew=  49.447  ph=3  success=1/20 (5%) (partial) streak=0  | B-Reach=85%/0.0351  B-Desc=75%/0.0304  B-Grasp=60%/0.0412  B-Move=0%/0.2594  B-Rel=100%/0.2274  P-Reach=0%/0.3912  P-Desc=0%/0.4202  P-Grasp=0%/0.4202  P-Move=0%/0.2752  P-Rel=100%/0.2272  C-Reach=0%/0.3367  C-Desc=0%/0.3700  C-Grasp=0%/0.3700  C-Move=0%/0.2661  C-Rel=100%/0.2157

Iter  245:  Σrew=69.585  grad=783.3  [phase1=2.7s bptt=6.5s elapsed=2395s]
  heads (0/5 clipped)   trunk |g|=188 lim=1500 x1.00
           move x3  |g|=     621 lim=  1000 x1.00         reach x3  |g|=     316 lim=  3000 x1.00  
          grasp x3  |g|=     288 lim=  1000 x1.00       descend x3  |g|=     102 lim=  1500 x1.00  
        release x3  |g|=       7 lim=   500 x1.00  
    container       rew=  69.585  ph=3  success=0.33/20 (2%) (partial) streak=0  | B-Reach=95%/0.0354  B-Desc=100%/0.0162  B-Grasp=95%/0.0215  B-Move=0%/0.2703  B-Rel=100%/0.2618  P-Reach=0%/0.4689  P-Desc=0%/0.5076  P-Grasp=0%/0.5076  P-Move=0%/0.2767  P-Rel=100%/0.2289  C-Reach=0%/0.4184  C-Desc=0%/0.4615  C-Grasp=0%/0.4615  C-Move=0%/0.2685  C-Rel=100%/0.2185

Iter  250:  Σrew=60.041  grad=362.4  [phase1=2.6s bptt=6.6s elapsed=2450s]
  heads (0/5 clipped)   trunk |g|=88 lim=1500 x1.00
        descend x3  |g|=     253 lim=  1500 x1.00          move x3  |g|=     143 lim=  1000 x1.00  
          reach x3  |g|=     143 lim=  3000 x1.00         grasp x3  |g|=     137 lim=  1000 x1.00  
        release x3  |g|=      14 lim=   500 x1.00  
    container       rew=  60.041  ph=3  success=2.33/20 (12%) (partial) streak=0  | B-Reach=100%/0.0209  B-Desc=100%/0.0107  B-Grasp=90%/0.0180  B-Move=0%/0.2626  B-Rel=100%/0.2593  P-Reach=0%/0.5019  P-Desc=0%/0.5380  P-Grasp=0%/0.5380  P-Move=0%/0.2714  P-Rel=100%/0.2225  C-Reach=0%/0.4100  C-Desc=0%/0.4535  C-Grasp=0%/0.4535  C-Move=0%/0.2685  C-Rel=100%/0.2186
  ✓ saved container_vision_{params,obs_rms,opt}.pkl + _{learning,gradients}.png at iter 250

Iter  255:  Σrew=67.466  grad=713.1  [phase1=2.7s bptt=6.6s elapsed=2504s]
  heads (0/5 clipped)   trunk |g|=165 lim=1500 x1.00
          reach x3  |g|=     545 lim=  3000 x1.00          move x3  |g|=     299 lim=  1000 x1.00  
        descend x3  |g|=     268 lim=  1500 x1.00         grasp x3  |g|=     149 lim=  1000 x1.00  
        release x3  |g|=      13 lim=   500 x1.00  
    container       rew=  67.466  ph=3  success=1/20 (5%) (partial) streak=0  | B-Reach=100%/0.0202  B-Desc=100%/0.0194  B-Grasp=60%/0.0382  B-Move=0%/0.2992  B-Rel=100%/0.2937  P-Reach=0%/0.4945  P-Desc=0%/0.5279  P-Grasp=0%/0.5279  P-Move=0%/0.2799  P-Rel=100%/0.2329  C-Reach=0%/0.4009  C-Desc=0%/0.4416  C-Grasp=0%/0.4416  C-Move=0%/0.2707  C-Rel=100%/0.2213

Iter  260:  Σrew=65.958  grad=1343.6  [phase1=2.8s bptt=6.6s elapsed=2557s]
  heads (1/5 clipped)   trunk |g|=287 lim=1500 x1.00
           move x3  |g|=    1204 lim=  1000 x0.83         reach x3  |g|=     500 lim=  3000 x1.00  
          grasp x3  |g|=     110 lim=  1000 x1.00       descend x3  |g|=     103 lim=  1500 x1.00  
        release x3  |g|=       6 lim=   500 x1.00  
    container       rew=  65.958  ph=3  success=0.67/20 (3%) (partial) streak=0  | B-Reach=100%/0.0270  B-Desc=95%/0.0226  B-Grasp=85%/0.0274  B-Move=0%/0.2983  B-Rel=100%/0.3051  P-Reach=0%/0.4434  P-Desc=0%/0.4771  P-Grasp=0%/0.4771  P-Move=0%/0.2728  P-Rel=100%/0.2239  C-Reach=0%/0.3916  C-Desc=0%/0.4294  C-Grasp=0%/0.4294  C-Move=0%/0.2709  C-Rel=100%/0.2216

Iter  265:  Σrew=67.449  grad=858.4  [phase1=2.7s bptt=6.5s elapsed=2610s]
  heads (0/5 clipped)   trunk |g|=202 lim=1500 x1.00
        descend x3  |g|=     670 lim=  1500 x1.00         reach x3  |g|=     345 lim=  3000 x1.00  
           move x3  |g|=     289 lim=  1000 x1.00         grasp x3  |g|=     212 lim=  1000 x1.00  
        release x3  |g|=       6 lim=   500 x1.00  
    container       rew=  67.449  ph=3  success=3.33/20 (17%) (partial) streak=0  | B-Reach=95%/0.0290  B-Desc=95%/0.0153  B-Grasp=85%/0.0188  B-Move=15%/0.2075  B-Rel=100%/0.1905  P-Reach=0%/0.4537  P-Desc=0%/0.4786  P-Grasp=0%/0.4786  P-Move=0%/0.2697  P-Rel=100%/0.2204  C-Reach=0%/0.4009  C-Desc=0%/0.4291  C-Grasp=0%/0.4291  C-Move=0%/0.2750  C-Rel=100%/0.2266

Iter  270:  Σrew=77.778  grad=1092.4  [phase1=2.7s bptt=6.6s elapsed=2663s]
  heads (0/5 clipped)   trunk |g|=229 lim=1500 x1.00
           move x3  |g|=     829 lim=  1000 x1.00       descend x3  |g|=     618 lim=  1500 x1.00  
          grasp x3  |g|=     232 lim=  1000 x1.00         reach x3  |g|=     131 lim=  3000 x1.00  
        release x3  |g|=      12 lim=   500 x1.00  
    container       rew=  77.778  ph=3  success=0.33/20 (2%) (partial) streak=0  | B-Reach=95%/0.0323  B-Desc=100%/0.0220  B-Grasp=85%/0.0260  B-Move=0%/0.2867  B-Rel=100%/0.2836  P-Reach=0%/0.4247  P-Desc=0%/0.4532  P-Grasp=0%/0.4532  P-Move=0%/0.2755  P-Rel=100%/0.2275  C-Reach=0%/0.3873  C-Desc=0%/0.4184  C-Grasp=0%/0.4184  C-Move=0%/0.2705  C-Rel=100%/0.2212

Iter  275:  Σrew=77.519  grad=950.1  [phase1=2.8s bptt=6.5s elapsed=2718s]
  heads (0/5 clipped)   trunk |g|=189 lim=1500 x1.00
           move x3  |g|=     650 lim=  1000 x1.00         reach x3  |g|=     521 lim=  3000 x1.00  
        descend x3  |g|=     391 lim=  1500 x1.00         grasp x3  |g|=     141 lim=  1000 x1.00  
        release x3  |g|=       6 lim=   500 x1.00  
    container       rew=  77.519  ph=3  success=4.33/20 (22%) (partial) streak=0  | B-Reach=100%/0.0258  B-Desc=100%/0.0107  B-Grasp=100%/0.0156  B-Move=10%/0.2203  B-Rel=100%/0.1946  P-Reach=0%/0.4317  P-Desc=0%/0.4648  P-Grasp=0%/0.4648  P-Move=0%/0.2762  P-Rel=100%/0.2284  C-Reach=0%/0.3736  C-Desc=0%/0.4115  C-Grasp=0%/0.4115  C-Move=0%/0.2702  C-Rel=100%/0.2207

Iter  280:  Σrew=62.307  grad=808.8  [phase1=2.8s bptt=6.6s elapsed=2771s]
  heads (0/5 clipped)   trunk |g|=175 lim=1500 x1.00
          reach x3  |g|=     628 lim=  3000 x1.00          move x3  |g|=     351 lim=  1000 x1.00  
        descend x3  |g|=     261 lim=  1500 x1.00         grasp x3  |g|=     197 lim=  1000 x1.00  
        release x3  |g|=       7 lim=   500 x1.00  
    container       rew=  62.307  ph=3  success=2.67/20 (13%) (partial) streak=0  | B-Reach=95%/0.0203  B-Desc=100%/0.0148  B-Grasp=90%/0.0204  B-Move=0%/0.2629  B-Rel=100%/0.2483  P-Reach=0%/0.4042  P-Desc=0%/0.4399  P-Grasp=0%/0.4399  P-Move=0%/0.2743  P-Rel=100%/0.2260  C-Reach=0%/0.3476  C-Desc=0%/0.3887  C-Grasp=0%/0.3887  C-Move=0%/0.2664  C-Rel=100%/0.2160

Iter  285:  Σrew=82.582  grad=774.0  [phase1=2.7s bptt=6.6s elapsed=2824s]
  heads (0/5 clipped)   trunk |g|=148 lim=1500 x1.00
           move x3  |g|=     520 lim=  1000 x1.00         reach x3  |g|=     419 lim=  3000 x1.00  
        descend x3  |g|=     304 lim=  1500 x1.00         grasp x3  |g|=     196 lim=  1000 x1.00  
        release x3  |g|=       6 lim=   500 x1.00  
    container       rew=  82.582  ph=3  success=0.67/20 (3%) (partial) streak=0  | B-Reach=95%/0.0284  B-Desc=100%/0.0153  B-Grasp=100%/0.0232  B-Move=5%/0.2906  B-Rel=100%/0.3100  P-Reach=0%/0.4111  P-Desc=0%/0.4504  P-Grasp=0%/0.4504  P-Move=0%/0.2775  P-Rel=100%/0.2299  C-Reach=0%/0.3507  C-Desc=0%/0.3962  C-Grasp=0%/0.3962  C-Move=0%/0.2735  C-Rel=100%/0.2248

Iter  290:  Σrew=78.168  grad=636.0  [phase1=2.6s bptt=6.5s elapsed=2876s]
  heads (0/5 clipped)   trunk |g|=191 lim=1500 x1.00
        descend x3  |g|=     429 lim=  1500 x1.00          move x3  |g|=     310 lim=  1000 x1.00  
          reach x3  |g|=     290 lim=  3000 x1.00         grasp x3  |g|=      61 lim=  1000 x1.00  
        release x3  |g|=      13 lim=   500 x1.00  
    container       rew=  78.168  ph=3  success=5.33/20 (27%) (partial) streak=0  | B-Reach=100%/0.0268  B-Desc=100%/0.0083  B-Grasp=100%/0.0108  B-Move=25%/0.1520  B-Rel=100%/0.1151  P-Reach=0%/0.4004  P-Desc=0%/0.4446  P-Grasp=0%/0.4446  P-Move=0%/0.2732  P-Rel=100%/0.2246  C-Reach=0%/0.3410  C-Desc=0%/0.3920  C-Grasp=0%/0.3920  C-Move=0%/0.2694  C-Rel=100%/0.2196

Iter  295:  Σrew=81.922  grad=659.2  [phase1=2.7s bptt=6.6s elapsed=2931s]
  heads (0/5 clipped)   trunk |g|=133 lim=1500 x1.00
           move x3  |g|=     517 lim=  1000 x1.00       descend x3  |g|=     279 lim=  1500 x1.00  
          reach x3  |g|=     263 lim=  3000 x1.00         grasp x3  |g|=      49 lim=  1000 x1.00  
        release x3  |g|=      25 lim=   500 x1.00  
    container       rew=  81.922  ph=3  success=0.33/20 (2%) (partial) streak=0  | B-Reach=100%/0.0239  B-Desc=100%/0.0237  B-Grasp=45%/0.0450  B-Move=0%/0.3498  B-Rel=100%/0.3909  P-Reach=0%/0.3646  P-Desc=0%/0.4055  P-Grasp=0%/0.4055  P-Move=0%/0.2701  P-Rel=100%/0.2209  C-Reach=0%/0.3025  C-Desc=0%/0.3509  C-Grasp=0%/0.3509  C-Move=0%/0.2717  C-Rel=100%/0.2225

Iter  300:  Σrew=76.033  grad=745.1  [phase1=2.7s bptt=6.5s elapsed=2984s]
  heads (0/5 clipped)   trunk |g|=168 lim=1500 x1.00
           move x3  |g|=     483 lim=  1000 x1.00         reach x3  |g|=     372 lim=  3000 x1.00  
        descend x3  |g|=     362 lim=  1500 x1.00         grasp x3  |g|=     156 lim=  1000 x1.00  
        release x3  |g|=       4 lim=   500 x1.00  
    container       rew=  76.033  ph=3  success=5.67/20 (28%) (partial) streak=0  | B-Reach=100%/0.0232  B-Desc=100%/0.0061  B-Grasp=100%/0.0062  B-Move=75%/0.0626  B-Rel=100%/0.0878  P-Reach=0%/0.3618  P-Desc=0%/0.4067  P-Grasp=0%/0.4067  P-Move=0%/0.2726  P-Rel=100%/0.2239  C-Reach=0%/0.3028  C-Desc=0%/0.3553  C-Grasp=0%/0.3553  C-Move=0%/0.2634  C-Rel=100%/0.2124
  ✓ saved container_vision_{params,obs_rms,opt}.pkl + _{learning,gradients}.png at iter 300

Iter  305:  Σrew=87.876  grad=1011.1  [phase1=2.8s bptt=6.6s elapsed=3040s]
  heads (0/5 clipped)   trunk |g|=175 lim=1500 x1.00
           move x3  |g|=     848 lim=  1000 x1.00       descend x3  |g|=     429 lim=  1500 x1.00  
          reach x3  |g|=     279 lim=  3000 x1.00         grasp x3  |g|=     103 lim=  1000 x1.00  
        release x3  |g|=      17 lim=   500 x1.00  
    container       rew=  87.876  ph=3  success=6.67/20 (33%) (partial) streak=0  | B-Reach=100%/0.0188  B-Desc=100%/0.0078  B-Grasp=100%/0.0084  B-Move=35%/0.1292  B-Rel=100%/0.0892  P-Reach=0%/0.3269  P-Desc=0%/0.3760  P-Grasp=0%/0.3760  P-Move=0%/0.2757  P-Rel=100%/0.2277  C-Reach=0%/0.3074  C-Desc=0%/0.3593  C-Grasp=0%/0.3593  C-Move=0%/0.2703  C-Rel=100%/0.2207

Iter  310:  Σrew=85.191  grad=1159.3  [phase1=3.3s bptt=6.6s elapsed=3097s]
  heads (0/5 clipped)   trunk |g|=254 lim=1500 x1.00
        descend x3  |g|=     793 lim=  1500 x1.00          move x3  |g|=     711 lim=  1000 x1.00  
          reach x3  |g|=     378 lim=  3000 x1.00         grasp x3  |g|=      42 lim=  1000 x1.00  
        release x3  |g|=      23 lim=   500 x1.00  
    container       rew=  85.191  ph=3  success=3.67/20 (18%) (partial) streak=0  | B-Reach=100%/0.0239  B-Desc=100%/0.0106  B-Grasp=100%/0.0157  B-Move=5%/0.2328  B-Rel=100%/0.2127  P-Reach=0%/0.2928  P-Desc=0%/0.3367  P-Grasp=0%/0.3367  P-Move=0%/0.2771  P-Rel=100%/0.2293  C-Reach=0%/0.2717  C-Desc=0%/0.3186  C-Grasp=0%/0.3186  C-Move=0%/0.2672  C-Rel=100%/0.2171

Iter  315:  Σrew=84.679  grad=1396.8  [phase1=3.5s bptt=6.7s elapsed=3154s]
  heads (1/5 clipped)   trunk |g|=209 lim=1500 x1.00
           move x3  |g|=    1203 lim=  1000 x0.83         reach x3  |g|=     584 lim=  3000 x1.00  
        descend x3  |g|=     338 lim=  1500 x1.00       release x3  |g|=      55 lim=   500 x1.00  
          grasp x3  |g|=      41 lim=  1000 x1.00  
    container       rew=  84.679  ph=3  success=3.67/20 (18%) (partial) streak=0  | B-Reach=100%/0.0212  B-Desc=95%/0.0193  B-Grasp=85%/0.0263  B-Move=20%/0.2324  B-Rel=100%/0.2322  P-Reach=0%/0.2419  P-Desc=0%/0.2727  P-Grasp=0%/0.2727  P-Move=0%/0.2689  P-Rel=100%/0.2194  C-Reach=0%/0.2262  C-Desc=0%/0.2593  C-Grasp=0%/0.2593  C-Move=0%/0.2639  C-Rel=100%/0.2129

Iter  320:  Σrew=88.655  grad=1649.2  [phase1=3.3s bptt=6.8s elapsed=3212s]
  heads (1/5 clipped)   trunk |g|=209 lim=1500 x1.00
           move x3  |g|=    1484 lim=  1000 x0.67       descend x3  |g|=     605 lim=  1500 x1.00  
          reach x3  |g|=     302 lim=  3000 x1.00       release x3  |g|=     129 lim=   500 x1.00  
          grasp x3  |g|=      40 lim=  1000 x1.00  
    container       rew=  88.655  ph=3  success=6/20 (30%) (partial) streak=0  | B-Reach=100%/0.0197  B-Desc=100%/0.0078  B-Grasp=100%/0.0083  B-Move=80%/0.0839  B-Rel=100%/0.0923  P-Reach=0%/0.2140  P-Desc=0%/0.2574  P-Grasp=0%/0.2574  P-Move=0%/0.2779  P-Rel=100%/0.2305  C-Reach=0%/0.2235  C-Desc=0%/0.2657  C-Grasp=0%/0.2657  C-Move=0%/0.2716  C-Rel=100%/0.2223

Iter  325:  Σrew=91.195  grad=1155.7  [phase1=3.3s bptt=6.8s elapsed=3274s]
  heads (0/5 clipped)   trunk |g|=217 lim=1500 x1.00
           move x3  |g|=     978 lim=  1000 x1.00         reach x3  |g|=     397 lim=  3000 x1.00  
        descend x3  |g|=     394 lim=  1500 x1.00         grasp x3  |g|=     114 lim=  1000 x1.00  
        release x3  |g|=      74 lim=   500 x1.00  
    container       rew=  91.195  ph=3  success=3/20 (15%) (partial) streak=0  | B-Reach=100%/0.0164  B-Desc=100%/0.0157  B-Grasp=90%/0.0208  B-Move=0%/0.2249  B-Rel=100%/0.1811  P-Reach=0%/0.2365  P-Desc=0%/0.2679  P-Grasp=0%/0.2679  P-Move=0%/0.2709  P-Rel=100%/0.2219  C-Reach=0%/0.2313  C-Desc=0%/0.2635  C-Grasp=0%/0.2635  C-Move=0%/0.2677  C-Rel=100%/0.2176

Iter  330:  Σrew=89.632  grad=1530.1  [phase1=3.3s bptt=7.1s elapsed=3333s]
  heads (1/5 clipped)   trunk |g|=249 lim=1500 x1.00
           move x3  |g|=    1335 lim=  1000 x0.75       descend x3  |g|=     589 lim=  1500 x1.00  
          reach x3  |g|=     308 lim=  3000 x1.00         grasp x3  |g|=     225 lim=  1000 x1.00  
        release x3  |g|=      62 lim=   500 x1.00  
    container       rew=  89.632  ph=3  success=1.67/20 (8%) (partial) streak=0  | B-Reach=100%/0.0158  B-Desc=100%/0.0141  B-Grasp=100%/0.0168  B-Move=0%/0.2519  B-Rel=100%/0.2380  P-Reach=0%/0.2490  P-Desc=0%/0.2934  P-Grasp=0%/0.2934  P-Move=0%/0.2732  P-Rel=100%/0.2246  C-Reach=0%/0.2318  C-Desc=0%/0.2790  C-Grasp=0%/0.2790  C-Move=0%/0.2699  C-Rel=100%/0.2203

Iter  335:  Σrew=90.674  grad=658.5  [phase1=3.4s bptt=7.0s elapsed=3392s]
  heads (0/5 clipped)   trunk |g|=140 lim=1500 x1.00
           move x3  |g|=     519 lim=  1000 x1.00         reach x3  |g|=     289 lim=  3000 x1.00  
        descend x3  |g|=     228 lim=  1500 x1.00         grasp x3  |g|=      70 lim=  1000 x1.00  
        release x3  |g|=      66 lim=   500 x1.00  
    container       rew=  90.674  ph=3  success=6/20 (30%) (partial) streak=0  | B-Reach=100%/0.0163  B-Desc=100%/0.0066  B-Grasp=100%/0.0071  B-Move=60%/0.0875  B-Rel=100%/0.0576  P-Reach=0%/0.2161  P-Desc=0%/0.2658  P-Grasp=0%/0.2658  P-Move=0%/0.2734  P-Rel=100%/0.2249  C-Reach=0%/0.2509  C-Desc=0%/0.2950  C-Grasp=0%/0.2950  C-Move=0%/0.2796  C-Rel=100%/0.2321

Iter  340:  Σrew=82.148  grad=722.1  [phase1=2.7s bptt=6.6s elapsed=3448s]
  heads (0/5 clipped)   trunk |g|=158 lim=1500 x1.00
           move x3  |g|=     442 lim=  1000 x1.00       descend x3  |g|=     397 lim=  1500 x1.00  
          reach x3  |g|=     359 lim=  3000 x1.00         grasp x3  |g|=     101 lim=  1000 x1.00  
        release x3  |g|=      71 lim=   500 x1.00  
    container       rew=  82.148  ph=3  success=6.67/20 (33%) (partial) streak=0  | B-Reach=95%/0.0229  B-Desc=100%/0.0053  B-Grasp=100%/0.0057  B-Move=70%/0.0701  B-Rel=100%/0.0623  P-Reach=0%/0.2307  P-Desc=0%/0.2615  P-Grasp=0%/0.2615  P-Move=0%/0.2746  P-Rel=100%/0.2264  C-Reach=0%/0.2176  C-Desc=0%/0.2502  C-Grasp=0%/0.2502  C-Move=0%/0.2724  C-Rel=100%/0.2234
    ──→ container: phase 4, active=115

Iter  345:  Σrew=83.561  grad=1552.5  [phase1=5.2s bptt=8.3s elapsed=3515s]
  heads (1/5 clipped)   trunk |g|=281 lim=1500 x1.00
           move x3  |g|=    1221 lim=  1000 x0.82       descend x3  |g|=     726 lim=  1500 x1.00  
          reach x3  |g|=     534 lim=  3000 x1.00         grasp x3  |g|=     152 lim=  1000 x1.00  
        release x3  |g|=      69 lim=   500 x1.00  
    container       rew=  83.561  ph=4  success=4.67/20 (23%) (partial) streak=0  | B-Reach=100%/0.0148  B-Desc=100%/0.0114  B-Grasp=100%/0.0145  B-Move=40%/0.1475  B-Rel=100%/0.1278  P-Reach=0%/0.4674  P-Desc=0%/0.5141  P-Grasp=0%/0.5141  P-Move=0%/0.2755  P-Rel=100%/0.2274  C-Reach=0%/0.5582  C-Desc=0%/0.5981  C-Grasp=0%/0.5981  C-Move=0%/0.2683  C-Rel=100%/0.2182

Iter  350:  Σrew=80.635  grad=1203.3  [phase1=3.3s bptt=8.4s elapsed=3582s]
  heads (0/5 clipped)   trunk |g|=239 lim=1500 x1.00
           move x3  |g|=     872 lim=  1000 x1.00         reach x3  |g|=     559 lim=  3000 x1.00  
        descend x3  |g|=     512 lim=  1500 x1.00         grasp x3  |g|=     222 lim=  1000 x1.00  
        release x3  |g|=      84 lim=   500 x1.00  
    container       rew=  80.635  ph=4  success=5.67/20 (28%) (partial) streak=0  | B-Reach=100%/0.0185  B-Desc=100%/0.0061  B-Grasp=100%/0.0073  B-Move=65%/0.0906  B-Rel=100%/0.0839  P-Reach=0%/0.3205  P-Desc=0%/0.3823  P-Grasp=0%/0.3823  P-Move=0%/0.2748  P-Rel=100%/0.2263  C-Reach=0%/0.4762  C-Desc=0%/0.5199  C-Grasp=0%/0.5199  C-Move=0%/0.2685  C-Rel=100%/0.2186
    ──→ container: phase 5, active=135
  ✓ saved container_vision_{params,obs_rms,opt}.pkl + _{learning,gradients}.png at iter 350

Iter  355:  Σrew=79.209  grad=1814.4  [phase1=3.9s bptt=9.6s elapsed=3660s]
  heads (1/5 clipped)   trunk |g|=240 lim=1500 x1.00
           move x3  |g|=    1702 lim=  1000 x0.59         reach x3  |g|=     513 lim=  3000 x1.00  
        descend x3  |g|=     234 lim=  1500 x1.00       release x3  |g|=     118 lim=   500 x1.00  
          grasp x3  |g|=      78 lim=  1000 x1.00  
    container       rew=  79.209  ph=5  success=4.67/20 (23%) (partial) streak=0  | B-Reach=100%/0.0230  B-Desc=100%/0.0131  B-Grasp=95%/0.0144  B-Move=35%/0.1605  B-Rel=100%/0.1367  P-Reach=0%/0.1880  P-Desc=0%/0.3308  P-Grasp=0%/0.3308  P-Move=0%/0.2717  P-Rel=100%/0.2228  C-Reach=0%/0.4343  C-Desc=0%/0.4786  C-Grasp=0%/0.4786  C-Move=0%/0.2685  C-Rel=100%/0.2185

Iter  360:  Σrew=88.120  grad=861.0  [phase1=4.0s bptt=9.7s elapsed=3737s]
  heads (0/5 clipped)   trunk |g|=181 lim=1500 x1.00
           move x3  |g|=     720 lim=  1000 x1.00         reach x3  |g|=     304 lim=  3000 x1.00  
        descend x3  |g|=     304 lim=  1500 x1.00       release x3  |g|=      73 lim=   500 x1.00  
          grasp x3  |g|=      19 lim=  1000 x1.00  
    container       rew=  88.120  ph=5  success=5.33/20 (27%) (partial) streak=0  | B-Reach=100%/0.0174  B-Desc=100%/0.0070  B-Grasp=95%/0.0088  B-Move=70%/0.0967  B-Rel=100%/0.1172  P-Reach=10%/0.0992  P-Desc=0%/0.1216  P-Grasp=0%/0.1216  P-Move=0%/0.2724  P-Rel=100%/0.2239  C-Reach=0%/0.3141  C-Desc=0%/0.3288  C-Grasp=0%/0.3288  C-Move=0%/0.2694  C-Rel=100%/0.2197

Iter  365:  Σrew=97.700  grad=1418.3  [phase1=3.9s bptt=9.7s elapsed=3814s]
  heads (1/5 clipped)   trunk |g|=245 lim=1500 x1.00
           move x3  |g|=    1252 lim=  1000 x0.80         reach x3  |g|=     513 lim=  3000 x1.00  
        descend x3  |g|=     327 lim=  1500 x1.00       release x3  |g|=      84 lim=   500 x1.00  
          grasp x3  |g|=      80 lim=  1000 x1.00  
    container       rew=  97.700  ph=5  success=5.33/20 (27%) (partial) streak=0  | B-Reach=100%/0.0185  B-Desc=100%/0.0075  B-Grasp=100%/0.0109  B-Move=55%/0.1064  B-Rel=100%/0.0968  P-Reach=35%/0.0652  P-Desc=60%/0.0472  P-Grasp=45%/0.0472  P-Move=0%/0.2670  P-Rel=100%/0.2171  C-Reach=0%/0.3091  C-Desc=0%/0.2911  C-Grasp=0%/0.2911  C-Move=0%/0.2654  C-Rel=100%/0.2147

Iter  370:  Σrew=100.206  grad=1514.5  [phase1=3.9s bptt=9.7s elapsed=3892s]
  heads (1/5 clipped)   trunk |g|=297 lim=1500 x1.00
           move x3  |g|=    1127 lim=  1000 x0.89         reach x3  |g|=     745 lim=  3000 x1.00  
        descend x3  |g|=     607 lim=  1500 x1.00       release x3  |g|=      88 lim=   500 x1.00  
          grasp x3  |g|=      64 lim=  1000 x1.00  
    container       rew= 100.206  ph=5  success=0/20 (0%) (partial) streak=0  | B-Reach=100%/0.0276  B-Desc=70%/0.0373  B-Grasp=25%/0.0660  B-Move=0%/0.3077  B-Rel=100%/0.2919  P-Reach=40%/0.0576  P-Desc=95%/0.0315  P-Grasp=85%/0.0315  P-Move=0%/0.2706  P-Rel=100%/0.2209  C-Reach=0%/0.3318  C-Desc=0%/0.3111  C-Grasp=0%/0.3111  C-Move=0%/0.2710  C-Rel=100%/0.2217

Iter  375:  Σrew=108.223  grad=1765.1  [phase1=5.7s bptt=9.7s elapsed=3971s]
  heads (1/5 clipped)   trunk |g|=288 lim=1500 x1.00
           move x3  |g|=    1486 lim=  1000 x0.67         reach x3  |g|=     866 lim=  3000 x1.00  
        descend x3  |g|=     260 lim=  1500 x1.00       release x3  |g|=      67 lim=   500 x1.00  
          grasp x3  |g|=      49 lim=  1000 x1.00  
    container       rew= 108.223  ph=5  success=0.67/20 (3%) (partial) streak=0  | B-Reach=85%/0.0395  B-Desc=90%/0.0309  B-Grasp=55%/0.0377  B-Move=5%/0.2971  B-Rel=100%/0.2943  P-Reach=0%/0.0665  P-Desc=95%/0.0304  P-Grasp=80%/0.0304  P-Move=0%/0.2692  P-Rel=100%/0.2198  C-Reach=0%/0.3335  C-Desc=0%/0.3143  C-Grasp=0%/0.3143  C-Move=0%/0.2724  C-Rel=100%/0.2234

Iter  380:  Σrew=96.588  grad=1150.5  [phase1=3.9s bptt=9.7s elapsed=4049s]
  heads (0/5 clipped)   trunk |g|=254 lim=1500 x1.00
          reach x3  |g|=     725 lim=  3000 x1.00          move x3  |g|=     723 lim=  1000 x1.00  
        descend x3  |g|=     450 lim=  1500 x1.00         grasp x3  |g|=      75 lim=  1000 x1.00  
        release x3  |g|=      45 lim=   500 x1.00  
    container       rew=  96.588  ph=5  success=1.67/20 (8%) (partial) streak=0  | B-Reach=85%/0.0316  B-Desc=95%/0.0260  B-Grasp=65%/0.0353  B-Move=5%/0.2580  B-Rel=100%/0.2396  P-Reach=75%/0.0363  P-Desc=90%/0.0282  P-Grasp=85%/0.0282  P-Move=0%/0.2757  P-Rel=100%/0.2274  C-Reach=0%/0.3306  C-Desc=0%/0.3114  C-Grasp=0%/0.3114  C-Move=0%/0.2721  C-Rel=100%/0.2230

Iter  385:  Σrew=106.141  grad=1650.7  [phase1=4.0s bptt=9.7s elapsed=4127s]
  heads (1/5 clipped)   trunk |g|=305 lim=1500 x1.00
           move x3  |g|=    1322 lim=  1000 x0.76       descend x3  |g|=     669 lim=  1500 x1.00  
          reach x3  |g|=     524 lim=  3000 x1.00         grasp x3  |g|=     396 lim=  1000 x1.00  
        release x3  |g|=      82 lim=   500 x1.00  
    container       rew= 106.141  ph=5  success=2.33/20 (12%) (partial) streak=0  | B-Reach=95%/0.0320  B-Desc=90%/0.0218  B-Grasp=80%/0.0265  B-Move=25%/0.2281  B-Rel=100%/0.2074  P-Reach=50%/0.0494  P-Desc=90%/0.0346  P-Grasp=75%/0.0346  P-Move=0%/0.2655  P-Rel=100%/0.2152  C-Reach=0%/0.3586  C-Desc=0%/0.3413  C-Grasp=0%/0.3413  C-Move=0%/0.2707  C-Rel=100%/0.2213
    ──→ container: phase 6, active=145

Iter  390:  Σrew=111.692  grad=1563.6  [phase1=4.2s bptt=10.4s elapsed=4209s]
  heads (0/5 clipped)   trunk |g|=363 lim=1500 x1.00
        descend x3  |g|=     924 lim=  1500 x1.00         reach x3  |g|=     916 lim=  3000 x1.00  
           move x3  |g|=     755 lim=  1000 x1.00         grasp x3  |g|=     203 lim=  1000 x1.00  
        release x3  |g|=      94 lim=   500 x1.00  
    container       rew= 111.692  ph=6  success=0/20 (0%) (partial) streak=0  | B-Reach=100%/0.0244  B-Desc=95%/0.0373  B-Grasp=0%/0.0624  B-Move=0%/0.2677  B-Rel=100%/0.2292  P-Reach=90%/0.0290  P-Desc=100%/0.0231  P-Grasp=95%/0.0191  P-Move=0%/0.2799  P-Rel=100%/0.2333  C-Reach=0%/0.3173  C-Desc=0%/0.3014  C-Grasp=0%/0.3014  C-Move=0%/0.2765  C-Rel=100%/0.2283

Iter  395:  Σrew=111.391  grad=892.4  [phase1=4.3s bptt=10.3s elapsed=4292s]
  heads (0/5 clipped)   trunk |g|=237 lim=1500 x1.00
           move x3  |g|=     510 lim=  1000 x1.00       descend x3  |g|=     474 lim=  1500 x1.00  
          reach x3  |g|=     405 lim=  3000 x1.00         grasp x3  |g|=     289 lim=  1000 x1.00  
        release x3  |g|=      84 lim=   500 x1.00  
    container       rew= 111.391  ph=6  success=0/20 (0%) (partial) streak=0  | B-Reach=90%/0.0300  B-Desc=100%/0.0290  B-Grasp=40%/0.0457  B-Move=0%/0.3389  B-Rel=100%/0.3409  P-Reach=50%/0.0524  P-Desc=95%/0.0225  P-Grasp=95%/0.0160  P-Move=0%/0.2723  P-Rel=100%/0.2237  C-Reach=0%/0.3272  C-Desc=0%/0.3095  C-Grasp=0%/0.3095  C-Move=0%/0.2681  C-Rel=100%/0.2181
    ──→ container: phase 7, active=170

Iter  400:  Σrew=124.057  grad=1155.1  [phase1=4.9s bptt=12.1s elapsed=4389s]
  heads (0/5 clipped)   trunk |g|=272 lim=1500 x1.00
           move x3  |g|=     887 lim=  1000 x1.00       descend x3  |g|=     604 lim=  1500 x1.00  
          reach x3  |g|=     296 lim=  3000 x1.00         grasp x3  |g|=     127 lim=  1000 x1.00  
        release x3  |g|=      69 lim=   500 x1.00  
    container       rew= 124.057  ph=7  success=0.33/20 (2%) (partial) streak=0  | B-Reach=100%/0.0210  B-Desc=85%/0.0391  B-Grasp=5%/0.0869  B-Move=0%/0.2513  B-Rel=100%/0.2065  P-Reach=95%/0.0239  P-Desc=95%/0.0213  P-Grasp=90%/0.0187  P-Move=0%/0.2946  P-Rel=100%/0.2455  C-Reach=0%/0.2271  C-Desc=0%/0.3162  C-Grasp=0%/0.3162  C-Move=0%/0.2712  C-Rel=100%/0.2218
  ✓ saved container_vision_{params,obs_rms,opt}.pkl + _{learning,gradients}.png at iter 400

Iter  405:  Σrew=118.370  grad=1648.4  [phase1=4.9s bptt=12.0s elapsed=4487s]
  heads (0/5 clipped)   trunk |g|=519 lim=1500 x1.00
        descend x3  |g|=    1107 lim=  1500 x1.00         reach x3  |g|=     877 lim=  3000 x1.00  
           move x3  |g|=     651 lim=  1000 x1.00         grasp x3  |g|=     154 lim=  1000 x1.00  
        release x3  |g|=      86 lim=   500 x1.00  
    container       rew= 118.370  ph=7  success=0/20 (0%) (partial) streak=0  | B-Reach=100%/0.0207  B-Desc=95%/0.0270  B-Grasp=30%/0.0681  B-Move=0%/0.3325  B-Rel=100%/0.3546  P-Reach=65%/0.0442  P-Desc=80%/0.0296  P-Grasp=80%/0.0225  P-Move=0%/0.2968  P-Rel=100%/0.2494  C-Reach=0%/0.2945  C-Desc=0%/0.3859  C-Grasp=0%/0.3859  C-Move=0%/0.2654  C-Rel=100%/0.2147
    ──→ container: phase 8, active=180

Iter  410:  Σrew=112.130  grad=1964.1  [phase1=5.2s bptt=12.7s elapsed=4588s]
  heads (1/5 clipped)   trunk |g|=654 lim=1500 x1.00
           move x3  |g|=    1257 lim=  1000 x0.80         reach x3  |g|=    1175 lim=  3000 x1.00  
        descend x3  |g|=     599 lim=  1500 x1.00         grasp x3  |g|=     321 lim=  1000 x1.00  
        release x3  |g|=      82 lim=   500 x1.00  
    container       rew= 112.130  ph=8  success=3.67/20 (18%) (partial) streak=0  | B-Reach=100%/0.0168  B-Desc=100%/0.0114  B-Grasp=85%/0.0227  B-Move=0%/0.2393  B-Rel=100%/0.2034  P-Reach=80%/0.0379  P-Desc=85%/0.0250  P-Grasp=80%/0.0255  P-Move=0%/0.2764  P-Rel=100%/0.2284  C-Reach=0%/0.1470  C-Desc=0%/0.2131  C-Grasp=0%/0.2131  C-Move=0%/0.2703  C-Rel=100%/0.2208

Iter  415:  Σrew=108.361  grad=1037.2  [phase1=5.2s bptt=12.8s elapsed=4691s]
  heads (0/5 clipped)   trunk |g|=238 lim=1500 x1.00
           move x3  |g|=     779 lim=  1000 x1.00         reach x3  |g|=     546 lim=  3000 x1.00  
        descend x3  |g|=     313 lim=  1500 x1.00         grasp x3  |g|=     107 lim=  1000 x1.00  
        release x3  |g|=      73 lim=   500 x1.00  
    container       rew= 108.361  ph=8  success=0/20 (0%) (partial) streak=0  | B-Reach=100%/0.0200  B-Desc=100%/0.0306  B-Grasp=80%/0.0367  B-Move=0%/0.2899  B-Rel=100%/0.2682  P-Reach=70%/0.0443  P-Desc=100%/0.0278  P-Grasp=80%/0.0300  P-Move=0%/0.2891  P-Rel=100%/0.2417  C-Reach=0%/0.2074  C-Desc=0%/0.2728  C-Grasp=0%/0.2728  C-Move=0%/0.2750  C-Rel=100%/0.2265

Iter  420:  Σrew=125.423  grad=1851.2  [phase1=5.2s bptt=12.7s elapsed=4793s]
  heads (0/5 clipped)   trunk |g|=388 lim=1500 x1.00
          reach x3  |g|=    1199 lim=  3000 x1.00       descend x3  |g|=    1001 lim=  1500 x1.00  
           move x3  |g|=     908 lim=  1000 x1.00       release x3  |g|=      82 lim=   500 x1.00  
          grasp x3  |g|=      69 lim=  1000 x1.00  
    container       rew= 125.423  ph=8  success=1.33/20 (7%) (partial) streak=0  | B-Reach=100%/0.0240  B-Desc=90%/0.0184  B-Grasp=55%/0.0403  B-Move=0%/0.3343  B-Rel=100%/0.3644  P-Reach=85%/0.0334  P-Desc=100%/0.0214  P-Grasp=95%/0.0120  P-Move=0%/0.2927  P-Rel=100%/0.2436  C-Reach=0%/0.2453  C-Desc=0%/0.2910  C-Grasp=0%/0.2910  C-Move=0%/0.2738  C-Rel=100%/0.2252

Iter  425:  Σrew=118.060  grad=1466.5  [phase1=7.0s bptt=12.7s elapsed=4896s]
  heads (0/5 clipped)   trunk |g|=334 lim=1500 x1.00
          reach x3  |g|=    1143 lim=  3000 x1.00          move x3  |g|=     686 lim=  1000 x1.00  
        descend x3  |g|=     496 lim=  1500 x1.00         grasp x3  |g|=      90 lim=  1000 x1.00  
        release x3  |g|=      77 lim=   500 x1.00  
    container       rew= 118.060  ph=8  success=5.33/20 (27%) (partial) streak=0  | B-Reach=100%/0.0175  B-Desc=100%/0.0052  B-Grasp=100%/0.0097  B-Move=75%/0.1020  B-Rel=100%/0.1090  P-Reach=85%/0.0451  P-Desc=95%/0.0327  P-Grasp=95%/0.0280  P-Move=0%/0.2898  P-Rel=100%/0.2308  C-Reach=0%/0.3221  C-Desc=0%/0.3724  C-Grasp=0%/0.3724  C-Move=0%/0.2661  C-Rel=100%/0.2155

Iter  430:  Σrew=105.452  grad=1273.6  [phase1=5.2s bptt=12.8s elapsed=4999s]
  heads (0/5 clipped)   trunk |g|=322 lim=1500 x1.00
          reach x3  |g|=    1066 lim=  3000 x1.00       descend x3  |g|=     569 lim=  1500 x1.00  
           move x3  |g|=     191 lim=  1000 x1.00       release x3  |g|=     110 lim=   500 x1.00  
          grasp x3  |g|=     101 lim=  1000 x1.00  
    container       rew= 105.452  ph=8  success=3.67/20 (18%) (partial) streak=0  | B-Reach=100%/0.0198  B-Desc=100%/0.0098  B-Grasp=100%/0.0153  B-Move=50%/0.1190  B-Rel=100%/0.1089  P-Reach=100%/0.0272  P-Desc=45%/0.0580  P-Grasp=15%/0.0520  P-Move=0%/0.2890  P-Rel=100%/0.2300  C-Reach=0%/0.3041  C-Desc=0%/0.3617  C-Grasp=0%/0.3617  C-Move=0%/0.2640  C-Rel=100%/0.2130

Iter  435:  Σrew=110.016  grad=1019.2  [phase1=5.4s bptt=12.7s elapsed=5101s]
  heads (0/5 clipped)   trunk |g|=263 lim=1500 x1.00
          reach x3  |g|=     696 lim=  3000 x1.00          move x3  |g|=     617 lim=  1000 x1.00  
        descend x3  |g|=     321 lim=  1500 x1.00         grasp x3  |g|=      31 lim=  1000 x1.00  
        release x3  |g|=      26 lim=   500 x1.00  
    container       rew= 110.016  ph=8  success=5.33/20 (27%) (partial) streak=0  | B-Reach=100%/0.0216  B-Desc=100%/0.0063  B-Grasp=100%/0.0110  B-Move=40%/0.1326  B-Rel=100%/0.1072  P-Reach=100%/0.0236  P-Desc=30%/0.0718  P-Grasp=30%/0.0494  P-Move=0%/0.2864  P-Rel=100%/0.2310  C-Reach=0%/0.3592  C-Desc=0%/0.4145  C-Grasp=0%/0.4145  C-Move=0%/0.2717  C-Rel=100%/0.2225

Iter  440:  Σrew=99.318  grad=1165.9  [phase1=5.2s bptt=12.7s elapsed=5203s]
  heads (0/5 clipped)   trunk |g|=247 lim=1500 x1.00
          reach x3  |g|=     928 lim=  3000 x1.00       descend x3  |g|=     536 lim=  1500 x1.00  
           move x3  |g|=     363 lim=  1000 x1.00       release x3  |g|=     119 lim=   500 x1.00  
          grasp x3  |g|=      68 lim=  1000 x1.00  
    container       rew=  99.318  ph=8  success=2.33/20 (12%) (partial) streak=0  | B-Reach=100%/0.0164  B-Desc=85%/0.0181  B-Grasp=80%/0.0372  B-Move=0%/0.2453  B-Rel=100%/0.2062  P-Reach=100%/0.0239  P-Desc=50%/0.0524  P-Grasp=50%/0.0414  P-Move=0%/0.2946  P-Rel=100%/0.2427  C-Reach=0%/0.3279  C-Desc=0%/0.3757  C-Grasp=0%/0.3757  C-Move=0%/0.2670  C-Rel=100%/0.2168

Iter  445:  Σrew=119.052  grad=3498.0  [phase1=7.1s bptt=12.8s elapsed=5307s]
  heads (1/5 clipped)   trunk |g|=816 lim=1500 x1.00
        descend x3  |g|=    2736 lim=  1500 x0.55         reach x3  |g|=    1810 lim=  3000 x1.00  
           move x3  |g|=     889 lim=  1000 x1.00         grasp x3  |g|=     114 lim=  1000 x1.00  
        release x3  |g|=      90 lim=   500 x1.00  
    container       rew= 119.052  ph=8  success=6.33/20 (32%) (partial) streak=0  | B-Reach=100%/0.0165  B-Desc=100%/0.0073  B-Grasp=100%/0.0093  B-Move=25%/0.1381  B-Rel=100%/0.0851  P-Reach=100%/0.0317  P-Desc=0%/0.0775  P-Grasp=10%/0.0578  P-Move=0%/0.2818  P-Rel=100%/0.2323  C-Reach=0%/0.2634  C-Desc=0%/0.3045  C-Grasp=0%/0.3045  C-Move=0%/0.2686  C-Rel=100%/0.2186

Iter  450:  Σrew=117.870  grad=1419.6  [phase1=5.3s bptt=12.8s elapsed=5409s]
  heads (0/5 clipped)   trunk |g|=333 lim=1500 x1.00
          reach x3  |g|=    1076 lim=  3000 x1.00          move x3  |g|=     741 lim=  1000 x1.00  
        descend x3  |g|=     384 lim=  1500 x1.00         grasp x3  |g|=     220 lim=  1000 x1.00  
        release x3  |g|=      52 lim=   500 x1.00  
    container       rew= 117.870  ph=8  success=9.33/20 (47%) (partial) streak=0  | B-Reach=100%/0.0174  B-Desc=100%/0.0050  B-Grasp=100%/0.0049  B-Move=70%/0.0623  B-Rel=100%/0.0454  P-Reach=100%/0.0245  P-Desc=90%/0.0256  P-Grasp=80%/0.0273  P-Move=0%/0.2474  P-Rel=100%/0.1649  C-Reach=0%/0.2399  C-Desc=0%/0.2896  C-Grasp=0%/0.2896  C-Move=0%/0.2705  C-Rel=100%/0.2211
  ✓ saved container_vision_{params,obs_rms,opt}.pkl + _{learning,gradients}.png at iter 450

Iter  455:  Σrew=104.037  grad=1582.5  [phase1=5.2s bptt=12.7s elapsed=5513s]
  heads (1/5 clipped)   trunk |g|=329 lim=1500 x1.00
          reach x3  |g|=    1117 lim=  3000 x1.00          move x3  |g|=    1004 lim=  1000 x1.00  
        descend x3  |g|=     360 lim=  1500 x1.00       release x3  |g|=      81 lim=   500 x1.00  
          grasp x3  |g|=      54 lim=  1000 x1.00  
    container       rew= 104.037  ph=8  success=4.67/20 (23%) (partial) streak=0  | B-Reach=100%/0.0184  B-Desc=100%/0.0090  B-Grasp=100%/0.0117  B-Move=55%/0.1596  B-Rel=100%/0.1911  P-Reach=95%/0.0335  P-Desc=15%/0.0898  P-Grasp=15%/0.0796  P-Move=0%/0.2714  P-Rel=100%/0.2159  C-Reach=0%/0.2521  C-Desc=0%/0.2885  C-Grasp=0%/0.2885  C-Move=0%/0.2687  C-Rel=100%/0.2189

Iter  460:  Σrew=82.937  grad=1770.4  [phase1=5.3s bptt=12.8s elapsed=5615s]
  heads (0/5 clipped)   trunk |g|=413 lim=1500 x1.00
          reach x3  |g|=    1427 lim=  3000 x1.00       descend x3  |g|=     949 lim=  1500 x1.00  
           move x3  |g|=     127 lim=  1000 x1.00         grasp x3  |g|=      81 lim=  1000 x1.00  
        release x3  |g|=      65 lim=   500 x1.00  
    container       rew=  82.937  ph=8  success=2/20 (10%) (partial) streak=0  | B-Reach=95%/0.0249  B-Desc=100%/0.0079  B-Grasp=100%/0.0189  B-Move=0%/0.2779  B-Rel=100%/0.2590  P-Reach=100%/0.0305  P-Desc=0%/0.1478  P-Grasp=0%/0.1656  P-Move=0%/0.2771  P-Rel=100%/0.2275  C-Reach=0%/0.2675  C-Desc=0%/0.2824  C-Grasp=0%/0.2824  C-Move=0%/0.2730  C-Rel=100%/0.2241

Iter  465:  Σrew=95.720  grad=998.9  [phase1=5.2s bptt=12.7s elapsed=5717s]
  heads (0/5 clipped)   trunk |g|=248 lim=1500 x1.00
          reach x3  |g|=     912 lim=  3000 x1.00          move x3  |g|=     277 lim=  1000 x1.00  
        descend x3  |g|=     143 lim=  1500 x1.00       release x3  |g|=      76 lim=   500 x1.00  
          grasp x3  |g|=      43 lim=  1000 x1.00  
    container       rew=  95.720  ph=8  success=5.67/20 (28%) (partial) streak=0  | B-Reach=100%/0.0188  B-Desc=100%/0.0060  B-Grasp=100%/0.0074  B-Move=65%/0.0904  B-Rel=100%/0.0861  P-Reach=100%/0.0294  P-Desc=0%/0.1861  P-Grasp=0%/0.2058  P-Move=0%/0.2728  P-Rel=100%/0.2242  C-Reach=0%/0.2034  C-Desc=0%/0.2243  C-Grasp=0%/0.2243  C-Move=0%/0.2693  C-Rel=100%/0.2196

Iter  470:  Σrew=107.521  grad=1752.3  [phase1=5.2s bptt=12.7s elapsed=5821s]
  heads (1/5 clipped)   trunk |g|=362 lim=1500 x1.00
           move x3  |g|=    1329 lim=  1000 x0.75         reach x3  |g|=    1044 lim=  3000 x1.00  
        descend x3  |g|=     284 lim=  1500 x1.00       release x3  |g|=      46 lim=   500 x1.00  
          grasp x3  |g|=      25 lim=  1000 x1.00  
    container       rew= 107.521  ph=8  success=4.33/20 (22%) (partial) streak=0  | B-Reach=100%/0.0217  B-Desc=100%/0.0096  B-Grasp=95%/0.0139  B-Move=35%/0.1880  B-Rel=100%/0.1900  P-Reach=100%/0.0232  P-Desc=0%/0.1838  P-Grasp=0%/0.1743  P-Move=0%/0.2715  P-Rel=100%/0.2222  C-Reach=0%/0.2018  C-Desc=0%/0.2401  C-Grasp=0%/0.2401  C-Move=0%/0.2684  C-Rel=100%/0.2184

Iter  475:  Σrew=106.434  grad=1227.3  [phase1=5.2s bptt=12.8s elapsed=5923s]
  heads (0/5 clipped)   trunk |g|=292 lim=1500 x1.00
          reach x3  |g|=     827 lim=  3000 x1.00          move x3  |g|=     810 lim=  1000 x1.00  
        descend x3  |g|=     265 lim=  1500 x1.00       release x3  |g|=      91 lim=   500 x1.00  
          grasp x3  |g|=      32 lim=  1000 x1.00  
    container       rew= 106.434  ph=8  success=3.33/20 (17%) (partial) streak=0  | B-Reach=100%/0.0180  B-Desc=100%/0.0094  B-Grasp=95%/0.0139  B-Move=10%/0.2436  B-Rel=100%/0.2312  P-Reach=100%/0.0247  P-Desc=0%/0.1762  P-Grasp=0%/0.1511  P-Move=0%/0.2735  P-Rel=100%/0.2243  C-Reach=0%/0.1981  C-Desc=0%/0.2377  C-Grasp=0%/0.2377  C-Move=0%/0.2723  C-Rel=100%/0.2232

Iter  480:  Σrew=110.690  grad=1309.8  [phase1=5.2s bptt=12.8s elapsed=6025s]
  heads (1/5 clipped)   trunk |g|=287 lim=1500 x1.00
           move x3  |g|=    1002 lim=  1000 x1.00         reach x3  |g|=     741 lim=  3000 x1.00  
          grasp x3  |g|=     186 lim=  1000 x1.00       descend x3  |g|=     185 lim=  1500 x1.00  
        release x3  |g|=     106 lim=   500 x1.00  
    container       rew= 110.690  ph=8  success=6.33/20 (32%) (partial) streak=0  | B-Reach=100%/0.0153  B-Desc=100%/0.0070  B-Grasp=100%/0.0075  B-Move=90%/0.0283  B-Rel=100%/0.0333  P-Reach=95%/0.0248  P-Desc=0%/0.1816  P-Grasp=0%/0.1563  P-Move=0%/0.2756  P-Rel=100%/0.2276  C-Reach=0%/0.2160  C-Desc=0%/0.2444  C-Grasp=0%/0.2444  C-Move=0%/0.2661  C-Rel=100%/0.2156

Iter  485:  Σrew=106.842  grad=866.3  [phase1=5.2s bptt=12.7s elapsed=6128s]
  heads (0/5 clipped)   trunk |g|=234 lim=1500 x1.00
          reach x3  |g|=     609 lim=  3000 x1.00          move x3  |g|=     527 lim=  1000 x1.00  
        descend x3  |g|=     178 lim=  1500 x1.00       release x3  |g|=      91 lim=   500 x1.00  
          grasp x3  |g|=      85 lim=  1000 x1.00  
    container       rew= 106.842  ph=8  success=4.33/20 (22%) (partial) streak=0  | B-Reach=100%/0.0179  B-Desc=100%/0.0091  B-Grasp=95%/0.0161  B-Move=40%/0.1501  B-Rel=100%/0.1313  P-Reach=95%/0.0305  P-Desc=5%/0.1309  P-Grasp=5%/0.1157  P-Move=0%/0.2797  P-Rel=100%/0.2312  C-Reach=0%/0.2143  C-Desc=0%/0.2551  C-Grasp=0%/0.2551  C-Move=0%/0.2722  C-Rel=100%/0.2231

Iter  490:  Σrew=106.080  grad=1504.2  [phase1=5.2s bptt=12.8s elapsed=6231s]
  heads (0/5 clipped)   trunk |g|=341 lim=1500 x1.00
        descend x3  |g|=    1236 lim=  1500 x1.00         reach x3  |g|=     726 lim=  3000 x1.00  
           move x3  |g|=     292 lim=  1000 x1.00         grasp x3  |g|=      70 lim=  1000 x1.00  
        release x3  |g|=      45 lim=   500 x1.00  
    container       rew= 106.080  ph=8  success=5/20 (25%) (partial) streak=0  | B-Reach=100%/0.0155  B-Desc=100%/0.0065  B-Grasp=100%/0.0090  B-Move=25%/0.1529  B-Rel=100%/0.1050  P-Reach=100%/0.0154  P-Desc=30%/0.0750  P-Grasp=5%/0.0732  P-Move=0%/0.2838  P-Rel=100%/0.2341  C-Reach=0%/0.2344  C-Desc=0%/0.2677  C-Grasp=0%/0.2677  C-Move=0%/0.2667  C-Rel=100%/0.2164

Iter  495:  Σrew=116.432  grad=2681.9  [phase1=5.2s bptt=12.8s elapsed=6333s]
  heads (1/5 clipped)   trunk |g|=446 lim=1500 x1.00
        descend x3  |g|=    2114 lim=  1500 x0.71         reach x3  |g|=    1437 lim=  3000 x1.00  
           move x3  |g|=     599 lim=  1000 x1.00         grasp x3  |g|=     305 lim=  1000 x1.00  
        release x3  |g|=      80 lim=   500 x1.00  
    container       rew= 116.432  ph=8  success=6.33/20 (32%) (partial) streak=0  | B-Reach=100%/0.0173  B-Desc=100%/0.0059  B-Grasp=100%/0.0061  B-Move=75%/0.0575  B-Rel=100%/0.0493  P-Reach=100%/0.0183  P-Desc=75%/0.0483  P-Grasp=60%/0.0417  P-Move=0%/0.2449  P-Rel=100%/0.1964  C-Reach=0%/0.2405  C-Desc=0%/0.2807  C-Grasp=0%/0.2807  C-Move=0%/0.2676  C-Rel=100%/0.2175

Iter  500:  Σrew=101.884  grad=1445.5  [phase1=5.2s bptt=12.7s elapsed=6435s]
  heads (0/5 clipped)   trunk |g|=384 lim=1500 x1.00
          reach x3  |g|=    1233 lim=  3000 x1.00          move x3  |g|=     529 lim=  1000 x1.00  
        descend x3  |g|=     356 lim=  1500 x1.00       release x3  |g|=      98 lim=   500 x1.00  
          grasp x3  |g|=      76 lim=  1000 x1.00  
    container       rew= 101.884  ph=8  success=6/20 (30%) (partial) streak=0  | B-Reach=100%/0.0186  B-Desc=100%/0.0044  B-Grasp=100%/0.0059  B-Move=75%/0.0631  B-Rel=100%/0.0619  P-Reach=90%/0.0325  P-Desc=0%/0.0973  P-Grasp=5%/0.0864  P-Move=0%/0.2772  P-Rel=100%/0.2295  C-Reach=0%/0.2648  C-Desc=0%/0.3039  C-Grasp=0%/0.3039  C-Move=0%/0.2715  C-Rel=100%/0.2222
  ✓ saved container_vision_{params,obs_rms,opt}.pkl + _{learning,gradients}.png at iter 500

Iter  505:  Σrew=105.694  grad=1142.6  [phase1=5.2s bptt=12.8s elapsed=6540s]
  heads (0/5 clipped)   trunk |g|=337 lim=1500 x1.00
          reach x3  |g|=     801 lim=  3000 x1.00       descend x3  |g|=     681 lim=  1500 x1.00  
           move x3  |g|=     276 lim=  1000 x1.00         grasp x3  |g|=     100 lim=  1000 x1.00  
        release x3  |g|=      29 lim=   500 x1.00  
    container       rew= 105.694  ph=8  success=0/20 (0%) (partial) streak=0  | B-Reach=100%/0.0258  B-Desc=95%/0.0289  B-Grasp=5%/0.0575  B-Move=0%/0.2457  B-Rel=100%/0.1966  P-Reach=100%/0.0232  P-Desc=10%/0.0994  P-Grasp=10%/0.0790  P-Move=0%/0.2745  P-Rel=100%/0.2255  C-Reach=0%/0.2636  C-Desc=0%/0.2971  C-Grasp=0%/0.2971  C-Move=0%/0.2701  C-Rel=100%/0.2205

Iter  510:  Σrew=120.975  grad=1484.8  [phase1=5.2s bptt=12.8s elapsed=6642s]
  heads (0/5 clipped)   trunk |g|=412 lim=1500 x1.00
          reach x3  |g|=    1206 lim=  3000 x1.00       descend x3  |g|=     688 lim=  1500 x1.00  
           move x3  |g|=     297 lim=  1000 x1.00       release x3  |g|=     102 lim=   500 x1.00  
          grasp x3  |g|=      89 lim=  1000 x1.00  
    container       rew= 120.975  ph=8  success=0/20 (0%) (partial) streak=0  | B-Reach=100%/0.0255  B-Desc=100%/0.0229  B-Grasp=50%/0.0419  B-Move=0%/0.2654  B-Rel=100%/0.2324  P-Reach=100%/0.0323  P-Desc=25%/0.0751  P-Grasp=20%/0.0545  P-Move=0%/0.2835  P-Rel=100%/0.2354  C-Reach=0%/0.2764  C-Desc=0%/0.3020  C-Grasp=0%/0.3020  C-Move=0%/0.2748  C-Rel=100%/0.2262

Iter  515:  Σrew=120.747  grad=1070.6  [phase1=5.2s bptt=12.7s elapsed=6744s]
  heads (0/5 clipped)   trunk |g|=245 lim=1500 x1.00
          reach x3  |g|=     756 lim=  3000 x1.00          move x3  |g|=     547 lim=  1000 x1.00  
        descend x3  |g|=     446 lim=  1500 x1.00         grasp x3  |g|=     107 lim=  1000 x1.00  
        release x3  |g|=      69 lim=   500 x1.00  
    container       rew= 120.747  ph=8  success=0/20 (0%) (partial) streak=0  | B-Reach=100%/0.0259  B-Desc=75%/0.0435  B-Grasp=0%/0.0762  B-Move=0%/0.2668  B-Rel=100%/0.2329  P-Reach=100%/0.0221  P-Desc=75%/0.0476  P-Grasp=25%/0.0462  P-Move=0%/0.3038  P-Rel=100%/0.2593  C-Reach=0%/0.2495  C-Desc=0%/0.2842  C-Grasp=0%/0.2842  C-Move=0%/0.2666  C-Rel=100%/0.2162

Iter  520:  Σrew=119.696  grad=2033.8  [phase1=6.3s bptt=12.8s elapsed=6851s]
  heads (0/5 clipped)   trunk |g|=507 lim=1500 x1.00
          reach x3  |g|=    1869 lim=  3000 x1.00          move x3  |g|=     522 lim=  1000 x1.00  
        descend x3  |g|=     331 lim=  1500 x1.00         grasp x3  |g|=      56 lim=  1000 x1.00  
        release x3  |g|=      33 lim=   500 x1.00  
    container       rew= 119.696  ph=8  success=0/20 (0%) (partial) streak=0  | B-Reach=100%/0.0311  B-Desc=100%/0.0273  B-Grasp=55%/0.0408  B-Move=0%/0.3163  B-Rel=100%/0.3035  P-Reach=100%/0.0267  P-Desc=80%/0.0424  P-Grasp=60%/0.0373  P-Move=0%/0.3172  P-Rel=100%/0.2727  C-Reach=0%/0.2617  C-Desc=0%/0.3013  C-Grasp=0%/0.3013  C-Move=0%/0.2657  C-Rel=100%/0.2152

Iter  525:  Σrew=119.677  grad=1250.6  [phase1=6.5s bptt=13.2s elapsed=6966s]
  heads (0/5 clipped)   trunk |g|=343 lim=1500 x1.00
          reach x3  |g|=     906 lim=  3000 x1.00          move x3  |g|=     732 lim=  1000 x1.00  
        descend x3  |g|=     282 lim=  1500 x1.00         grasp x3  |g|=      91 lim=  1000 x1.00  
        release x3  |g|=      47 lim=   500 x1.00  
    container       rew= 119.677  ph=8  success=0/20 (0%) (partial) streak=0  | B-Reach=100%/0.0200  B-Desc=80%/0.0368  B-Grasp=5%/0.0867  B-Move=0%/0.2947  B-Rel=100%/0.2729  P-Reach=100%/0.0147  P-Desc=85%/0.0420  P-Grasp=90%/0.0333  P-Move=0%/0.2990  P-Rel=100%/0.2526  C-Reach=0%/0.2657  C-Desc=0%/0.3109  C-Grasp=0%/0.3109  C-Move=0%/0.2682  C-Rel=100%/0.2182

Iter  530:  Σrew=120.927  grad=1272.9  [phase1=6.7s bptt=13.6s elapsed=7081s]
  heads (1/5 clipped)   trunk |g|=257 lim=1500 x1.00
           move x3  |g|=    1111 lim=  1000 x0.90         reach x3  |g|=     534 lim=  3000 x1.00  
        descend x3  |g|=     133 lim=  1500 x1.00       release x3  |g|=     107 lim=   500 x1.00  
          grasp x3  |g|=      76 lim=  1000 x1.00  
    container       rew= 120.927  ph=8  success=4.67/20 (23%) (partial) streak=0  | B-Reach=100%/0.0171  B-Desc=100%/0.0059  B-Grasp=100%/0.0070  B-Move=70%/0.0753  B-Rel=100%/0.0715  P-Reach=100%/0.0284  P-Desc=70%/0.0432  P-Grasp=80%/0.0350  P-Move=0%/0.2876  P-Rel=100%/0.2417  C-Reach=0%/0.2615  C-Desc=0%/0.2979  C-Grasp=0%/0.2979  C-Move=0%/0.2684  C-Rel=100%/0.2185

Iter  535:  Σrew=120.455  grad=22757.4  [phase1=6.6s bptt=13.6s elapsed=7196s]
  heads (2/5 clipped)   trunk |g|=7471 lim=1500 x0.20
        descend x3  |g|=   21440 lim=  1500 x0.07         reach x3  |g|=    1102 lim=  3000 x1.00  
           move x3  |g|=    1089 lim=  1000 x0.92       release x3  |g|=      83 lim=   500 x1.00  
          grasp x3  |g|=      47 lim=  1000 x1.00  
    container       rew= 120.455  ph=8  success=2/20 (10%) (partial) streak=0  | B-Reach=100%/0.0172  B-Desc=100%/0.0109  B-Grasp=85%/0.0234  B-Move=5%/0.2351  B-Rel=100%/0.2030  P-Reach=100%/0.0150  P-Desc=55%/0.0603  P-Grasp=10%/0.1033  P-Move=0%/0.3029  P-Rel=100%/0.2559  C-Reach=0%/0.2333  C-Desc=0%/0.2680  C-Grasp=0%/0.2680  C-Move=0%/0.2727  C-Rel=100%/0.2237

Iter  540:  Σrew=118.236  grad=1595.2  [phase1=6.8s bptt=13.8s elapsed=7312s]
  heads (1/5 clipped)   trunk |g|=321 lim=1500 x1.00
           move x3  |g|=    1288 lim=  1000 x0.78         reach x3  |g|=     645 lim=  3000 x1.00  
        descend x3  |g|=     587 lim=  1500 x1.00         grasp x3  |g|=     118 lim=  1000 x1.00  
        release x3  |g|=      97 lim=   500 x1.00  
    container       rew= 118.236  ph=8  success=2.67/20 (13%) (partial) streak=0  | B-Reach=100%/0.0164  B-Desc=100%/0.0106  B-Grasp=95%/0.0190  B-Move=40%/0.1723  B-Rel=100%/0.1593  P-Reach=100%/0.0194  P-Desc=5%/0.0707  P-Grasp=15%/0.0626  P-Move=0%/0.2866  P-Rel=100%/0.2357  C-Reach=0%/0.2408  C-Desc=0%/0.2984  C-Grasp=0%/0.2984  C-Move=0%/0.2682  C-Rel=100%/0.2182

Iter  545:  Σrew=135.231  grad=1676.4  [phase1=5.3s bptt=12.8s elapsed=7421s]
  heads (0/5 clipped)   trunk |g|=370 lim=1500 x1.00
          reach x3  |g|=    1073 lim=  3000 x1.00          move x3  |g|=     996 lim=  1000 x1.00  
        descend x3  |g|=     699 lim=  1500 x1.00         grasp x3  |g|=     192 lim=  1000 x1.00  
        release x3  |g|=      68 lim=   500 x1.00  
    container       rew= 135.231  ph=8  success=4.67/20 (23%) (partial) streak=0  | B-Reach=100%/0.0166  B-Desc=100%/0.0082  B-Grasp=100%/0.0133  B-Move=40%/0.1665  B-Rel=100%/0.1579  P-Reach=95%/0.0182  P-Desc=95%/0.0146  P-Grasp=95%/0.0189  P-Move=0%/0.2307  P-Rel=100%/0.1976  C-Reach=0%/0.2460  C-Desc=0%/0.2962  C-Grasp=0%/0.2962  C-Move=0%/0.2743  C-Rel=100%/0.2258

Iter  550:  Σrew=152.694  grad=1046.1  [phase1=5.2s bptt=12.7s elapsed=7525s]
  heads (0/5 clipped)   trunk |g|=302 lim=1500 x1.00
          reach x3  |g|=     672 lim=  3000 x1.00          move x3  |g|=     529 lim=  1000 x1.00  
        descend x3  |g|=     478 lim=  1500 x1.00         grasp x3  |g|=     207 lim=  1000 x1.00  
        release x3  |g|=      23 lim=   500 x1.00  
    container       rew= 152.694  ph=8  success=9/20 (45%) (partial) streak=0  | B-Reach=100%/0.0177  B-Desc=100%/0.0101  B-Grasp=90%/0.0189  B-Move=15%/0.2038  B-Rel=100%/0.1718  P-Reach=100%/0.0157  P-Desc=90%/0.0214  P-Grasp=80%/0.0272  P-Move=5%/0.1990  P-Rel=100%/0.1076  C-Reach=0%/0.2023  C-Desc=0%/0.2614  C-Grasp=0%/0.2614  C-Move=0%/0.2754  C-Rel=100%/0.2270
  ✓ saved container_vision_{params,obs_rms,opt}.pkl + _{learning,gradients}.png at iter 550

Iter  555:  Σrew=148.631  grad=905.5  [phase1=5.2s bptt=12.8s elapsed=7629s]
  heads (0/5 clipped)   trunk |g|=249 lim=1500 x1.00
           move x3  |g|=     561 lim=  1000 x1.00         reach x3  |g|=     515 lim=  3000 x1.00  
        descend x3  |g|=     374 lim=  1500 x1.00         grasp x3  |g|=     179 lim=  1000 x1.00  
        release x3  |g|=      70 lim=   500 x1.00  
    container       rew= 148.631  ph=8  success=6.33/20 (32%) (partial) streak=0  | B-Reach=100%/0.0220  B-Desc=100%/0.0145  B-Grasp=100%/0.0260  B-Move=5%/0.2409  B-Rel=100%/0.2120  P-Reach=90%/0.0383  P-Desc=100%/0.0196  P-Grasp=85%/0.0182  P-Move=55%/0.1513  P-Rel=100%/0.1132  C-Reach=0%/0.1623  C-Desc=0%/0.2108  C-Grasp=0%/0.2108  C-Move=0%/0.2722  C-Rel=100%/0.2231

Iter  560:  Σrew=153.421  grad=1913.7  [phase1=5.2s bptt=12.8s elapsed=7731s]
  heads (0/5 clipped)   trunk |g|=528 lim=1500 x1.00
          reach x3  |g|=    1720 lim=  3000 x1.00       descend x3  |g|=     487 lim=  1500 x1.00  
           move x3  |g|=     416 lim=  1000 x1.00         grasp x3  |g|=     120 lim=  1000 x1.00  
        release x3  |g|=      37 lim=   500 x1.00  
    container       rew= 153.421  ph=8  success=10.33/20 (52%) (partial) streak=0  | B-Reach=100%/0.0125  B-Desc=100%/0.0070  B-Grasp=100%/0.0061  B-Move=45%/0.1078  B-Rel=100%/0.0759  P-Reach=100%/0.0146  P-Desc=100%/0.0158  P-Grasp=95%/0.0142  P-Move=70%/0.1123  P-Rel=100%/0.1187  C-Reach=0%/0.1612  C-Desc=0%/0.1991  C-Grasp=0%/0.1991  C-Move=0%/0.2747  C-Rel=100%/0.2261
    ──→ container: phase 9, active=205

Iter  565:  Σrew=162.289  grad=1539.5  [phase1=6.0s bptt=14.5s elapsed=7846s]
  heads (0/5 clipped)   trunk |g|=447 lim=1500 x1.00
          reach x3  |g|=    1244 lim=  3000 x1.00          move x3  |g|=     653 lim=  1000 x1.00  
        descend x3  |g|=     397 lim=  1500 x1.00         grasp x3  |g|=     162 lim=  1000 x1.00  
        release x3  |g|=     113 lim=   500 x1.00  
    container       rew= 162.289  ph=9  success=11.67/20 (58%) (partial) streak=0  | B-Reach=100%/0.0153  B-Desc=100%/0.0079  B-Grasp=95%/0.0099  B-Move=55%/0.1003  B-Rel=100%/0.0708  P-Reach=100%/0.0136  P-Desc=100%/0.0144  P-Grasp=100%/0.0094  P-Move=80%/0.0972  P-Rel=100%/0.0973  C-Reach=0%/0.3250  C-Desc=0%/0.3370  C-Grasp=0%/0.3370  C-Move=0%/0.2744  C-Rel=100%/0.2257

Iter  570:  Σrew=177.012  grad=1603.9  [phase1=5.9s bptt=14.4s elapsed=7963s]
  heads (0/5 clipped)   trunk |g|=375 lim=1500 x1.00
          reach x3  |g|=    1145 lim=  3000 x1.00          move x3  |g|=     962 lim=  1000 x1.00  
        descend x3  |g|=     427 lim=  1500 x1.00         grasp x3  |g|=      86 lim=  1000 x1.00  
        release x3  |g|=      73 lim=   500 x1.00  
    container       rew= 177.012  ph=9  success=11.33/20 (57%) (partial) streak=0  | B-Reach=100%/0.0227  B-Desc=100%/0.0103  B-Grasp=100%/0.0134  B-Move=60%/0.1267  B-Rel=100%/0.1331  P-Reach=100%/0.0261  P-Desc=100%/0.0189  P-Grasp=100%/0.0141  P-Move=100%/0.0484  P-Rel=100%/0.0634  C-Reach=0%/0.3111  C-Desc=0%/0.3281  C-Grasp=0%/0.3281  C-Move=0%/0.2742  C-Rel=100%/0.2256
    ──→ container: phase 10, active=225

Iter  575:  Σrew=156.482  grad=1369.6  [phase1=6.4s bptt=15.8s elapsed=8089s]
  heads (0/5 clipped)   trunk |g|=347 lim=1500 x1.00
          reach x3  |g|=     915 lim=  3000 x1.00       descend x3  |g|=     829 lim=  1500 x1.00  
           move x3  |g|=     461 lim=  1000 x1.00         grasp x3  |g|=     123 lim=  1000 x1.00  
        release x3  |g|=      53 lim=   500 x1.00  
    container       rew= 156.482  ph=10  success=7/20 (35%) (partial) streak=0  | B-Reach=100%/0.0243  B-Desc=95%/0.0209  B-Grasp=50%/0.0539  B-Move=5%/0.2761  B-Rel=100%/0.2508  P-Reach=95%/0.0235  P-Desc=95%/0.0174  P-Grasp=95%/0.0137  P-Move=80%/0.0802  P-Rel=100%/0.0755  C-Reach=0%/0.2490  C-Desc=0%/0.2534  C-Grasp=0%/0.2534  C-Move=0%/0.2613  C-Rel=100%/0.2097

Iter  580:  Σrew=173.053  grad=1167.7  [phase1=6.5s bptt=15.8s elapsed=8215s]
  heads (0/5 clipped)   trunk |g|=326 lim=1500 x1.00
           move x3  |g|=     799 lim=  1000 x1.00         reach x3  |g|=     573 lim=  3000 x1.00  
        descend x3  |g|=     530 lim=  1500 x1.00         grasp x3  |g|=      80 lim=  1000 x1.00  
        release x3  |g|=      54 lim=   500 x1.00  
    container       rew= 173.053  ph=10  success=10/20 (50%) (partial) streak=0  | B-Reach=100%/0.0168  B-Desc=100%/0.0093  B-Grasp=95%/0.0170  B-Move=10%/0.1926  B-Rel=100%/0.1462  P-Reach=95%/0.0161  P-Desc=95%/0.0184  P-Grasp=95%/0.0185  P-Move=90%/0.0610  P-Rel=100%/0.0717  C-Reach=0%/0.2506  C-Desc=0%/0.2311  C-Grasp=0%/0.2311  C-Move=0%/0.2661  C-Rel=100%/0.2156

Iter  585:  Σrew=170.952  grad=2206.4  [phase1=6.4s bptt=15.8s elapsed=8342s]
  heads (1/5 clipped)   trunk |g|=446 lim=1500 x1.00
           move x3  |g|=    1788 lim=  1000 x0.56       descend x3  |g|=     908 lim=  1500 x1.00  
          reach x3  |g|=     774 lim=  3000 x1.00         grasp x3  |g|=     201 lim=  1000 x1.00  
        release x3  |g|=      96 lim=   500 x1.00  
    container       rew= 170.952  ph=10  success=10/20 (50%) (partial) streak=0  | B-Reach=100%/0.0164  B-Desc=100%/0.0085  B-Grasp=90%/0.0191  B-Move=35%/0.2087  B-Rel=100%/0.2352  P-Reach=100%/0.0179  P-Desc=100%/0.0132  P-Grasp=100%/0.0091  P-Move=95%/0.0632  P-Rel=100%/0.0686  C-Reach=0%/0.2669  C-Desc=0%/0.2271  C-Grasp=0%/0.2271  C-Move=0%/0.2727  C-Rel=100%/0.2237

Iter  590:  Σrew=150.207  grad=2123.4  [phase1=8.5s bptt=15.9s elapsed=8471s]
  heads (2/5 clipped)   trunk |g|=555 lim=1500 x1.00
        descend x3  |g|=    1509 lim=  1500 x0.99          move x3  |g|=    1156 lim=  1000 x0.87  
          reach x3  |g|=     739 lim=  3000 x1.00         grasp x3  |g|=     177 lim=  1000 x1.00  
        release x3  |g|=     104 lim=   500 x1.00  
    container       rew= 150.207  ph=10  success=8.33/20 (42%) (partial) streak=0  | B-Reach=100%/0.0124  B-Desc=100%/0.0103  B-Grasp=95%/0.0196  B-Move=5%/0.2064  B-Rel=100%/0.1674  P-Reach=100%/0.0177  P-Desc=100%/0.0201  P-Grasp=100%/0.0098  P-Move=70%/0.0947  P-Rel=100%/0.0810  C-Reach=0%/0.2198  C-Desc=0%/0.2385  C-Grasp=0%/0.2385  C-Move=0%/0.2694  C-Rel=100%/0.2196

Iter  595:  Σrew=165.655  grad=1339.6  [phase1=6.4s bptt=15.8s elapsed=8597s]
  heads (0/5 clipped)   trunk |g|=399 lim=1500 x1.00
          reach x3  |g|=     881 lim=  3000 x1.00       descend x3  |g|=     808 lim=  1500 x1.00  
           move x3  |g|=     395 lim=  1000 x1.00         grasp x3  |g|=     169 lim=  1000 x1.00  
        release x3  |g|=     146 lim=   500 x1.00  
    container       rew= 165.655  ph=10  success=10.67/20 (53%) (partial) streak=0  | B-Reach=100%/0.0148  B-Desc=100%/0.0079  B-Grasp=95%/0.0154  B-Move=25%/0.1703  B-Rel=100%/0.1269  P-Reach=100%/0.0191  P-Desc=100%/0.0144  P-Grasp=100%/0.0096  P-Move=95%/0.0364  P-Rel=100%/0.0502  C-Reach=0%/0.1893  C-Desc=0%/0.1920  C-Grasp=0%/0.1920  C-Move=0%/0.2730  C-Rel=100%/0.2240

Iter  600:  Σrew=155.930  grad=1392.6  [phase1=6.5s bptt=15.8s elapsed=8724s]
  heads (0/5 clipped)   trunk |g|=466 lim=1500 x1.00
        descend x3  |g|=    1014 lim=  1500 x1.00          move x3  |g|=     632 lim=  1000 x1.00  
          reach x3  |g|=     523 lim=  3000 x1.00         grasp x3  |g|=     104 lim=  1000 x1.00  
        release x3  |g|=     100 lim=   500 x1.00  
    container       rew= 155.930  ph=10  success=11.33/20 (57%) (partial) streak=0  | B-Reach=100%/0.0151  B-Desc=100%/0.0071  B-Grasp=100%/0.0118  B-Move=30%/0.1541  B-Rel=100%/0.1329  P-Reach=100%/0.0148  P-Desc=100%/0.0150  P-Grasp=100%/0.0115  P-Move=95%/0.0498  P-Rel=100%/0.0562  C-Reach=5%/0.1560  C-Desc=0%/0.1687  C-Grasp=0%/0.1687  C-Move=0%/0.2725  C-Rel=100%/0.2234
  ✓ saved container_vision_{params,obs_rms,opt}.pkl + _{learning,gradients}.png at iter 600

Iter  605:  Σrew=172.563  grad=1102.9  [phase1=6.4s bptt=15.8s elapsed=8853s]
  heads (0/5 clipped)   trunk |g|=337 lim=1500 x1.00
           move x3  |g|=     657 lim=  1000 x1.00         reach x3  |g|=     652 lim=  3000 x1.00  
        descend x3  |g|=     489 lim=  1500 x1.00         grasp x3  |g|=      75 lim=  1000 x1.00  
        release x3  |g|=      46 lim=   500 x1.00  
    container       rew= 172.563  ph=10  success=10.67/20 (53%) (partial) streak=0  | B-Reach=100%/0.0164  B-Desc=100%/0.0083  B-Grasp=100%/0.0117  B-Move=55%/0.1302  B-Rel=100%/0.1393  P-Reach=100%/0.0139  P-Desc=100%/0.0166  P-Grasp=100%/0.0105  P-Move=100%/0.0468  P-Rel=100%/0.0523  C-Reach=5%/0.1346  C-Desc=5%/0.1675  C-Grasp=5%/0.1675  C-Move=0%/0.2701  C-Rel=100%/0.2193

Iter  610:  Σrew=193.391  grad=1461.2  [phase1=6.4s bptt=15.9s elapsed=8980s]
  heads (0/5 clipped)   trunk |g|=376 lim=1500 x1.00
          reach x3  |g|=    1044 lim=  3000 x1.00          move x3  |g|=     855 lim=  1000 x1.00  
        descend x3  |g|=     382 lim=  1500 x1.00       release x3  |g|=     131 lim=   500 x1.00  
          grasp x3  |g|=      96 lim=  1000 x1.00  
    container       rew= 193.391  ph=10  success=7/20 (35%) (partial) streak=0  | B-Reach=100%/0.0180  B-Desc=85%/0.0304  B-Grasp=10%/0.0765  B-Move=0%/0.3132  B-Rel=100%/0.2981  P-Reach=100%/0.0125  P-Desc=100%/0.0168  P-Grasp=100%/0.0077  P-Move=100%/0.0239  P-Rel=100%/0.0296  C-Reach=5%/0.1185  C-Desc=0%/0.1487  C-Grasp=0%/0.1487  C-Move=0%/0.2711  C-Rel=100%/0.2216

Iter  615:  Σrew=193.417  grad=1815.3  [phase1=6.4s bptt=15.9s elapsed=9108s]
  heads (0/5 clipped)   trunk |g|=545 lim=1500 x1.00
          reach x3  |g|=    1389 lim=  3000 x1.00          move x3  |g|=     855 lim=  1000 x1.00  
        descend x3  |g|=     547 lim=  1500 x1.00       release x3  |g|=     163 lim=   500 x1.00  
          grasp x3  |g|=     112 lim=  1000 x1.00  
    container       rew= 193.417  ph=10  success=12/20 (60%) (partial) streak=0  | B-Reach=100%/0.0143  B-Desc=100%/0.0074  B-Grasp=100%/0.0100  B-Move=65%/0.0849  B-Rel=100%/0.0740  P-Reach=100%/0.0154  P-Desc=100%/0.0147  P-Grasp=100%/0.0097  P-Move=85%/0.0508  P-Rel=100%/0.0446  C-Reach=20%/0.0931  C-Desc=30%/0.1090  C-Grasp=15%/0.1090  C-Move=0%/0.2674  C-Rel=100%/0.2170

Iter  620:  Σrew=192.013  grad=1964.9  [phase1=6.5s bptt=15.8s elapsed=9236s]
  heads (1/5 clipped)   trunk |g|=464 lim=1500 x1.00
          reach x3  |g|=    1278 lim=  3000 x1.00          move x3  |g|=    1112 lim=  1000 x0.90  
        descend x3  |g|=     876 lim=  1500 x1.00       release x3  |g|=      80 lim=   500 x1.00  
          grasp x3  |g|=      65 lim=  1000 x1.00  
    container       rew= 192.013  ph=10  success=11.67/20 (58%) (partial) streak=0  | B-Reach=100%/0.0138  B-Desc=100%/0.0078  B-Grasp=95%/0.0135  B-Move=35%/0.1436  B-Rel=100%/0.1126  P-Reach=95%/0.0260  P-Desc=95%/0.0263  P-Grasp=95%/0.0208  P-Move=85%/0.0445  P-Rel=100%/0.0321  C-Reach=15%/0.0941  C-Desc=15%/0.1083  C-Grasp=10%/0.1083  C-Move=0%/0.2672  C-Rel=100%/0.2175

Iter  625:  Σrew=184.028  grad=1317.7  [phase1=6.5s bptt=15.8s elapsed=9363s]
  heads (0/5 clipped)   trunk |g|=355 lim=1500 x1.00
          reach x3  |g|=    1049 lim=  3000 x1.00          move x3  |g|=     498 lim=  1000 x1.00  
        descend x3  |g|=     487 lim=  1500 x1.00         grasp x3  |g|=     143 lim=  1000 x1.00  
        release x3  |g|=      70 lim=   500 x1.00  
    container       rew= 184.028  ph=10  success=9.33/20 (47%) (partial) streak=0  | B-Reach=100%/0.0143  B-Desc=100%/0.0074  B-Grasp=100%/0.0153  B-Move=15%/0.1927  B-Rel=100%/0.1581  P-Reach=95%/0.0213  P-Desc=100%/0.0161  P-Grasp=100%/0.0119  P-Move=70%/0.0748  P-Rel=100%/0.0469  C-Reach=5%/0.1505  C-Desc=10%/0.1091  C-Grasp=5%/0.1091  C-Move=0%/0.2664  C-Rel=100%/0.2160

Iter  630:  Σrew=204.831  grad=2243.7  [phase1=6.5s bptt=15.9s elapsed=9490s]
  heads (0/5 clipped)   trunk |g|=502 lim=1500 x1.00
          reach x3  |g|=    1859 lim=  3000 x1.00       descend x3  |g|=     946 lim=  1500 x1.00  
           move x3  |g|=     649 lim=  1000 x1.00         grasp x3  |g|=      93 lim=  1000 x1.00  
        release x3  |g|=      65 lim=   500 x1.00  
    container       rew= 204.831  ph=10  success=8/20 (40%) (partial) streak=0  | B-Reach=100%/0.0169  B-Desc=100%/0.0138  B-Grasp=100%/0.0259  B-Move=10%/0.2395  B-Rel=100%/0.2111  P-Reach=100%/0.0212  P-Desc=100%/0.0141  P-Grasp=100%/0.0103  P-Move=85%/0.0456  P-Rel=100%/0.0312  C-Reach=0%/0.0920  C-Desc=30%/0.0783  C-Grasp=25%/0.0783  C-Move=0%/0.2763  C-Rel=100%/0.2283

Iter  635:  Σrew=218.769  grad=1081.7  [phase1=13.3s bptt=15.9s elapsed=9627s]
  heads (0/5 clipped)   trunk |g|=386 lim=1500 x1.00
        descend x3  |g|=     591 lim=  1500 x1.00          move x3  |g|=     581 lim=  1000 x1.00  
          reach x3  |g|=     540 lim=  3000 x1.00         grasp x3  |g|=     172 lim=  1000 x1.00  
        release x3  |g|=     113 lim=   500 x1.00  
    container       rew= 218.769  ph=10  success=12/20 (60%) (partial) streak=0  | B-Reach=100%/0.0132  B-Desc=100%/0.0084  B-Grasp=95%/0.0128  B-Move=20%/0.1455  B-Rel=100%/0.0969  P-Reach=100%/0.0124  P-Desc=100%/0.0093  P-Grasp=100%/0.0074  P-Move=90%/0.0317  P-Rel=100%/0.0316  C-Reach=60%/0.0547  C-Desc=50%/0.0721  C-Grasp=40%/0.0721  C-Move=0%/0.2686  C-Rel=100%/0.2195

Iter  640:  Σrew=219.398  grad=1401.2  [phase1=8.2s bptt=16.7s elapsed=9765s]
  heads (0/5 clipped)   trunk |g|=381 lim=1500 x1.00
           move x3  |g|=     834 lim=  1000 x1.00         reach x3  |g|=     763 lim=  3000 x1.00  
        descend x3  |g|=     732 lim=  1500 x1.00       release x3  |g|=      51 lim=   500 x1.00  
          grasp x3  |g|=      43 lim=  1000 x1.00  
    container       rew= 219.398  ph=10  success=7.67/20 (38%) (partial) streak=0  | B-Reach=100%/0.0121  B-Desc=100%/0.0162  B-Grasp=55%/0.0365  B-Move=10%/0.2540  B-Rel=100%/0.2310  P-Reach=100%/0.0130  P-Desc=100%/0.0123  P-Grasp=100%/0.0062  P-Move=90%/0.0396  P-Rel=100%/0.0423  C-Reach=40%/0.0589  C-Desc=75%/0.0502  C-Grasp=60%/0.0502  C-Move=0%/0.2686  C-Rel=100%/0.2186

Iter  645:  Σrew=222.128  grad=1430.6  [phase1=8.2s bptt=17.1s elapsed=9907s]
  heads (0/5 clipped)   trunk |g|=428 lim=1500 x1.00
          reach x3  |g|=     952 lim=  3000 x1.00          move x3  |g|=     858 lim=  1000 x1.00  
        descend x3  |g|=     436 lim=  1500 x1.00         grasp x3  |g|=     154 lim=  1000 x1.00  
        release x3  |g|=      81 lim=   500 x1.00  
    container       rew= 222.128  ph=10  success=9/20 (45%) (partial) streak=0  | B-Reach=100%/0.0151  B-Desc=100%/0.0094  B-Grasp=95%/0.0197  B-Move=35%/0.1831  B-Rel=100%/0.1797  P-Reach=95%/0.0214  P-Desc=100%/0.0159  P-Grasp=95%/0.0106  P-Move=90%/0.0369  P-Rel=100%/0.0308  C-Reach=80%/0.0453  C-Desc=85%/0.0433  C-Grasp=85%/0.0433  C-Move=0%/0.2789  C-Rel=100%/0.2326

Iter  650:  Σrew=211.656  grad=2149.9  [phase1=6.6s bptt=15.9s elapsed=10041s]
  heads (0/5 clipped)   trunk |g|=617 lim=1500 x1.00
        descend x3  |g|=    1336 lim=  1500 x1.00         reach x3  |g|=    1293 lim=  3000 x1.00  
           move x3  |g|=     851 lim=  1000 x1.00         grasp x3  |g|=     230 lim=  1000 x1.00  
        release x3  |g|=      89 lim=   500 x1.00  
    container       rew= 211.656  ph=10  success=11.33/20 (57%) (partial) streak=0  | B-Reach=100%/0.0143  B-Desc=100%/0.0049  B-Grasp=100%/0.0042  B-Move=80%/0.0513  B-Rel=100%/0.0601  P-Reach=100%/0.0176  P-Desc=100%/0.0191  P-Grasp=100%/0.0110  P-Move=85%/0.0615  P-Rel=100%/0.0573  C-Reach=20%/0.0847  C-Desc=35%/0.0717  C-Grasp=25%/0.0717  C-Move=0%/0.2725  C-Rel=100%/0.2246
  ✓ saved container_vision_{params,obs_rms,opt}.pkl + _{learning,gradients}.png at iter 650

Iter  655:  Σrew=217.466  grad=2264.6  [phase1=6.5s bptt=15.9s elapsed=10170s]
  heads (1/5 clipped)   trunk |g|=689 lim=1500 x1.00
          reach x3  |g|=    1385 lim=  3000 x1.00          move x3  |g|=    1227 lim=  1000 x0.81  
        descend x3  |g|=    1100 lim=  1500 x1.00         grasp x3  |g|=     137 lim=  1000 x1.00  
        release x3  |g|=      42 lim=   500 x1.00  
    container       rew= 217.466  ph=10  success=6.33/20 (32%) (partial) streak=0  | B-Reach=100%/0.0174  B-Desc=100%/0.0228  B-Grasp=15%/0.0629  B-Move=0%/0.2750  B-Rel=100%/0.2446  P-Reach=100%/0.0227  P-Desc=100%/0.0176  P-Grasp=100%/0.0121  P-Move=85%/0.0506  P-Rel=100%/0.0443  C-Reach=65%/0.0435  C-Desc=20%/0.0635  C-Grasp=10%/0.0635  C-Move=0%/0.2807  C-Rel=100%/0.2336

Iter  660:  Σrew=218.464  grad=2101.1  [phase1=6.8s bptt=15.8s elapsed=10297s]
  heads (1/5 clipped)   trunk |g|=636 lim=1500 x1.00
          reach x3  |g|=    1244 lim=  3000 x1.00          move x3  |g|=    1192 lim=  1000 x0.84  
        descend x3  |g|=    1017 lim=  1500 x1.00         grasp x3  |g|=      61 lim=  1000 x1.00  
        release x3  |g|=      54 lim=   500 x1.00  
    container       rew= 218.464  ph=10  success=10.33/20 (52%) (partial) streak=0  | B-Reach=100%/0.0200  B-Desc=100%/0.0088  B-Grasp=100%/0.0160  B-Move=50%/0.1318  B-Rel=100%/0.1149  P-Reach=95%/0.0198  P-Desc=95%/0.0142  P-Grasp=95%/0.0106  P-Move=95%/0.0429  P-Rel=100%/0.0354  C-Reach=80%/0.0438  C-Desc=80%/0.0410  C-Grasp=70%/0.0410  C-Move=0%/0.2712  C-Rel=100%/0.2227
    ──→ container: phase 11, active=235

Iter  665:  Σrew=237.405  grad=2485.2  [phase1=6.7s bptt=16.5s elapsed=10429s]
  heads (1/5 clipped)   trunk |g|=574 lim=1500 x1.00
           move x3  |g|=    1729 lim=  1000 x0.58       descend x3  |g|=    1244 lim=  1500 x1.00  
          reach x3  |g|=    1134 lim=  3000 x1.00         grasp x3  |g|=     124 lim=  1000 x1.00  
        release x3  |g|=      99 lim=   500 x1.00  
    container       rew= 237.405  ph=11  success=8.33/20 (42%) (partial) streak=0  | B-Reach=100%/0.0162  B-Desc=100%/0.0110  B-Grasp=65%/0.0252  B-Move=25%/0.1881  B-Rel=100%/0.1604  P-Reach=100%/0.0314  P-Desc=80%/0.0275  P-Grasp=80%/0.0202  P-Move=75%/0.0833  P-Rel=100%/0.0804  C-Reach=80%/0.0374  C-Desc=80%/0.0315  C-Grasp=80%/0.0264  C-Move=0%/0.2662  C-Rel=100%/0.2207

Iter  670:  Σrew=243.710  grad=1755.7  [phase1=6.7s bptt=16.5s elapsed=10562s]
  heads (1/5 clipped)   trunk |g|=645 lim=1500 x1.00
           move x3  |g|=    1002 lim=  1000 x1.00       descend x3  |g|=     898 lim=  1500 x1.00  
          reach x3  |g|=     881 lim=  3000 x1.00       release x3  |g|=     208 lim=   500 x1.00  
          grasp x3  |g|=     188 lim=  1000 x1.00  
    container       rew= 243.710  ph=11  success=12/20 (60%) (partial) streak=0  | B-Reach=100%/0.0170  B-Desc=100%/0.0045  B-Grasp=95%/0.0067  B-Move=75%/0.0649  B-Rel=100%/0.0674  P-Reach=100%/0.0280  P-Desc=95%/0.0232  P-Grasp=95%/0.0149  P-Move=95%/0.0296  P-Rel=100%/0.0340  C-Reach=90%/0.0326  C-Desc=80%/0.0420  C-Grasp=35%/0.0487  C-Move=0%/0.2659  C-Rel=100%/0.2192
    ──→ container: phase 12, active=260

Iter  675:  Σrew=205.315  grad=1366.8  [phase1=7.5s bptt=18.2s elapsed=10707s]
  heads (0/5 clipped)   trunk |g|=449 lim=1500 x1.00
          reach x3  |g|=     784 lim=  3000 x1.00          move x3  |g|=     714 lim=  1000 x1.00  
        descend x3  |g|=     673 lim=  1500 x1.00         grasp x3  |g|=     282 lim=  1000 x1.00  
        release x3  |g|=      98 lim=   500 x1.00  
    container       rew= 205.315  ph=12  success=9.67/20 (48%) (partial) streak=0  | B-Reach=100%/0.0137  B-Desc=100%/0.0077  B-Grasp=95%/0.0181  B-Move=15%/0.2143  B-Rel=100%/0.1889  P-Reach=80%/0.0419  P-Desc=90%/0.0264  P-Grasp=90%/0.0195  P-Move=80%/0.0625  P-Rel=100%/0.0557  C-Reach=35%/0.0778  C-Desc=55%/0.0716  C-Grasp=25%/0.0818  C-Move=15%/0.2486  C-Rel=100%/0.2079

Iter  680:  Σrew=273.219  grad=2018.8  [phase1=7.4s bptt=18.3s elapsed=10852s]
  heads (0/5 clipped)   trunk |g|=649 lim=1500 x1.00
          reach x3  |g|=    1714 lim=  3000 x1.00          move x3  |g|=     650 lim=  1000 x1.00  
        descend x3  |g|=     490 lim=  1500 x1.00         grasp x3  |g|=     182 lim=  1000 x1.00  
        release x3  |g|=     148 lim=   500 x1.00  
    container       rew= 273.219  ph=12  success=9.67/20 (48%) (partial) streak=0  | B-Reach=100%/0.0189  B-Desc=100%/0.0084  B-Grasp=100%/0.0129  B-Move=50%/0.1401  B-Rel=100%/0.1170  P-Reach=100%/0.0290  P-Desc=90%/0.0235  P-Grasp=90%/0.0179  P-Move=90%/0.0473  P-Rel=100%/0.0532  C-Reach=95%/0.0303  C-Desc=80%/0.0421  C-Grasp=20%/0.0606  C-Move=5%/0.2881  C-Rel=100%/0.2447

Iter  685:  Σrew=283.031  grad=2791.7  [phase1=7.5s bptt=18.2s elapsed=10998s]
  heads (1/5 clipped)   trunk |g|=861 lim=1500 x1.00
          reach x3  |g|=    2003 lim=  3000 x1.00          move x3  |g|=    1414 lim=  1000 x0.71  
        descend x3  |g|=     996 lim=  1500 x1.00       release x3  |g|=     181 lim=   500 x1.00  
          grasp x3  |g|=     130 lim=  1000 x1.00  
    container       rew= 283.031  ph=12  success=11.33/20 (57%) (partial) streak=0  | B-Reach=100%/0.0137  B-Desc=100%/0.0084  B-Grasp=85%/0.0149  B-Move=40%/0.1457  B-Rel=100%/0.1390  P-Reach=100%/0.0120  P-Desc=100%/0.0076  P-Grasp=100%/0.0051  P-Move=100%/0.0185  P-Rel=100%/0.0227  C-Reach=80%/0.0413  C-Desc=60%/0.0475  C-Grasp=10%/0.0630  C-Move=0%/0.2718  C-Rel=100%/0.2220

Iter  690:  Σrew=261.290  grad=2480.4  [phase1=7.4s bptt=18.2s elapsed=11146s]
  heads (0/5 clipped)   trunk |g|=720 lim=1500 x1.00
          reach x3  |g|=    2077 lim=  3000 x1.00          move x3  |g|=     960 lim=  1000 x1.00  
        descend x3  |g|=     613 lim=  1500 x1.00         grasp x3  |g|=     144 lim=  1000 x1.00  
        release x3  |g|=      62 lim=   500 x1.00  
    container       rew= 261.290  ph=12  success=19/20 (95%) (partial) streak=0  | B-Reach=100%/0.0155  B-Desc=100%/0.0040  B-Grasp=100%/0.0039  B-Move=70%/0.0715  B-Rel=100%/0.0590  P-Reach=95%/0.0276  P-Desc=95%/0.0225  P-Grasp=95%/0.0178  P-Move=95%/0.0308  P-Rel=100%/0.0391  C-Reach=95%/0.0356  C-Desc=90%/0.0294  C-Grasp=95%/0.0282  C-Move=85%/0.0681  C-Rel=100%/0.0468

Iter  695:  Σrew=286.445  grad=2349.8  [phase1=7.4s bptt=18.2s elapsed=11292s]
  heads (0/5 clipped)   trunk |g|=694 lim=1500 x1.00
          reach x3  |g|=    1775 lim=  3000 x1.00       descend x3  |g|=    1079 lim=  1500 x1.00  
           move x3  |g|=     838 lim=  1000 x1.00         grasp x3  |g|=     129 lim=  1000 x1.00  
        release x3  |g|=      67 lim=   500 x1.00  
    container       rew= 286.445  ph=12  success=16/20 (80%) (partial) streak=0  | B-Reach=100%/0.0189  B-Desc=100%/0.0078  B-Grasp=95%/0.0152  B-Move=50%/0.1512  B-Rel=100%/0.1549  P-Reach=100%/0.0129  P-Desc=100%/0.0081  P-Grasp=100%/0.0076  P-Move=100%/0.0189  P-Rel=100%/0.0291  C-Reach=100%/0.0237  C-Desc=95%/0.0200  C-Grasp=95%/0.0207  C-Move=60%/0.1062  C-Rel=100%/0.0740
    ──→ container: phase 13, active=270

Iter  700:  Σrew=310.382  grad=2973.3  [phase1=7.8s bptt=18.9s elapsed=11443s]
  heads (1/5 clipped)   trunk |g|=875 lim=1500 x1.00
          reach x3  |g|=    1868 lim=  3000 x1.00          move x3  |g|=    1693 lim=  1000 x0.59  
        descend x3  |g|=    1231 lim=  1500 x1.00         grasp x3  |g|=     402 lim=  1000 x1.00  
        release x3  |g|=     205 lim=   500 x1.00  
    container       rew= 310.382  ph=13  success=17/20 (85%) streak=1  | B-Reach=100%/0.0148  B-Desc=100%/0.0044  B-Grasp=100%/0.0039  B-Move=95%/0.0230  B-Rel=100%/0.0451  P-Reach=100%/0.0148  P-Desc=100%/0.0103  P-Grasp=100%/0.0060  P-Move=100%/0.0202  P-Rel=100%/0.0331  C-Reach=100%/0.0251  C-Desc=100%/0.0197  C-Grasp=100%/0.0230  C-Move=55%/0.1235  C-Rel=100%/0.1183
  ✓ saved container_vision_{params,obs_rms,opt}.pkl + _{learning,gradients}.png at iter 700

Iter  705:  Σrew=308.336  grad=1483.4  [phase1=7.7s bptt=18.9s elapsed=11596s]
  heads (0/5 clipped)   trunk |g|=455 lim=1500 x1.00
          reach x3  |g|=    1005 lim=  3000 x1.00          move x3  |g|=     908 lim=  1000 x1.00  
        descend x3  |g|=     361 lim=  1500 x1.00       release x3  |g|=     136 lim=   500 x1.00  
          grasp x3  |g|=      96 lim=  1000 x1.00  
    container       rew= 308.336  ph=13  success=19.33/20 (97%) streak=2  | B-Reach=100%/0.0154  B-Desc=100%/0.0034  B-Grasp=100%/0.0031  B-Move=95%/0.0228  B-Rel=100%/0.0528  P-Reach=100%/0.0128  P-Desc=100%/0.0121  P-Grasp=100%/0.0070  P-Move=100%/0.0151  P-Rel=100%/0.0269  C-Reach=100%/0.0219  C-Desc=100%/0.0109  C-Grasp=100%/0.0085  C-Move=85%/0.0494  C-Rel=100%/0.0490
    ──→ container: phase 14, active=270

Iter  710:  Σrew=325.543  grad=1713.8  [phase1=7.7s bptt=18.9s elapsed=11747s]
  heads (0/5 clipped)   trunk |g|=658 lim=1500 x1.00
        descend x3  |g|=    1268 lim=  1500 x1.00         reach x3  |g|=     678 lim=  3000 x1.00  
           move x3  |g|=     574 lim=  1000 x1.00       release x3  |g|=     249 lim=   500 x1.00  
          grasp x3  |g|=     212 lim=  1000 x1.00  
    container       rew= 325.543  ph=14  success=15.33/20 (77%) streak=0  | B-Reach=100%/0.0156  B-Desc=100%/0.0094  B-Grasp=100%/0.0192  B-Move=0%/0.2401  B-Rel=100%/0.2076  P-Reach=100%/0.0135  P-Desc=100%/0.0123  P-Grasp=100%/0.0108  P-Move=100%/0.0145  P-Rel=100%/0.0324  C-Reach=100%/0.0168  C-Desc=100%/0.0162  C-Grasp=100%/0.0157  C-Move=80%/0.0475  C-Rel=100%/0.0625

Iter  715:  Σrew=318.984  grad=1318.4  [phase1=7.7s bptt=18.9s elapsed=11899s]
  heads (0/5 clipped)   trunk |g|=503 lim=1500 x1.00
           move x3  |g|=     718 lim=  1000 x1.00         reach x3  |g|=     697 lim=  3000 x1.00  
        descend x3  |g|=     658 lim=  1500 x1.00       release x3  |g|=     181 lim=   500 x1.00  
          grasp x3  |g|=     134 lim=  1000 x1.00  
    container       rew= 318.984  ph=14  success=19/20 (95%) streak=1  | B-Reach=100%/0.0146  B-Desc=100%/0.0036  B-Grasp=100%/0.0034  B-Move=70%/0.0685  B-Rel=100%/0.0652  P-Reach=100%/0.0198  P-Desc=100%/0.0106  P-Grasp=100%/0.0055  P-Move=100%/0.0153  P-Rel=100%/0.0310  C-Reach=100%/0.0168  C-Desc=100%/0.0109  C-Grasp=100%/0.0080  C-Move=65%/0.0614  C-Rel=100%/0.0571

Iter  720:  Σrew=329.746  grad=2841.2  [phase1=7.8s bptt=18.9s elapsed=12052s]
  heads (1/5 clipped)   trunk |g|=768 lim=1500 x1.00
          reach x3  |g|=    2288 lim=  3000 x1.00          move x3  |g|=    1424 lim=  1000 x0.70  
        descend x3  |g|=     426 lim=  1500 x1.00       release x3  |g|=     140 lim=   500 x1.00  
          grasp x3  |g|=     138 lim=  1000 x1.00  
    container       rew= 329.746  ph=14  success=15/20 (75%) streak=0  | B-Reach=100%/0.0149  B-Desc=100%/0.0066  B-Grasp=100%/0.0065  B-Move=60%/0.1005  B-Rel=100%/0.0844  P-Reach=100%/0.0097  P-Desc=100%/0.0071  P-Grasp=100%/0.0047  P-Move=100%/0.0137  P-Rel=100%/0.0363  C-Reach=100%/0.0202  C-Desc=90%/0.0273  C-Grasp=70%/0.0315  C-Move=45%/0.1521  C-Rel=100%/0.1347

Iter  725:  Σrew=339.585  grad=2750.8  [phase1=7.8s bptt=18.8s elapsed=12203s]
  heads (0/5 clipped)   trunk |g|=779 lim=1500 x1.00
          reach x3  |g|=    2225 lim=  3000 x1.00       descend x3  |g|=    1079 lim=  1500 x1.00  
           move x3  |g|=     907 lim=  1000 x1.00         grasp x3  |g|=     143 lim=  1000 x1.00  
        release x3  |g|=      61 lim=   500 x1.00  
    container       rew= 339.585  ph=14  success=12.67/20 (63%) streak=0  | B-Reach=100%/0.0144  B-Desc=100%/0.0120  B-Grasp=75%/0.0334  B-Move=5%/0.2422  B-Rel=100%/0.1999  P-Reach=100%/0.0243  P-Desc=100%/0.0153  P-Grasp=100%/0.0063  P-Move=100%/0.0141  P-Rel=100%/0.0243  C-Reach=100%/0.0164  C-Desc=100%/0.0149  C-Grasp=100%/0.0105  C-Move=80%/0.0640  C-Rel=100%/0.0791

Iter  730:  Σrew=329.904  grad=2658.6  [phase1=9.6s bptt=19.0s elapsed=12359s]
  heads (1/5 clipped)   trunk |g|=719 lim=1500 x1.00
          reach x3  |g|=    1996 lim=  3000 x1.00          move x3  |g|=    1353 lim=  1000 x0.74  
        descend x3  |g|=     815 lim=  1500 x1.00         grasp x3  |g|=     251 lim=  1000 x1.00  
        release x3  |g|=     109 lim=   500 x1.00  
    container       rew= 329.904  ph=14  success=13.67/20 (68%) streak=0  | B-Reach=100%/0.0191  B-Desc=100%/0.0176  B-Grasp=15%/0.0574  B-Move=5%/0.2527  B-Rel=100%/0.2315  P-Reach=100%/0.0120  P-Desc=100%/0.0089  P-Grasp=100%/0.0059  P-Move=85%/0.0347  P-Rel=100%/0.0299  C-Reach=100%/0.0146  C-Desc=100%/0.0099  C-Grasp=100%/0.0057  C-Move=100%/0.0159  C-Rel=100%/0.0384

Iter  735:  Σrew=333.355  grad=1969.4  [phase1=8.4s bptt=19.6s elapsed=12514s]
  heads (1/5 clipped)   trunk |g|=562 lim=1500 x1.00
          reach x3  |g|=    1484 lim=  3000 x1.00          move x3  |g|=    1094 lim=  1000 x0.91  
        descend x3  |g|=     393 lim=  1500 x1.00         grasp x3  |g|=      81 lim=  1000 x1.00  
        release x3  |g|=      58 lim=   500 x1.00  
    container       rew= 333.355  ph=14  success=17.67/20 (88%) streak=1  | B-Reach=100%/0.0128  B-Desc=100%/0.0061  B-Grasp=100%/0.0114  B-Move=55%/0.1266  B-Rel=100%/0.1333  P-Reach=100%/0.0109  P-Desc=100%/0.0093  P-Grasp=100%/0.0048  P-Move=100%/0.0200  P-Rel=100%/0.0291  C-Reach=100%/0.0175  C-Desc=95%/0.0121  C-Grasp=95%/0.0093  C-Move=90%/0.0358  C-Rel=100%/0.0618

Iter  740:  Σrew=348.911  grad=2294.9  [phase1=8.4s bptt=19.9s elapsed=12672s]
  heads (1/5 clipped)   trunk |g|=678 lim=1500 x1.00
          reach x3  |g|=    1748 lim=  3000 x1.00          move x3  |g|=    1074 lim=  1000 x0.93  
        descend x3  |g|=     753 lim=  1500 x1.00         grasp x3  |g|=     140 lim=  1000 x1.00  
        release x3  |g|=     111 lim=   500 x1.00  
    container       rew= 348.911  ph=14  success=13.67/20 (68%) streak=0  | B-Reach=100%/0.0127  B-Desc=95%/0.0176  B-Grasp=25%/0.0546  B-Move=10%/0.2823  B-Rel=100%/0.2944  P-Reach=100%/0.0188  P-Desc=100%/0.0152  P-Grasp=100%/0.0091  P-Move=100%/0.0142  P-Rel=100%/0.0224  C-Reach=100%/0.0149  C-Desc=100%/0.0131  C-Grasp=100%/0.0087  C-Move=100%/0.0111  C-Rel=100%/0.0552

Iter  745:  Σrew=315.324  grad=2061.6  [phase1=7.8s bptt=18.9s elapsed=12829s]
  heads (1/5 clipped)   trunk |g|=574 lim=1500 x1.00
           move x3  |g|=    1365 lim=  1000 x0.73         reach x3  |g|=    1266 lim=  3000 x1.00  
        descend x3  |g|=     628 lim=  1500 x1.00         grasp x3  |g|=     213 lim=  1000 x1.00  
        release x3  |g|=     125 lim=   500 x1.00  
    container       rew= 315.324  ph=14  success=17.33/20 (87%) streak=1  | B-Reach=100%/0.0123  B-Desc=100%/0.0072  B-Grasp=90%/0.0137  B-Move=25%/0.1899  B-Rel=100%/0.1865  P-Reach=90%/0.0325  P-Desc=95%/0.0262  P-Grasp=95%/0.0216  P-Move=95%/0.0304  P-Rel=100%/0.0317  C-Reach=95%/0.0269  C-Desc=95%/0.0201  C-Grasp=95%/0.0174  C-Move=95%/0.0231  C-Rel=100%/0.0484

Iter  750:  Σrew=347.405  grad=2264.1  [phase1=7.7s bptt=18.9s elapsed=12981s]
  heads (1/5 clipped)   trunk |g|=605 lim=1500 x1.00
          reach x3  |g|=    1823 lim=  3000 x1.00          move x3  |g|=    1033 lim=  1000 x0.97  
        descend x3  |g|=     556 lim=  1500 x1.00       release x3  |g|=     197 lim=   500 x1.00  
          grasp x3  |g|=     153 lim=  1000 x1.00  
    container       rew= 347.405  ph=14  success=19.33/20 (97%) streak=2  | B-Reach=100%/0.0112  B-Desc=100%/0.0067  B-Grasp=100%/0.0086  B-Move=70%/0.0626  B-Rel=100%/0.0468  P-Reach=100%/0.0120  P-Desc=100%/0.0066  P-Grasp=100%/0.0054  P-Move=100%/0.0129  P-Rel=100%/0.0310  C-Reach=100%/0.0188  C-Desc=100%/0.0136  C-Grasp=100%/0.0137  C-Move=70%/0.0626  C-Rel=100%/0.0654
  ✓ saved container_vision_{params,obs_rms,opt}.pkl + _{learning,gradients}.png at iter 750

Iter  755:  Σrew=330.200  grad=2038.4  [phase1=7.7s bptt=18.9s elapsed=13134s]
  heads (0/5 clipped)   trunk |g|=683 lim=1500 x1.00
          reach x3  |g|=    1413 lim=  3000 x1.00          move x3  |g|=     916 lim=  1000 x1.00  
        descend x3  |g|=     903 lim=  1500 x1.00       release x3  |g|=     159 lim=   500 x1.00  
          grasp x3  |g|=     110 lim=  1000 x1.00  
    container       rew= 330.200  ph=14  success=18.67/20 (93%) streak=3  | B-Reach=100%/0.0143  B-Desc=100%/0.0051  B-Grasp=100%/0.0062  B-Move=80%/0.0605  B-Rel=100%/0.0738  P-Reach=100%/0.0114  P-Desc=100%/0.0105  P-Grasp=100%/0.0070  P-Move=100%/0.0116  P-Rel=100%/0.0220  C-Reach=100%/0.0116  C-Desc=100%/0.0128  C-Grasp=95%/0.0118  C-Move=90%/0.0341  C-Rel=100%/0.0646

Iter  760:  Σrew=328.112  grad=3253.0  [phase1=7.7s bptt=18.9s elapsed=13285s]
  heads (1/5 clipped)   trunk |g|=895 lim=1500 x1.00
          reach x3  |g|=    2692 lim=  3000 x1.00          move x3  |g|=    1236 lim=  1000 x0.81  
        descend x3  |g|=     951 lim=  1500 x1.00         grasp x3  |g|=     269 lim=  1000 x1.00  
        release x3  |g|=     164 lim=   500 x1.00  
    container       rew= 328.112  ph=14  success=14.67/20 (73%) streak=0  | B-Reach=100%/0.0133  B-Desc=100%/0.0092  B-Grasp=95%/0.0245  B-Move=10%/0.2063  B-Rel=100%/0.1717  P-Reach=100%/0.0250  P-Desc=100%/0.0166  P-Grasp=100%/0.0092  P-Move=100%/0.0153  P-Rel=100%/0.0296  C-Reach=100%/0.0214  C-Desc=100%/0.0145  C-Grasp=100%/0.0127  C-Move=100%/0.0109  C-Rel=100%/0.0549

Iter  765:  Σrew=328.550  grad=2866.3  [phase1=7.8s bptt=18.9s elapsed=13437s]
  heads (1/5 clipped)   trunk |g|=735 lim=1500 x1.00
           move x3  |g|=    2285 lim=  1000 x0.44         reach x3  |g|=    1122 lim=  3000 x1.00  
        descend x3  |g|=    1057 lim=  1500 x1.00         grasp x3  |g|=     202 lim=  1000 x1.00  
        release x3  |g|=     199 lim=   500 x1.00  
    container       rew= 328.550  ph=14  success=18.33/20 (92%) streak=1  | B-Reach=100%/0.0140  B-Desc=100%/0.0046  B-Grasp=100%/0.0057  B-Move=60%/0.0876  B-Rel=100%/0.0931  P-Reach=100%/0.0218  P-Desc=100%/0.0152  P-Grasp=100%/0.0071  P-Move=95%/0.0201  P-Rel=100%/0.0249  C-Reach=95%/0.0274  C-Desc=95%/0.0246  C-Grasp=95%/0.0204  C-Move=90%/0.0391  C-Rel=100%/0.0765

Iter  770:  Σrew=325.752  grad=2807.9  [phase1=11.3s bptt=19.5s elapsed=13595s]
  heads (1/5 clipped)   trunk |g|=688 lim=1500 x1.00
          reach x3  |g|=    2000 lim=  3000 x1.00          move x3  |g|=    1599 lim=  1000 x0.63  
        descend x3  |g|=     897 lim=  1500 x1.00       release x3  |g|=     176 lim=   500 x1.00  
          grasp x3  |g|=     133 lim=  1000 x1.00  
    container       rew= 325.752  ph=14  success=19.33/20 (97%) streak=2  | B-Reach=100%/0.0120  B-Desc=100%/0.0038  B-Grasp=100%/0.0026  B-Move=80%/0.0450  B-Rel=100%/0.0469  P-Reach=95%/0.0248  P-Desc=95%/0.0235  P-Grasp=95%/0.0247  P-Move=90%/0.0334  P-Rel=100%/0.0399  C-Reach=90%/0.0390  C-Desc=90%/0.0331  C-Grasp=90%/0.0283  C-Move=85%/0.0391  C-Rel=100%/0.0562

Iter  775:  Σrew=347.810  grad=2027.8  [phase1=8.6s bptt=19.9s elapsed=13752s]
  heads (0/5 clipped)   trunk |g|=627 lim=1500 x1.00
          reach x3  |g|=    1177 lim=  3000 x1.00       descend x3  |g|=    1142 lim=  1500 x1.00  
           move x3  |g|=     992 lim=  1000 x1.00       release x3  |g|=     156 lim=   500 x1.00  
          grasp x3  |g|=     145 lim=  1000 x1.00  
    container       rew= 347.810  ph=14  success=18/20 (90%) streak=3  | B-Reach=100%/0.0115  B-Desc=100%/0.0032  B-Grasp=100%/0.0035  B-Move=75%/0.0520  B-Rel=100%/0.0580  P-Reach=100%/0.0175  P-Desc=100%/0.0105  P-Grasp=100%/0.0078  P-Move=100%/0.0128  P-Rel=100%/0.0229  C-Reach=100%/0.0144  C-Desc=100%/0.0086  C-Grasp=100%/0.0055  C-Move=100%/0.0129  C-Rel=100%/0.0462

Iter  780:  Σrew=330.294  grad=2011.9  [phase1=7.8s bptt=18.9s elapsed=13903s]
  heads (1/5 clipped)   trunk |g|=546 lim=1500 x1.00
          reach x3  |g|=    1467 lim=  3000 x1.00          move x3  |g|=    1111 lim=  1000 x0.90  
        descend x3  |g|=     551 lim=  1500 x1.00       release x3  |g|=     217 lim=   500 x1.00  
          grasp x3  |g|=     115 lim=  1000 x1.00  
    container       rew= 330.294  ph=14  success=15/20 (75%) streak=0  | B-Reach=100%/0.0156  B-Desc=100%/0.0053  B-Grasp=95%/0.0108  B-Move=70%/0.1039  B-Rel=100%/0.1345  P-Reach=100%/0.0151  P-Desc=100%/0.0116  P-Grasp=100%/0.0105  P-Move=95%/0.0190  P-Rel=100%/0.0305  C-Reach=95%/0.0304  C-Desc=95%/0.0377  C-Grasp=80%/0.0367  C-Move=45%/0.1517  C-Rel=100%/0.1424

Iter  785:  Σrew=339.073  grad=2760.6  [phase1=7.7s bptt=18.8s elapsed=14055s]
  heads (1/5 clipped)   trunk |g|=831 lim=1500 x1.00
          reach x3  |g|=    1781 lim=  3000 x1.00          move x3  |g|=    1400 lim=  1000 x0.71  
        descend x3  |g|=    1315 lim=  1500 x1.00         grasp x3  |g|=     194 lim=  1000 x1.00  
        release x3  |g|=     178 lim=   500 x1.00  
    container       rew= 339.073  ph=14  success=15.67/20 (78%) streak=0  | B-Reach=100%/0.0143  B-Desc=100%/0.0098  B-Grasp=90%/0.0209  B-Move=40%/0.1473  B-Rel=100%/0.1346  P-Reach=95%/0.0151  P-Desc=100%/0.0116  P-Grasp=100%/0.0050  P-Move=95%/0.0245  P-Rel=100%/0.0374  C-Reach=95%/0.0217  C-Desc=95%/0.0219  C-Grasp=95%/0.0224  C-Move=85%/0.0369  C-Rel=100%/0.0539

Iter  790:  Σrew=302.128  grad=2034.7  [phase1=9.5s bptt=19.0s elapsed=14208s]
  heads (1/5 clipped)   trunk |g|=605 lim=1500 x1.00
           move x3  |g|=    1387 lim=  1000 x0.72         reach x3  |g|=    1207 lim=  3000 x1.00  
        descend x3  |g|=     568 lim=  1500 x1.00         grasp x3  |g|=     232 lim=  1000 x1.00  
        release x3  |g|=     127 lim=   500 x1.00  
    container       rew= 302.128  ph=14  success=11.67/20 (58%) streak=0  | B-Reach=100%/0.0163  B-Desc=100%/0.0228  B-Grasp=10%/0.0606  B-Move=0%/0.2906  B-Rel=100%/0.2792  P-Reach=95%/0.0266  P-Desc=95%/0.0170  P-Grasp=95%/0.0094  P-Move=85%/0.0465  P-Rel=100%/0.0448  C-Reach=85%/0.0532  C-Desc=85%/0.0591  C-Grasp=85%/0.0530  C-Move=80%/0.0666  C-Rel=100%/0.0834

Iter  795:  Σrew=358.971  grad=2074.0  [phase1=7.7s bptt=18.9s elapsed=14359s]
  heads (0/5 clipped)   trunk |g|=691 lim=1500 x1.00
          reach x3  |g|=    1515 lim=  3000 x1.00          move x3  |g|=     908 lim=  1000 x1.00  
        descend x3  |g|=     815 lim=  1500 x1.00       release x3  |g|=     176 lim=   500 x1.00  
          grasp x3  |g|=     102 lim=  1000 x1.00  
    container       rew= 358.971  ph=14  success=14.33/20 (72%) streak=0  | B-Reach=100%/0.0179  B-Desc=100%/0.0031  B-Grasp=100%/0.0027  B-Move=95%/0.0217  B-Rel=100%/0.0385  P-Reach=100%/0.0097  P-Desc=100%/0.0089  P-Grasp=100%/0.0077  P-Move=100%/0.0145  P-Rel=100%/0.0216  C-Reach=100%/0.0216  C-Desc=95%/0.0270  C-Grasp=95%/0.0345  C-Move=0%/0.2396  C-Rel=100%/0.1795

Iter  800:  Σrew=363.986  grad=2959.9  [phase1=7.7s bptt=18.9s elapsed=14511s]
  heads (1/5 clipped)   trunk |g|=1004 lim=1500 x1.00
          reach x3  |g|=    1813 lim=  3000 x1.00          move x3  |g|=    1489 lim=  1000 x0.67  
        descend x3  |g|=    1466 lim=  1500 x1.00         grasp x3  |g|=     239 lim=  1000 x1.00  
        release x3  |g|=     209 lim=   500 x1.00  
    container       rew= 363.986  ph=14  success=19.67/20 (98%) streak=1  | B-Reach=100%/0.0137  B-Desc=100%/0.0043  B-Grasp=100%/0.0054  B-Move=60%/0.0794  B-Rel=100%/0.0656  P-Reach=100%/0.0114  P-Desc=100%/0.0088  P-Grasp=100%/0.0084  P-Move=100%/0.0087  P-Rel=100%/0.0313  C-Reach=100%/0.0105  C-Desc=100%/0.0146  C-Grasp=100%/0.0151  C-Move=70%/0.0596  C-Rel=100%/0.0659
  ✓ saved container_vision_{params,obs_rms,opt}.pkl + _{learning,gradients}.png at iter 800

Iter  805:  Σrew=368.526  grad=1716.2  [phase1=7.8s bptt=18.9s elapsed=14664s]
  heads (1/5 clipped)   trunk |g|=468 lim=1500 x1.00
           move x3  |g|=    1151 lim=  1000 x0.87         reach x3  |g|=     970 lim=  3000 x1.00  
        descend x3  |g|=     642 lim=  1500 x1.00       release x3  |g|=     170 lim=   500 x1.00  
          grasp x3  |g|=     141 lim=  1000 x1.00  
    container       rew= 368.526  ph=14  success=14.67/20 (73%) streak=0  | B-Reach=100%/0.0147  B-Desc=100%/0.0060  B-Grasp=90%/0.0143  B-Move=65%/0.0923  B-Rel=100%/0.0988  P-Reach=100%/0.0119  P-Desc=100%/0.0111  P-Grasp=100%/0.0057  P-Move=100%/0.0168  P-Rel=100%/0.0232  C-Reach=100%/0.0260  C-Desc=100%/0.0276  C-Grasp=85%/0.0286  C-Move=30%/0.1607  C-Rel=100%/0.1265

Iter  810:  Σrew=357.542  grad=2327.7  [phase1=8.3s bptt=19.6s elapsed=14819s]
  heads (0/5 clipped)   trunk |g|=712 lim=1500 x1.00
          reach x3  |g|=    1793 lim=  3000 x1.00          move x3  |g|=     971 lim=  1000 x1.00  
        descend x3  |g|=     847 lim=  1500 x1.00       release x3  |g|=     163 lim=   500 x1.00  
          grasp x3  |g|=      92 lim=  1000 x1.00  
    container       rew= 357.542  ph=14  success=19.33/20 (97%) streak=1  | B-Reach=100%/0.0105  B-Desc=100%/0.0027  B-Grasp=100%/0.0027  B-Move=90%/0.0422  B-Rel=100%/0.0650  P-Reach=100%/0.0103  P-Desc=100%/0.0072  P-Grasp=100%/0.0043  P-Move=100%/0.0128  P-Rel=100%/0.0283  C-Reach=100%/0.0145  C-Desc=100%/0.0125  C-Grasp=95%/0.0099  C-Move=95%/0.0292  C-Rel=100%/0.0446

Iter  815:  Σrew=365.972  grad=2517.3  [phase1=8.6s bptt=19.9s elapsed=14976s]
  heads (1/5 clipped)   trunk |g|=837 lim=1500 x1.00
          reach x3  |g|=    1442 lim=  3000 x1.00          move x3  |g|=    1425 lim=  1000 x0.70  
        descend x3  |g|=    1170 lim=  1500 x1.00         grasp x3  |g|=     323 lim=  1000 x1.00  
        release x3  |g|=     233 lim=   500 x1.00  
    container       rew= 365.972  ph=14  success=18/20 (90%) streak=2  | B-Reach=100%/0.0119  B-Desc=100%/0.0038  B-Grasp=100%/0.0061  B-Move=95%/0.0309  B-Rel=100%/0.0479  P-Reach=100%/0.0096  P-Desc=100%/0.0070  P-Grasp=100%/0.0033  P-Move=100%/0.0140  P-Rel=100%/0.0255  C-Reach=100%/0.0115  C-Desc=100%/0.0133  C-Grasp=100%/0.0105  C-Move=90%/0.0299  C-Rel=100%/0.0523

Iter  820:  Σrew=375.397  grad=2664.8  [phase1=8.6s bptt=19.9s elapsed=15137s]
  heads (1/5 clipped)   trunk |g|=829 lim=1500 x1.00
          reach x3  |g|=    1551 lim=  3000 x1.00       descend x3  |g|=    1444 lim=  1500 x1.00  
           move x3  |g|=    1370 lim=  1000 x0.73         grasp x3  |g|=     152 lim=  1000 x1.00  
        release x3  |g|=     149 lim=   500 x1.00  
    container       rew= 375.397  ph=14  success=14/20 (70%) streak=0  | B-Reach=100%/0.0137  B-Desc=100%/0.0174  B-Grasp=15%/0.0483  B-Move=5%/0.2628  B-Rel=100%/0.2555  P-Reach=90%/0.0168  P-Desc=95%/0.0140  P-Grasp=95%/0.0111  P-Move=95%/0.0223  P-Rel=100%/0.0300  C-Reach=100%/0.0135  C-Desc=100%/0.0100  C-Grasp=100%/0.0063  C-Move=95%/0.0165  C-Rel=100%/0.0458

Iter  825:  Σrew=364.698  grad=2076.3  [phase1=8.6s bptt=20.0s elapsed=15296s]
  heads (0/5 clipped)   trunk |g|=492 lim=1500 x1.00
          reach x3  |g|=    1523 lim=  3000 x1.00       descend x3  |g|=     929 lim=  1500 x1.00  
           move x3  |g|=     923 lim=  1000 x1.00         grasp x3  |g|=     171 lim=  1000 x1.00  
        release x3  |g|=      68 lim=   500 x1.00  
    container       rew= 364.698  ph=14  success=15.67/20 (78%) streak=0  | B-Reach=100%/0.0162  B-Desc=100%/0.0096  B-Grasp=60%/0.0265  B-Move=35%/0.1616  B-Rel=100%/0.1408  P-Reach=100%/0.0131  P-Desc=100%/0.0111  P-Grasp=100%/0.0067  P-Move=95%/0.0212  P-Rel=100%/0.0271  C-Reach=100%/0.0141  C-Desc=100%/0.0166  C-Grasp=100%/0.0159  C-Move=65%/0.0663  C-Rel=100%/0.0529

Iter  830:  Σrew=358.974  grad=3394.8  [phase1=8.7s bptt=19.8s elapsed=15452s]
  heads (0/5 clipped)   trunk |g|=1179 lim=1500 x1.00
          reach x3  |g|=    2751 lim=  3000 x1.00       descend x3  |g|=    1438 lim=  1500 x1.00  
           move x3  |g|=     653 lim=  1000 x1.00         grasp x3  |g|=     267 lim=  1000 x1.00  
        release x3  |g|=      59 lim=   500 x1.00  
    container       rew= 358.974  ph=14  success=13/20 (65%) streak=0  | B-Reach=100%/0.0098  B-Desc=100%/0.0038  B-Grasp=100%/0.0041  B-Move=85%/0.0463  B-Rel=100%/0.0458  P-Reach=100%/0.0128  P-Desc=100%/0.0113  P-Grasp=100%/0.0089  P-Move=100%/0.0118  P-Rel=100%/0.0229  C-Reach=100%/0.0275  C-Desc=100%/0.0315  C-Grasp=50%/0.0403  C-Move=0%/0.2522  C-Rel=100%/0.1977

Iter  835:  Σrew=366.263  grad=2466.6  [phase1=11.5s bptt=20.1s elapsed=15615s]
  heads (1/5 clipped)   trunk |g|=672 lim=1500 x1.00
          reach x3  |g|=    1525 lim=  3000 x1.00          move x3  |g|=    1497 lim=  1000 x0.67  
        descend x3  |g|=     983 lim=  1500 x1.00         grasp x3  |g|=     291 lim=  1000 x1.00  
        release x3  |g|=     122 lim=   500 x1.00  
    container       rew= 366.263  ph=14  success=14/20 (70%) streak=0  | B-Reach=100%/0.0196  B-Desc=100%/0.0109  B-Grasp=70%/0.0312  B-Move=10%/0.2135  B-Rel=100%/0.1616  P-Reach=100%/0.0185  P-Desc=100%/0.0125  P-Grasp=100%/0.0121  P-Move=95%/0.0179  P-Rel=100%/0.0274  C-Reach=100%/0.0233  C-Desc=100%/0.0204  C-Grasp=95%/0.0196  C-Move=50%/0.1032  C-Rel=100%/0.0815

Iter  840:  Σrew=307.253  grad=2988.8  [phase1=7.9s bptt=19.2s elapsed=15773s]
  heads (1/5 clipped)   trunk |g|=1129 lim=1500 x1.00
          reach x3  |g|=    1832 lim=  3000 x1.00       descend x3  |g|=    1797 lim=  1500 x0.83  
           move x3  |g|=     938 lim=  1000 x1.00         grasp x3  |g|=     425 lim=  1000 x1.00  
        release x3  |g|=     123 lim=   500 x1.00  
    container       rew= 307.253  ph=14  success=14.67/20 (73%) streak=0  | B-Reach=100%/0.0147  B-Desc=100%/0.0061  B-Grasp=85%/0.0163  B-Move=25%/0.1638  B-Rel=100%/0.1359  P-Reach=100%/0.0172  P-Desc=95%/0.0122  P-Grasp=100%/0.0073  P-Move=70%/0.0778  P-Rel=100%/0.0710  C-Reach=90%/0.0340  C-Desc=90%/0.0318  C-Grasp=90%/0.0290  C-Move=85%/0.0469  C-Rel=100%/0.0641

Iter  845:  Σrew=360.271  grad=2549.5  [phase1=7.7s bptt=18.9s elapsed=15924s]
  heads (1/5 clipped)   trunk |g|=926 lim=1500 x1.00
          reach x3  |g|=    1463 lim=  3000 x1.00       descend x3  |g|=    1389 lim=  1500 x1.00  
           move x3  |g|=    1216 lim=  1000 x0.82         grasp x3  |g|=     282 lim=  1000 x1.00  
        release x3  |g|=     129 lim=   500 x1.00  
    container       rew= 360.271  ph=14  success=15.33/20 (77%) streak=0  | B-Reach=100%/0.0109  B-Desc=100%/0.0043  B-Grasp=100%/0.0052  B-Move=50%/0.0934  B-Rel=100%/0.0670  P-Reach=100%/0.0131  P-Desc=100%/0.0106  P-Grasp=100%/0.0080  P-Move=100%/0.0114  P-Rel=100%/0.0250  C-Reach=100%/0.0230  C-Desc=100%/0.0280  C-Grasp=70%/0.0295  C-Move=15%/0.1819  C-Rel=100%/0.1329

Iter  850:  Σrew=370.848  grad=2197.2  [phase1=7.8s bptt=18.9s elapsed=16076s]
  heads (1/5 clipped)   trunk |g|=717 lim=1500 x1.00
          reach x3  |g|=    1495 lim=  3000 x1.00          move x3  |g|=    1221 lim=  1000 x0.82  
        descend x3  |g|=     665 lim=  1500 x1.00         grasp x3  |g|=     323 lim=  1000 x1.00  
        release x3  |g|=     204 lim=   500 x1.00  
    container       rew= 370.848  ph=14  success=18/20 (90%) streak=1  | B-Reach=100%/0.0162  B-Desc=100%/0.0048  B-Grasp=100%/0.0050  B-Move=80%/0.0490  B-Rel=100%/0.0649  P-Reach=100%/0.0228  P-Desc=95%/0.0162  P-Grasp=95%/0.0077  P-Move=95%/0.0224  P-Rel=100%/0.0290  C-Reach=100%/0.0182  C-Desc=100%/0.0191  C-Grasp=95%/0.0164  C-Move=85%/0.0498  C-Rel=100%/0.0647
  ✓ saved container_vision_{params,obs_rms,opt}.pkl + _{learning,gradients}.png at iter 850

Iter  855:  Σrew=358.749  grad=2055.6  [phase1=7.8s bptt=18.9s elapsed=16229s]
  heads (0/5 clipped)   trunk |g|=614 lim=1500 x1.00
        descend x3  |g|=    1393 lim=  1500 x1.00         reach x3  |g|=     990 lim=  3000 x1.00  
           move x3  |g|=     878 lim=  1000 x1.00         grasp x3  |g|=     350 lim=  1000 x1.00  
        release x3  |g|=     181 lim=   500 x1.00  
    container       rew= 358.749  ph=14  success=19.33/20 (97%) streak=2  | B-Reach=100%/0.0098  B-Desc=100%/0.0030  B-Grasp=100%/0.0038  B-Move=45%/0.1034  B-Rel=100%/0.0848  P-Reach=100%/0.0079  P-Desc=100%/0.0044  P-Grasp=100%/0.0034  P-Move=95%/0.0170  P-Rel=100%/0.0181  C-Reach=100%/0.0151  C-Desc=100%/0.0104  C-Grasp=100%/0.0090  C-Move=85%/0.0379  C-Rel=100%/0.0595

Iter  860:  Σrew=365.249  grad=2697.6  [phase1=7.7s bptt=18.9s elapsed=16381s]
  heads (1/5 clipped)   trunk |g|=1030 lim=1500 x1.00
        descend x3  |g|=    1783 lim=  1500 x0.84         reach x3  |g|=    1401 lim=  3000 x1.00  
           move x3  |g|=     984 lim=  1000 x1.00         grasp x3  |g|=     284 lim=  1000 x1.00  
        release x3  |g|=     157 lim=   500 x1.00  
    container       rew= 365.249  ph=14  success=18.67/20 (93%) streak=3  | B-Reach=100%/0.0142  B-Desc=100%/0.0037  B-Grasp=100%/0.0025  B-Move=90%/0.0399  B-Rel=100%/0.0670  P-Reach=100%/0.0161  P-Desc=100%/0.0147  P-Grasp=100%/0.0042  P-Move=100%/0.0112  P-Rel=100%/0.0216  C-Reach=100%/0.0110  C-Desc=100%/0.0105  C-Grasp=100%/0.0073  C-Move=90%/0.0301  C-Rel=100%/0.0460

Iter  865:  Σrew=370.622  grad=3474.7  [phase1=7.7s bptt=18.9s elapsed=16532s]
  heads (1/5 clipped)   trunk |g|=859 lim=1500 x1.00
          reach x3  |g|=    2797 lim=  3000 x1.00          move x3  |g|=    1460 lim=  1000 x0.69  
        descend x3  |g|=    1153 lim=  1500 x1.00       release x3  |g|=     172 lim=   500 x1.00  
          grasp x3  |g|=     157 lim=  1000 x1.00  
    container       rew= 370.622  ph=14  success=11.67/20 (58%) streak=0  | B-Reach=100%/0.0123  B-Desc=100%/0.0088  B-Grasp=75%/0.0264  B-Move=30%/0.1839  B-Rel=100%/0.1633  P-Reach=100%/0.0298  P-Desc=90%/0.0244  P-Grasp=90%/0.0167  P-Move=85%/0.0457  P-Rel=100%/0.0548  C-Reach=100%/0.0273  C-Desc=100%/0.0269  C-Grasp=80%/0.0297  C-Move=15%/0.1885  C-Rel=100%/0.1337

Iter  870:  Σrew=371.980  grad=2205.5  [phase1=7.7s bptt=18.9s elapsed=16686s]
  heads (1/5 clipped)   trunk |g|=781 lim=1500 x1.00
           move x3  |g|=    1189 lim=  1000 x0.84         reach x3  |g|=    1185 lim=  3000 x1.00  
        descend x3  |g|=    1178 lim=  1500 x1.00         grasp x3  |g|=     202 lim=  1000 x1.00  
        release x3  |g|=      87 lim=   500 x1.00  
    container       rew= 371.980  ph=14  success=13/20 (65%) streak=0  | B-Reach=100%/0.0142  B-Desc=100%/0.0069  B-Grasp=100%/0.0174  B-Move=40%/0.1650  B-Rel=100%/0.1624  P-Reach=100%/0.0128  P-Desc=100%/0.0140  P-Grasp=100%/0.0113  P-Move=100%/0.0124  P-Rel=100%/0.0305  C-Reach=100%/0.0184  C-Desc=100%/0.0233  C-Grasp=95%/0.0246  C-Move=15%/0.1787  C-Rel=100%/0.1210

Iter  875:  Σrew=352.093  grad=2767.8  [phase1=8.5s bptt=19.6s elapsed=16840s]
  heads (1/5 clipped)   trunk |g|=1016 lim=1500 x1.00
          reach x3  |g|=    1751 lim=  3000 x1.00          move x3  |g|=    1515 lim=  1000 x0.66  
        descend x3  |g|=    1100 lim=  1500 x1.00         grasp x3  |g|=     179 lim=  1000 x1.00  
        release x3  |g|=     153 lim=   500 x1.00  
    container       rew= 352.093  ph=14  success=18.67/20 (93%) streak=1  | B-Reach=100%/0.0125  B-Desc=100%/0.0055  B-Grasp=100%/0.0084  B-Move=70%/0.0774  B-Rel=100%/0.0964  P-Reach=100%/0.0102  P-Desc=100%/0.0071  P-Grasp=100%/0.0041  P-Move=100%/0.0118  P-Rel=100%/0.0221  C-Reach=100%/0.0158  C-Desc=100%/0.0124  C-Grasp=90%/0.0112  C-Move=80%/0.0529  C-Rel=100%/0.0647

Iter  880:  Σrew=360.350  grad=3123.7  [phase1=8.9s bptt=20.0s elapsed=16999s]
  heads (1/5 clipped)   trunk |g|=1180 lim=1500 x1.00
          reach x3  |g|=    2092 lim=  3000 x1.00       descend x3  |g|=    1737 lim=  1500 x0.86  
           move x3  |g|=     899 lim=  1000 x1.00         grasp x3  |g|=     359 lim=  1000 x1.00  
        release x3  |g|=     186 lim=   500 x1.00  
    container       rew= 360.350  ph=14  success=13.67/20 (68%) streak=0  | B-Reach=100%/0.0124  B-Desc=95%/0.0168  B-Grasp=25%/0.0435  B-Move=5%/0.2621  B-Rel=100%/0.2522  P-Reach=95%/0.0251  P-Desc=95%/0.0218  P-Grasp=95%/0.0136  P-Move=95%/0.0227  P-Rel=100%/0.0301  C-Reach=100%/0.0180  C-Desc=100%/0.0236  C-Grasp=100%/0.0241  C-Move=0%/0.1793  C-Rel=100%/0.0991

Iter  885:  Σrew=362.099  grad=2348.5  [phase1=7.7s bptt=18.9s elapsed=17151s]
  heads (0/5 clipped)   trunk |g|=723 lim=1500 x1.00
          reach x3  |g|=    1866 lim=  3000 x1.00          move x3  |g|=     972 lim=  1000 x1.00  
        descend x3  |g|=     721 lim=  1500 x1.00         grasp x3  |g|=     186 lim=  1000 x1.00  
        release x3  |g|=     112 lim=   500 x1.00  
    container       rew= 362.099  ph=14  success=19/20 (95%) streak=1  | B-Reach=100%/0.0114  B-Desc=100%/0.0075  B-Grasp=95%/0.0089  B-Move=20%/0.1400  B-Rel=100%/0.1007  P-Reach=100%/0.0168  P-Desc=100%/0.0135  P-Grasp=100%/0.0070  P-Move=100%/0.0104  P-Rel=100%/0.0234  C-Reach=95%/0.0235  C-Desc=95%/0.0276  C-Grasp=95%/0.0251  C-Move=40%/0.1133  C-Rel=100%/0.0847

Iter  890:  Σrew=376.692  grad=2510.5  [phase1=7.7s bptt=18.9s elapsed=17305s]
  heads (1/5 clipped)   trunk |g|=822 lim=1500 x1.00
          reach x3  |g|=    1633 lim=  3000 x1.00          move x3  |g|=    1292 lim=  1000 x0.77  
        descend x3  |g|=    1082 lim=  1500 x1.00         grasp x3  |g|=     247 lim=  1000 x1.00  
        release x3  |g|=     245 lim=   500 x1.00  
    container       rew= 376.692  ph=14  success=16.67/20 (83%) streak=2  | B-Reach=100%/0.0167  B-Desc=100%/0.0097  B-Grasp=85%/0.0148  B-Move=15%/0.1755  B-Rel=100%/0.1220  P-Reach=90%/0.0236  P-Desc=90%/0.0217  P-Grasp=90%/0.0098  P-Move=90%/0.0367  P-Rel=100%/0.0400  C-Reach=100%/0.0110  C-Desc=100%/0.0104  C-Grasp=95%/0.0082  C-Move=85%/0.0382  C-Rel=100%/0.0578

Iter  895:  Σrew=360.015  grad=2368.2  [phase1=7.7s bptt=18.9s elapsed=17456s]
  heads (1/5 clipped)   trunk |g|=626 lim=1500 x1.00
           move x3  |g|=    1491 lim=  1000 x0.67       descend x3  |g|=    1276 lim=  1500 x1.00  
          reach x3  |g|=    1144 lim=  3000 x1.00         grasp x3  |g|=     216 lim=  1000 x1.00  
        release x3  |g|=     110 lim=   500 x1.00  
    container       rew= 360.015  ph=14  success=15.33/20 (77%) streak=0  | B-Reach=100%/0.0135  B-Desc=100%/0.0073  B-Grasp=90%/0.0168  B-Move=25%/0.1905  B-Rel=100%/0.1858  P-Reach=100%/0.0102  P-Desc=100%/0.0073  P-Grasp=100%/0.0032  P-Move=85%/0.0481  P-Rel=100%/0.0496  C-Reach=90%/0.0150  C-Desc=100%/0.0098  C-Grasp=95%/0.0092  C-Move=85%/0.0395  C-Rel=100%/0.0644

Iter  900:  Σrew=374.742  grad=1593.1  [phase1=7.8s bptt=18.9s elapsed=17607s]
  heads (0/5 clipped)   trunk |g|=591 lim=1500 x1.00
          reach x3  |g|=     947 lim=  3000 x1.00       descend x3  |g|=     863 lim=  1500 x1.00  
           move x3  |g|=     705 lim=  1000 x1.00         grasp x3  |g|=     216 lim=  1000 x1.00  
        release x3  |g|=      56 lim=   500 x1.00  
    container       rew= 374.742  ph=14  success=19/20 (95%) streak=1  | B-Reach=100%/0.0112  B-Desc=100%/0.0022  B-Grasp=100%/0.0027  B-Move=100%/0.0122  B-Rel=100%/0.0555  P-Reach=100%/0.0071  P-Desc=100%/0.0066  P-Grasp=100%/0.0049  P-Move=95%/0.0152  P-Rel=100%/0.0168  C-Reach=100%/0.0104  C-Desc=100%/0.0064  C-Grasp=100%/0.0047  C-Move=85%/0.0314  C-Rel=100%/0.0469
  ✓ saved container_vision_{params,obs_rms,opt}.pkl + _{learning,gradients}.png at iter 900

Iter  905:  Σrew=333.896  grad=2372.1  [phase1=7.7s bptt=18.9s elapsed=17761s]
  heads (0/5 clipped)   trunk |g|=701 lim=1500 x1.00
          reach x3  |g|=    1919 lim=  3000 x1.00          move x3  |g|=     886 lim=  1000 x1.00  
        descend x3  |g|=     807 lim=  1500 x1.00         grasp x3  |g|=      91 lim=  1000 x1.00  
        release x3  |g|=      87 lim=   500 x1.00  
    container       rew= 333.896  ph=14  success=17.33/20 (87%) streak=2  | B-Reach=100%/0.0097  B-Desc=100%/0.0040  B-Grasp=100%/0.0042  B-Move=90%/0.0332  B-Rel=100%/0.0377  P-Reach=100%/0.0123  P-Desc=100%/0.0097  P-Grasp=100%/0.0085  P-Move=80%/0.0598  P-Rel=100%/0.0616  C-Reach=80%/0.0616  C-Desc=80%/0.0608  C-Grasp=80%/0.0590  C-Move=60%/0.0919  C-Rel=100%/0.0805

Iter  910:  Σrew=354.649  grad=1778.1  [phase1=7.8s bptt=18.9s elapsed=17912s]
  heads (0/5 clipped)   trunk |g|=599 lim=1500 x1.00
          reach x3  |g|=    1271 lim=  3000 x1.00          move x3  |g|=     837 lim=  1000 x1.00  
        descend x3  |g|=     676 lim=  1500 x1.00       release x3  |g|=     147 lim=   500 x1.00  
          grasp x3  |g|=      92 lim=  1000 x1.00  
    container       rew= 354.649  ph=14  success=16.33/20 (82%) streak=3  | B-Reach=100%/0.0167  B-Desc=100%/0.0072  B-Grasp=85%/0.0166  B-Move=45%/0.1216  B-Rel=100%/0.0894  P-Reach=100%/0.0255  P-Desc=95%/0.0184  P-Grasp=95%/0.0091  P-Move=75%/0.0597  P-Rel=100%/0.0439  C-Reach=95%/0.0285  C-Desc=95%/0.0281  C-Grasp=95%/0.0255  C-Move=85%/0.0373  C-Rel=100%/0.0529

Iter  915:  Σrew=353.063  grad=2443.2  [phase1=7.7s bptt=18.9s elapsed=18063s]
  heads (1/5 clipped)   trunk |g|=739 lim=1500 x1.00
          reach x3  |g|=    1990 lim=  3000 x1.00          move x3  |g|=    1126 lim=  1000 x0.89  
        descend x3  |g|=     413 lim=  1500 x1.00         grasp x3  |g|=     126 lim=  1000 x1.00  
        release x3  |g|=      94 lim=   500 x1.00  
    container       rew= 353.063  ph=14  success=6.67/20 (33%) streak=0  | B-Reach=100%/0.0295  B-Desc=95%/0.0185  B-Grasp=40%/0.0473  B-Move=5%/0.2557  B-Rel=100%/0.2349  P-Reach=90%/0.0363  P-Desc=65%/0.0334  P-Grasp=65%/0.0255  P-Move=55%/0.1217  P-Rel=100%/0.1045  C-Reach=90%/0.0496  C-Desc=90%/0.0549  C-Grasp=75%/0.0537  C-Move=15%/0.2094  C-Rel=100%/0.1639

Iter  920:  Σrew=375.960  grad=2504.8  [phase1=7.7s bptt=18.9s elapsed=18215s]
  heads (0/5 clipped)   trunk |g|=759 lim=1500 x1.00
          reach x3  |g|=    2116 lim=  3000 x1.00          move x3  |g|=     932 lim=  1000 x1.00  
        descend x3  |g|=     517 lim=  1500 x1.00         grasp x3  |g|=     216 lim=  1000 x1.00  
        release x3  |g|=     196 lim=   500 x1.00  
    container       rew= 375.960  ph=14  success=18.33/20 (92%) streak=1  | B-Reach=100%/0.0177  B-Desc=100%/0.0057  B-Grasp=95%/0.0110  B-Move=75%/0.0683  B-Rel=100%/0.0679  P-Reach=100%/0.0155  P-Desc=100%/0.0123  P-Grasp=100%/0.0024  P-Move=95%/0.0150  P-Rel=100%/0.0227  C-Reach=100%/0.0081  C-Desc=100%/0.0102  C-Grasp=100%/0.0059  C-Move=100%/0.0126  C-Rel=100%/0.0402

Iter  925:  Σrew=338.906  grad=3151.7  [phase1=7.7s bptt=18.9s elapsed=18368s]
  heads (1/5 clipped)   trunk |g|=882 lim=1500 x1.00
          reach x3  |g|=    2506 lim=  3000 x1.00          move x3  |g|=    1454 lim=  1000 x0.69  
        descend x3  |g|=     817 lim=  1500 x1.00         grasp x3  |g|=     260 lim=  1000 x1.00  
        release x3  |g|=     170 lim=   500 x1.00  
    container       rew= 338.906  ph=14  success=14.67/20 (73%) streak=0  | B-Reach=100%/0.0132  B-Desc=100%/0.0067  B-Grasp=80%/0.0185  B-Move=45%/0.1667  B-Rel=100%/0.1854  P-Reach=100%/0.0100  P-Desc=100%/0.0090  P-Grasp=100%/0.0046  P-Move=80%/0.0616  P-Rel=100%/0.0547  C-Reach=80%/0.0656  C-Desc=80%/0.0638  C-Grasp=80%/0.0587  C-Move=80%/0.0572  C-Rel=100%/0.0644

Iter  930:  Σrew=303.696  grad=2633.8  [phase1=7.7s bptt=18.9s elapsed=18519s]
  heads (0/5 clipped)   trunk |g|=896 lim=1500 x1.00
          reach x3  |g|=    1949 lim=  3000 x1.00       descend x3  |g|=    1191 lim=  1500 x1.00  
           move x3  |g|=     923 lim=  1000 x1.00         grasp x3  |g|=     209 lim=  1000 x1.00  
        release x3  |g|=     143 lim=   500 x1.00  
    container       rew= 303.696  ph=14  success=14.33/20 (72%) streak=0  | B-Reach=100%/0.0109  B-Desc=100%/0.0049  B-Grasp=95%/0.0103  B-Move=45%/0.1348  B-Rel=100%/0.1210  P-Reach=100%/0.0147  P-Desc=100%/0.0119  P-Grasp=100%/0.0035  P-Move=60%/0.1061  P-Rel=100%/0.0924  C-Reach=75%/0.0831  C-Desc=75%/0.0804  C-Grasp=75%/0.0767  C-Move=75%/0.0740  C-Rel=100%/0.0796

Iter  935:  Σrew=347.889  grad=2682.6  [phase1=7.7s bptt=18.9s elapsed=18671s]
  heads (0/5 clipped)   trunk |g|=836 lim=1500 x1.00
          reach x3  |g|=    2015 lim=  3000 x1.00       descend x3  |g|=    1180 lim=  1500 x1.00  
           move x3  |g|=     984 lim=  1000 x1.00         grasp x3  |g|=     264 lim=  1000 x1.00  
        release x3  |g|=      86 lim=   500 x1.00  
    container       rew= 347.889  ph=14  success=16.33/20 (82%) streak=1  | B-Reach=100%/0.0104  B-Desc=100%/0.0039  B-Grasp=100%/0.0028  B-Move=75%/0.0568  B-Rel=100%/0.0624  P-Reach=100%/0.0203  P-Desc=100%/0.0160  P-Grasp=100%/0.0059  P-Move=85%/0.0499  P-Rel=100%/0.0565  C-Reach=95%/0.0264  C-Desc=95%/0.0235  C-Grasp=80%/0.0247  C-Move=65%/0.0981  C-Rel=100%/0.0935

Iter  940:  Σrew=341.381  grad=1998.5  [phase1=11.3s bptt=19.3s elapsed=18828s]
  heads (1/5 clipped)   trunk |g|=582 lim=1500 x1.00
           move x3  |g|=    1497 lim=  1000 x0.67       descend x3  |g|=    1027 lim=  1500 x1.00  
          reach x3  |g|=     565 lim=  3000 x1.00         grasp x3  |g|=     154 lim=  1000 x1.00  
        release x3  |g|=     135 lim=   500 x1.00  
    container       rew= 341.381  ph=14  success=14.33/20 (72%) streak=0  | B-Reach=100%/0.0111  B-Desc=100%/0.0084  B-Grasp=90%/0.0202  B-Move=5%/0.2251  B-Rel=100%/0.2012  P-Reach=100%/0.0094  P-Desc=100%/0.0088  P-Grasp=100%/0.0051  P-Move=75%/0.0728  P-Rel=100%/0.0669  C-Reach=90%/0.0349  C-Desc=90%/0.0363  C-Grasp=90%/0.0309  C-Move=80%/0.0537  C-Rel=100%/0.0807

Iter  945:  Σrew=366.064  grad=2324.1  [phase1=8.8s bptt=19.7s elapsed=18985s]
  heads (1/5 clipped)   trunk |g|=841 lim=1500 x1.00
        descend x3  |g|=    1395 lim=  1500 x1.00         reach x3  |g|=    1192 lim=  3000 x1.00  
           move x3  |g|=    1142 lim=  1000 x0.88         grasp x3  |g|=     133 lim=  1000 x1.00  
        release x3  |g|=      65 lim=   500 x1.00  
    container       rew= 366.064  ph=14  success=18.33/20 (92%) streak=1  | B-Reach=100%/0.0137  B-Desc=100%/0.0027  B-Grasp=100%/0.0035  B-Move=90%/0.0393  B-Rel=100%/0.0533  P-Reach=95%/0.0396  P-Desc=90%/0.0363  P-Grasp=90%/0.0231  P-Move=85%/0.0486  P-Rel=100%/0.0500  C-Reach=95%/0.0235  C-Desc=95%/0.0264  C-Grasp=95%/0.0250  C-Move=70%/0.0681  C-Rel=100%/0.0639

Iter  950:  Σrew=362.244  grad=2911.7  [phase1=8.5s bptt=19.5s elapsed=19139s]
  heads (1/5 clipped)   trunk |g|=1014 lim=1500 x1.00
           move x3  |g|=    1709 lim=  1000 x0.59         reach x3  |g|=    1697 lim=  3000 x1.00  
        descend x3  |g|=    1213 lim=  1500 x1.00         grasp x3  |g|=     397 lim=  1000 x1.00  
        release x3  |g|=     138 lim=   500 x1.00  
    container       rew= 362.244  ph=14  success=15.67/20 (78%) streak=0  | B-Reach=100%/0.0108  B-Desc=100%/0.0052  B-Grasp=95%/0.0104  B-Move=70%/0.0773  B-Rel=100%/0.0760  P-Reach=95%/0.0227  P-Desc=95%/0.0204  P-Grasp=95%/0.0181  P-Move=95%/0.0250  P-Rel=100%/0.0347  C-Reach=95%/0.0303  C-Desc=95%/0.0281  C-Grasp=75%/0.0310  C-Move=45%/0.1262  C-Rel=100%/0.1067
  ✓ saved container_vision_{params,obs_rms,opt}.pkl + _{learning,gradients}.png at iter 950

Iter  955:  Σrew=379.741  grad=2386.9  [phase1=8.5s bptt=20.2s elapsed=19300s]
  heads (1/5 clipped)   trunk |g|=736 lim=1500 x1.00
          reach x3  |g|=    1591 lim=  3000 x1.00          move x3  |g|=    1171 lim=  1000 x0.85  
        descend x3  |g|=    1104 lim=  1500 x1.00       release x3  |g|=     149 lim=   500 x1.00  
          grasp x3  |g|=     112 lim=  1000 x1.00  
    container       rew= 379.741  ph=14  success=18/20 (90%) streak=1  | B-Reach=100%/0.0113  B-Desc=100%/0.0028  B-Grasp=100%/0.0031  B-Move=100%/0.0130  B-Rel=100%/0.0527  P-Reach=90%/0.0270  P-Desc=90%/0.0242  P-Grasp=90%/0.0107  P-Move=90%/0.0394  P-Rel=100%/0.0467  C-Reach=100%/0.0192  C-Desc=100%/0.0193  C-Grasp=100%/0.0173  C-Move=45%/0.1070  C-Rel=100%/0.0685

Iter  960:  Σrew=387.417  grad=3405.7  [phase1=8.6s bptt=20.3s elapsed=19459s]
  heads (1/5 clipped)   trunk |g|=916 lim=1500 x1.00
          reach x3  |g|=    2570 lim=  3000 x1.00          move x3  |g|=    1499 lim=  1000 x0.67  
        descend x3  |g|=    1358 lim=  1500 x1.00       release x3  |g|=     238 lim=   500 x1.00  
          grasp x3  |g|=      75 lim=  1000 x1.00  
    container       rew= 387.417  ph=14  success=19/20 (95%) streak=2  | B-Reach=100%/0.0111  B-Desc=100%/0.0040  B-Grasp=95%/0.0087  B-Move=65%/0.0743  B-Rel=100%/0.0787  P-Reach=100%/0.0112  P-Desc=100%/0.0090  P-Grasp=100%/0.0026  P-Move=100%/0.0085  P-Rel=100%/0.0234  C-Reach=100%/0.0068  C-Desc=100%/0.0044  C-Grasp=100%/0.0026  C-Move=100%/0.0076  C-Rel=100%/0.0373

Iter  965:  Σrew=379.493  grad=2231.1  [phase1=8.5s bptt=20.1s elapsed=19618s]
  heads (1/5 clipped)   trunk |g|=642 lim=1500 x1.00
          reach x3  |g|=    1440 lim=  3000 x1.00          move x3  |g|=    1304 lim=  1000 x0.77  
        descend x3  |g|=     842 lim=  1500 x1.00       release x3  |g|=     234 lim=   500 x1.00  
          grasp x3  |g|=     165 lim=  1000 x1.00  
    container       rew= 379.493  ph=14  success=18/20 (90%) streak=3  | B-Reach=100%/0.0110  B-Desc=100%/0.0060  B-Grasp=95%/0.0099  B-Move=70%/0.0821  B-Rel=100%/0.0776  P-Reach=100%/0.0128  P-Desc=100%/0.0107  P-Grasp=100%/0.0040  P-Move=100%/0.0105  P-Rel=100%/0.0311  C-Reach=100%/0.0059  C-Desc=100%/0.0050  C-Grasp=100%/0.0034  C-Move=100%/0.0085  C-Rel=100%/0.0428

Iter  970:  Σrew=381.818  grad=2511.0  [phase1=8.4s bptt=20.3s elapsed=19777s]
  heads (1/5 clipped)   trunk |g|=672 lim=1500 x1.00
          reach x3  |g|=    1838 lim=  3000 x1.00          move x3  |g|=    1188 lim=  1000 x0.84  
        descend x3  |g|=    1010 lim=  1500 x1.00       release x3  |g|=     187 lim=   500 x1.00  
          grasp x3  |g|=     103 lim=  1000 x1.00  
  ✓ container       rew= 381.818  ph=14  success=18.67/20 (93%) streak=4  | B-Reach=100%/0.0107  B-Desc=100%/0.0066  B-Grasp=95%/0.0126  B-Move=25%/0.1452  B-Rel=100%/0.1139  P-Reach=100%/0.0217  P-Desc=100%/0.0168  P-Grasp=100%/0.0039  P-Move=100%/0.0091  P-Rel=100%/0.0225  C-Reach=100%/0.0069  C-Desc=100%/0.0042  C-Grasp=100%/0.0031  C-Move=100%/0.0075  C-Rel=100%/0.0440

✓ All 1 tasks solved (4 consecutive ≥80%) at iter 970.

Training stopped: all tasks solved after 970 iters, 19794.1s this run
  ✓ saved container_vision_{params,obs_rms,opt}.pkl + _{learning,gradients}.png at iter 970 (final)
